Date,2193340,2338523,2339495,2343225,2343940,2361000,2364500,2369800,2371500,2372250,2373000,2374500,2374745,2388975,2408540,2422500,2427250,2350600,2450250,2450825,2464000,2467500,2469800,2470072,2472000,2472850,2479155,2481510,3544970,3574500,2370000,2367310,2365769,2365470,2327100,2326000,2324000,2322700,2315550,2315500,2228500,2299950,2298608,2312200,2297155,2296500,2298123,2295013,2266200,2268390
2018-01-01,7534.18,46740.6,156185,515601,38473.1,1.20225e+06,2.66105e+06,247197,958295,907568,940059,515451,465684,312469,499067,6.7018e+06,557422,249010,194763,227442,294186,424708,326460,13610.6,943793,608427,175498,674518,182630,781424,903261,211966,69077.1,147058,18194.5,79585.3,173008,722893,960013,821802,128051,32694.7,25206.5,27553.3,11317.1,77498.4,99107.3,11388.7,17048.2,103000
2018-01-02,6898.45,45069.5,129815,482505,35838,1.10475e+06,2.42355e+06,234395,850050,839760,842980,496170,440955,306995,463710,6.44655e+06,525995,234700,173480,212110,258715,399895,298015,12002,915190,536735,165125,621490,177205,718280,881685,209730,64351,135520,13874,77054,158690,721600,918805,774175,117890,30348.5,22992,25235,10196.5,71754.5,90464,10512.5,15961.5,101280
2018-01-03,6412.6,43683.5,110190,454030,33461,1.02537e+06,2.21405e+06,223540,765125,785745,759650,479035,419715,302360,433240,6.2198e+06,497075,221520,156400,199155,230140,378705,276530,10659.5,888890,514500,156105,572720,172570,660945,862580,208020,59702.5,125905,11016.3,74817,155700,721600,904325,759695,115705,28565,22785.5,25098,10698,66913,89406.5,11072.5,16017.5,99815.5
2018-01-04,5998.75,42340,93534.5,428510,31456,945745,2.0341e+06,213185,688405,735210,689660,463825,398130,297795,404770,5.9842e+06,471480,209700,141630,186990,203570,358710,254465,9527.25,863345,496405,147005,531705,168070,613835,845930,206325,54911.5,116565,8713.2,72644.5,160395,721600,910440,762805,133805,28233.5,24448.5,25246,11769,62398,99330,11794,16137.5,98375
2018-01-05,5548.4,40912.5,79391.5,403295,29369.5,877765,1.86885e+06,203930,619635,687925,621485,449140,378950,293300,381035,5.75755e+06,447195,198510,127685,175570,193720,340970,236120,8508.75,841560,480535,138940,491730,164165,564840,827555,204640,51155,108295,6926.9,70952,163560,721600,930540,771235,150600,27917.5,26020.5,25216.5,12092,58187.5,115201,11389.5,15560.5,96954
2018-01-06,5159.85,39654,67669.5,380625,27610.5,809625,1.7073e+06,195045,557500,641220,564230,434880,360695,288870,355995,5.5545e+06,424165,187325,115110,170040,176120,322905,218150,7557.05,820400,466665,131350,454895,159870,524575,811580,202970,46819,100612,5500.25,68892.5,158185,721600,915875,754305,162110,26683.5,26982,24494,11956,54261.5,130070,11491.5,15337,95553.5
2018-01-07,4768.5,38312.5,57439.5,358165,25779,751425,1.56855e+06,186010,503530,599975,512255,421110,342075,284505,332600,5.3591e+06,402315,177330,104298,162845,158580,305855,201615,6754.2,796825,456155,123700,422325,155700,484850,793995,201725,43049,93476.5,4350.4,66892.5,155815,721600,913070,743220,157225,25887.5,26773,23774.5,11858.5,50804.5,130490,10991.5,14740,94631.5
2018-01-08,4408.9,37951,48998,338035,24235,697415,1.4411e+06,184330,454785,561390,461615,412505,333630,280210,326230,5.1561e+06,387270,167870,103734,162215,156665,315120,213440,11158.3,776715,451710,132370,544750,151630,454335,776750,200490,39566.5,86566,3458.5,65139.5,147930,721600,890470,713650,155320,24551,26421,22515,11110,47376.5,133420,10419,14061,93264.5
2018-01-09,4248,37598.5,74633.5,319035,22627.5,645200,1.5116e+06,188340,409190,544750,493920,416260,352725,275980,331620,5.5447e+06,390340,165795,114478,169045,167060,332145,241710,11064.5,771035,448790,143975,720845,148105,448030,784470,198855,36212.5,80424.5,2746.2,63437.5,137930,721600,857615,680060,140725,24262.5,28786.5,21002.5,13628,56774.5,128115,11290.5,13270,92139
2018-01-10,4071.8,37246,77046.5,301100,21272,597040,1.5395e+06,187625,368310,538870,553635,413720,365040,271815,331245,5.7661e+06,387270,164805,114545,170065,161700,406300,235925,9810.1,768250,447325,145990,827395,144240,444020,788235,197230,33297,74718.5,2183.2,61595.5,127795,721600,825970,645730,124965,26096.5,31792,19491,15608,63214.5,140170,11948.5,12570.5,91030
2018-01-11,4100.15,37130,68005.5,284175,19927,554125,1.474e+06,184910,333800,536845,589520,406570,349390,269750,320280,6.22715e+06,371600,165300,116150,164850,148775,463290,222770,8768.1,765435,447325,139480,776670,151935,414350,780545,195620,32830,69418,1726.75,59981,118430,721600,795500,610930,109220,27010.5,34199.5,18095,16700.5,72865.5,143840,12679.5,11819,89715
2018-01-12,7008.3,37482.5,93280.5,319070,22362.5,651195,1.44925e+06,192815,405270,538800,636770,420035,369175,277525,351780,6.74305e+06,384590,180740,132575,176415,166275,469000,229390,8872.7,768250,450245,150280,855565,175460,438875,780545,194025,33003,72921.5,9007.75,58413.5,134405,721600,761365,652665,126365,26482,33990.5,19591.5,16902.5,83981.5,138990,14547,11154.5,88632
2018-01-13,9886.75,37596.5,104850,382245,24860.5,729125,1.60295e+06,194455,444145,546895,762195,424850,387860,290665,376780,6.90645e+06,412770,215600,137845,178360,166310,482790,226340,8344.2,782480,448780,152710,919145,192385,479085,802115,192440,34067.5,78452.5,22748.2,56717.5,156925,721600,821665,715385,134495,26482,34287.5,20661,17041,93107,152020,15708.5,10527,87565
2018-01-14,9986.65,37134,108040,435415,24402,796050,1.65185e+06,190475,484615,552885,838930,417410,384220,296305,379395,7.5534e+06,412930,249305,128895,172170,168930,475845,211925,7426.5,791040,447325,143730,928940,202265,497040,807680,191260,36642,83318,27659,55071,176690,721600,891935,794330,144725,25405.5,32546,20080.5,16095.5,101344,154085,15836,9899.95,86508.5
2018-01-15,9222.85,36673,98297,427310,25164.5,799620,1.6044e+06,187115,475070,535145,800230,412550,367070,299310,372495,7.9566e+06,397740,242720,121810,168155,156020,458915,199945,6632.7,799655,445885,136375,855425,212005,460900,807635,190090,34952,81225,26907.5,53788.5,179790,721600,980495,889570,138510,23999.5,30361,20280.5,14899,102164,148565,16121,9343.35,85673.5
2018-01-16,8473.85,35768.5,92224,428510,24570,809625,1.58635e+06,181125,473445,521415,776780,402995,351865,302360,366915,8.47485e+06,385900,238320,110860,159740,147205,439390,185530,5890.85,793890,440130,128425,794175,213895,433945,807635,188540,34035.5,80964,28149,52226.5,185350,721600,1.00302e+06,907605,135760,22589,28077.5,19298,13621,102548,144740,15490.5,8817.8,84642.5
2018-01-17,7880.5,34885.5,80451.5,413895,23334.5,777470,1.5077e+06,174265,446505,493380,721125,391360,334915,300830,349385,8.61155e+06,368800,228375,100438,151170,132345,417660,172155,5231.95,788125,433045,121855,737305,212005,403015,797875,187000,31706.5,76479,24490.5,50710,178695,721600,1.035e+06,931520,122995,21261.5,25741.5,18181,12400,98643.5,136420,14616.5,8290.85,83621.5
2018-01-18,7282.75,33812.5,68913.5,394070,22015,732980,1.4047e+06,166190,410760,465070,659575,378970,318780,297795,328900,8.73155e+06,352460,216825,90549,152410,117725,397005,159745,4702.25,773930,427455,114755,684515,208300,374290,784355,185475,29019,71300.5,20161,49381,167640,721600,1.02845e+06,911065,108760,21685.5,23707,16960,11292.5,93425,130390,13733,7824.5,82615
2018-01-19,6733.5,32672,58785.5,372965,20696,684530,1.3017e+06,159440,374995,436710,598810,368035,303425,294040,308410,8.6357e+06,334305,205900,81998.5,154885,134830,377375,147590,4176.3,757185,419200,108460,630795,203460,346070,769215,184340,26795,66455.5,16236.5,48091,156270,721600,996760,874640,95462.5,21750,21824.5,15664,10240,87799.5,127050,12788.5,7358.55,81618
2018-01-20,6222.75,31667.5,50106,352000,19456.5,635325,1.1992e+06,152055,339990,408620,543645,356350,288810,290340,288140,9.19485e+06,318260,194915,73925,152290,127955,357380,136400,3709.15,735430,411105,102534,585625,198730,321400,754365,183210,24523.5,61740.5,12958.5,46695,144825,720605,960000,833640,83746,22957.5,20008.5,14612,9321.8,82514,118515,11963.5,6944.65,80830
2018-01-21,5753.5,30596,42531,332215,18166,589660,1.105e+06,145010,308135,382340,489905,345070,274895,285955,271245,9.52015e+06,303040,184510,66978.5,148240,117065,338510,126565,3315.15,719520,404470,96913,541600,193545,298495,739800,181715,22445,57360.5,10301.6,45471,133785,719610,924580,788550,72929.5,23813,18344,13496,8453.05,76946.5,112130,11140.5,6529.65,79857
2018-01-22,5350.65,31089,70337.5,313545,17077.5,545515,1.01516e+06,138290,279375,357750,444765,334115,261650,281635,253420,9.5893e+06,327040,174120,75427.5,144190,109275,321770,127670,8077.05,711625,405795,91618.5,501025,191265,275890,725515,180600,20725,53291,8180.05,44283,123960,719610,890470,746050,63743,23461,16894,12465,7698.2,71754.5,104500,10419,6162.35,78893.5
2018-01-23,6872.75,31677,153185,295920,15998,506305,935210,132675,252330,334740,403795,323535,249045,283080,274565,9.75005e+06,357140,164830,83212,147080,132230,343470,185150,9996.55,714295,409830,86279.5,465150,191835,256225,709795,179495,18968.5,49510.5,6503.05,42997.5,136890,719610,852260,708385,55714,23284,15553,13213,9154.65,66913,96697.5,9702.4,5815.7,78132
2018-01-24,7129.4,31961.5,185100,279285,14990,469910,859210,126530,227900,314410,366590,313265,237050,280910,274375,9.61695e+06,355030,156035,80743,142430,130940,383195,197630,8713.05,724880,411085,81863.5,431845,187935,237965,694380,178030,21287,45850.5,5163.7,41870.5,145870,719610,815685,670070,48696,22418.5,18532,13438.5,9952.35,62398,89450.5,9035,5469.35,77377.5
2018-01-25,6572.55,31667.5,151550,263590,14042,434830,791725,120665,206545,294190,332815,303350,226450,278790,265170,9.3553e+06,339400,147710,75331.5,136455,119580,420455,182470,7787.4,735525,413765,77093,399380,186280,221000,680970,176575,21994,42597.5,4105.1,40776.5,141745,719610,785595,633960,42381.5,21101,19943.5,12970,10662,58422.5,92291,8413.55,5161.75,76446
2018-01-26,6112.3,31470,131005,248775,13157,403575,727385,115405,186550,275265,302160,293720,215540,276675,259230,9.07625e+06,329295,139830,70874,132225,112820,423760,172155,6954.95,727395,413765,73147.5,369460,183020,205245,666215,175860,20725,39575.5,3259.6,39592.5,143070,719610,751885,601955,37043.5,21178.5,22896,12842,10666,54480.5,92139.5,7834.85,4853.25,75523.5
2018-01-27,5648.65,30788,111665,234790,12369,374565,670080,110395,169135,258480,273255,284420,205860,273195,245880,8.7561e+06,314700,132370,64181,125130,101433,433070,159745,6826.2,740810,422020,84833.5,427880,179305,190615,651745,174425,20181.5,36768,2578.15,38555,137095,719610,719620,567350,32377.5,21429,25321,12219.5,10707.5,50804.5,87824,7295.9,4580.25,74794.5
2018-01-28,22282.3,35863,209735,261045,15695,480045,882200,116760,153290,241855,248080,287850,206610,275995,388155,9.33205e+06,343900,141650,58150,117970,115446,496940,195150,10561.9,754600,426080,99133.5,608245,180920,176245,639160,176235,22996.5,45390.5,2049.65,37547.5,146590,719610,690855,538705,28299,21915.5,25518.5,12872,11347,47554,85563.5,6794.05,4322.65,74072.5
2018-01-29,36770.5,38040,285080,291590,20075,566420,1.05054e+06,125900,248135,281125,299740,299260,231640,279550,531140,9.54525e+06,384575,160485,52658.5,111185,130595,560295,231985,11120.3,759915,433045,108342,711945,183065,216870,660270,176575,48316,56249.5,10345,40701.5,282990,719610,814330,713355,173767,30769,44350,21093,19314.5,61847,93212.5,9497.55,6922.55,73357.5
2018-01-30,36892,37367,321985,314165,23207,650585,1.21525e+06,131590,316410,314955,369895,304255,245355,280915,546705,9.6423e+06,390440,177675,47474,104395,130795,607750,234255,9810.1,771080,437270,104085,674415,181425,250570,671345,178030,56306.5,67756.5,14023.6,43364,383555,719610,1.02271e+06,899760,371005,41481,56201,25612,21819,73803.5,111264,10776.5,8596.55,72474.5
2018-01-31,34070,37601,276420,313545,24483,663585,1.2442e+06,131885,383695,349725,419140,301575,234575,281635,509690,9.80395e+06,373045,174120,43013,98021.5,122150,608770,219095,8713.05,768310,440130,101768,630795,181425,268185,671090,179125,55400,73489.5,12792,46909,483020,719610,1.22015e+06,1.07476e+06,496320,46144,66137.5,27052.5,22215,89550,146490,11089,9241.45,71600
2018-02-01,31303,36903,238940,316300,25779,684530,1.2871e+06,132675,384735,336025,403795,299815,226450,280915,488885,9.67015e+06,360540,174120,49787.5,92034.5,116480,617655,207535,7787.4,762730,437275,97289,585625,178770,251535,677665,179125,56652.5,75220.5,13749,48091,511505,719610,1.305e+06,1.146e+06,511665,46375.5,68105.5,35289.5,23229,105620,187655,11803,10301,70909
2018-02-02,28928.5,35882,202820,306370,25337.5,663585,1.2442e+06,129560,398980,327400,400800,293720,216280,278790,460225,9.4071e+06,345905,167870,54674,97090,137395,604370,192570,7830.8,751690,431625,91953,539670,175135,240175,671090,178395,53000,76479,12056,49529,545245,719610,1.40685e+06,1.22495e+06,549460,47440.5,70835,39018.5,22215,109965,215630,11594.5,10415,70224.5
2018-02-03,26747,34778.5,172875,292520,24235,627480,1.1692e+06,124295,380485,312095,374860,285240,205860,274585,433240,9.1008e+06,329295,159885,50235,96080,136635,580705,177975,7455.35,735430,426055,86929,501025,171560,266530,661345,177665,48939,72746,9975.65,49529,530560,719610,1.41575e+06,1.2159e+06,509495,45678.5,67824,39069.5,20643.5,114315,222380,10991.5,10117.5,69546.5
2018-02-04,41616.5,42781,183275,306035,26867.5,669885,1.08935e+06,131820,352580,294190,342865,286090,206610,291605,603905,9.66675e+06,343935,164460,96691,139832,279605,691595,192760,12694.3,754960,431705,96985,465150,178455,326365,679735,179135,49835,78632,14311.3,48661,500645,719610,1.3807e+06,1.17175e+06,454350,43320.5,63533,39853,18873,111685,229950,11297.5,9687.6,68875
2018-02-05,44118.5,44731,209465,327760,30394,723605,1.25665e+06,139045,408910,323480,368375,289495,211910,297950,688030,1.00658e+07,355580,178275,140838,179330,406820,723560,228920,12853.5,762830,431660,107731,485765,180950,432625,705250,179495,64306.5,100312,37063.5,53232,589935,719610,1.5458e+06,1.3601e+06,572360,45984,73667,45183,21802.5,106600,220740,15291.5,11304.7,69553
2018-02-06,40359,43683.5,183795,345320,32703,768810,1.3462e+06,142890,439640,350565,397145,292005,210215,299310,674010,1.0874e+07,356445,188180,158655,198700,470040,796630,228325,11311,771080,434430,111565,566435,181425,465490,742205,180230,69524,115030,44492.5,56155,619925,719610,1.733e+06,1.5521e+06,639830,47703.5,76826.5,47262.5,22334.5,100184,206515,16708.5,12224,69887
2018-02-07,45397.5,51612.5,253225,341005,33232,897025,1.49005e+06,163180,490725,388760,435275,288600,210965,348410,850055,1.1912e+07,374735,183935,278615,236855,813265,868695,248085,23651.5,779530,445915,123720,685935,208355,590140,790750,182465,66726.5,113490,41863.5,60604,608480,719610,1.9698e+06,1.7895e+06,691320,47956,74287,51958.5,21586,94152.5,217230,17311.5,12344,70053.5
2018-02-08,47385.5,54269.5,330810,404160,41271.5,1.1434e+06,1.8198e+06,188510,589810,430780,459995,298100,237845,365180,941925,1.3079e+07,404930,213750,382180,261560,1.049e+06,944040,305220,26873,793890,450260,131290,796200,223370,747855,875430,183965,100458,152745,68035,65777,614150,719610,2.0361e+06,1.8469e+06,669765,47082.5,73979.5,56156.5,21328,87799.5,218335,18100.5,12798.5,70565.5
2018-02-09,43397.5,53350.5,279410,440480,43018,1.261e+06,2.0828e+06,202970,673585,470035,524185,301575,243880,370360,953430,1.41585e+07,416180,234510,337010,260320,922940,1.01118e+06,341530,23598,805545,459125,137590,868375,230870,870840,957250,185095,105141,196335,87240,66892.5,584915,718615,2.14075e+06,1.93815e+06,661660,46375.5,70222.5,56424.5,20058.5,82206,208045,17623,12615,70394
2018-02-10,40359,53350.5,247805,431000,43277.5,1.27075e+06,2.0924e+06,208185,767250,495630,594805,296325,236235,376040,946825,1.4543e+07,413050,237515,443665,313270,1.04152e+06,1.01092e+06,318510,25681.5,802650,465135,143250,794175,253110,802540,1.03912e+06,186230,101182,205955,96373.5,68687,546980,717620,2.1339e+06,1.9024e+06,601680,43981,65211,56424.5,18488.5,76659.5,202755,16706,12124,69884.5
2018-02-11,37081.5,56551,233745,552230,60716,1.748e+06,2.98255e+06,245000,888690,521415,700095,320510,282550,444985,1.10012e+06,1.4868e+07,462600,266355,529990,330375,1.30156e+06,1.01829e+06,403720,38447,796825,472740,148655,961110,290565,946390,1.1794e+06,189730,312130,317820,88964.5,68487.5,508400,717620,2.0747e+06,1.82675e+06,532330,41711,60057,53969,16902.5,71487,191095,15696,11525,69546.5
2018-02-12,34484.5,60424.5,218235,640390,105444,1.91885e+06,3.5647e+06,258820,976420,548970,846805,347275,344015,503085,1.1449e+06,1.47065e+07,486845,297230,598080,352700,1.2983e+06,989215,521785,49153,782400,478925,153745,1.10066e+06,329210,1.04938e+06,1.35005e+06,193660,457170,451350,227532,73234,471035,717620,2.01075e+06,1.7474e+06,466990,38963,55289,50584,15327,66913,177455,14684,10877,68875
2018-02-13,31684,61406,188570,684455,133470,2.15845e+06,3.8737e+06,276880,1.0724e+06,575920,941725,370905,378840,527405,1.1873e+06,1.43065e+07,500975,316765,527385,349825,1.16635e+06,947110,552065,42971,762730,480480,150350,1.00734e+06,382350,1.1305e+06,1.51455e+06,200515,574720,532435,363495,76952,435150,717620,1.93655e+06,1.6592e+06,535785,36673,50688.5,47185.5,13958.5,62398,164160,13674,10301,68210
2018-02-14,29281,60830,165995,682715,131565,2.1824e+06,3.88515e+06,278360,1.05368e+06,567720,1.03488e+06,366940,359390,533590,1.1698e+06,1.38035e+07,493340,338420,475465,348400,1.05984e+06,900270,505365,38165,746230,478925,148655,928270,413225,1.0543e+06,1.56705e+06,207195,542255,523450,450650,82054,402000,717620,1.85345e+06,1.56945e+06,539210,35694.5,46682.5,48434.5,12707,58187.5,151905,12788.5,9687.6,67551.5
2018-02-15,27073,60451,142780,690665,133855,2.2097e+06,3.95165e+06,281685,1.2318e+06,561390,1.01914e+06,365885,342075,539030,1.1523e+06,1.328e+07,487730,338280,426525,389830,942795,855745,466900,34085,724785,474295,141590,861805,435700,1.00186e+06,1.6294e+06,213650,532730,530500,499515,82940.5,371370,717620,1.77935e+06,1.48485e+06,501485,35026.5,42975.5,49120,11522.5,54261.5,140020,11908.5,9142.7,66899.5
2018-02-16,25019,59328.5,121800,668975,129770,2.1288e+06,3.77695e+06,275085,1.24895e+06,537055,1.01519e+06,358440,325595,539030,1.09295e+06,1.2707e+07,469650,339345,382820,412410,833915,807555,429650,30273,709105,465135,134345,794175,438300,1.12992e+06,1.6334e+06,219865,496290,502855,467780,84672,343075,717620,1.70845e+06,1.4045e+06,484070,34367,39400,46719.5,10493.5,50600.5,129070,11089,8628.45,66254
2018-02-17,23132,57504,103814,636930,123270,1.98805e+06,3.52935e+06,265470,1.30895e+06,506235,946130,348095,309910,533590,1.02108e+06,1.22255e+07,448840,327165,345130,389020,738130,762080,395375,27056.5,688730,459125,126515,734465,430640,1.147e+06,1.61755e+06,224860,454215,467180,451200,83924,316940,717620,1.63515e+06,1.3288e+06,436715,32984.5,36122,46257,9552.35,47186.5,118975,10326.4,8112.8,65614.5
2018-02-18,21377.5,55735.5,88121,601130,115885,1.8507e+06,3.2609e+06,253175,1.26375e+06,473675,865375,338050,294980,525535,954000,1.1698e+07,425725,311600,311150,413645,746030,724390,363830,24030.5,671350,450260,120040,679445,419410,1.04925e+06,1.5902e+06,228570,415710,434035,383575,82453,293725,717620,1.5698e+06,1.26175e+06,384740,31759.5,33116.5,43580.5,8662.35,44002.5,109670,9616.3,7656.45,64981
2018-02-19,19765.5,54021.5,75170.5,567345,108945,1.71765e+06,2.99595e+06,242880,1.2323e+06,444905,785650,327350,280770,517600,891310,1.1255e+07,403795,295845,280510,416010,737635,683595,337595,24628,654470,441570,113045,630795,406085,970185,1.5633e+06,230450,380470,403245,312930,80532,270485,717620,1.50725e+06,1.1892e+06,337515,30120,30499,40653,7855.1,41033.5,100701,8954.85,7200.5,64354
2018-02-20,18381.5,52360,63806.5,535460,102059,1.5843e+06,2.7525e+06,231630,1.14145e+06,416290,710480,316955,267245,509785,832740,1.0769e+07,383000,280060,252895,392100,659875,645100,310665,26612,637955,433045,106845,581290,393135,896685,1.52935e+06,230920,346610,372140,251030,78428,250670,717620,1.4426e+06,1.12915e+06,295000,28349.5,28077.5,37922,7153.6,38265,93183,8338.9,6795.5,63732.5
2018-02-21,16889,50749.5,54385,505360,95627.5,1.46605e+06,2.5213e+06,220900,1.04603e+06,390910,645030,306920,254370,502090,774980,1.03315e+07,363275,265115,227995,375525,599615,613195,311905,26570,621915,424680,105625,639745,386200,825110,1.4998e+06,229980,317230,345740,199330,76601.5,231575,717620,1.3807e+06,1.06805e+06,257845,26683.5,25741.5,35206.5,6512.05,35827,85563.5,7765.35,6413.25,63117
2018-02-22,15706,49189,46163.5,475540,89581.5,1.3563e+06,2.31645e+06,210670,944780,365765,581265,298065,242115,494510,721420,9.91355e+06,347175,250230,205545,353930,533385,578665,297760,23319.5,604045,416480,102490,668610,378340,766295,1.47085e+06,229510,290335,319070,159090,74377.5,213930,717620,1.32975e+06,1.01051e+06,224540,26894,23599.5,32672,5905.2,33409,79176,7231.2,6030,62508
2018-02-23,14430.5,47530,39379,447555,83936.5,1.251e+06,2.1162e+06,200915,853320,342240,527710,288600,230455,489515,674010,9.53825e+06,329295,236875,185305,332315,474475,548005,278835,20842.5,588800,408440,97289,616885,369580,785170,1.439e+06,228100,265720,296430,125825,72428,197630,717620,1.2727e+06,955865,196255,26369.5,21734.5,30175.5,5354.9,31155.5,72983.5,6733.8,5690.8,61904.5
2018-02-24,13420,45922,33564.5,422395,78629.5,1.15765e+06,1.94425e+06,192185,770710,320230,479095,279460,219355,482125,629720,9.15115e+06,312335,223535,193800,312020,417605,519070,260890,18614.5,606670,409785,105682,640695,362070,784065,1.40775e+06,226705,243195,274445,100030,70535,182575,717620,1.2181e+06,904345,171535,26776,20008.5,27870.5,4876.7,29162,67015.5,6270.65,5351.9,61307
2018-02-25,12930.5,46363.5,51896,397470,73674.5,1.07095e+06,1.78625e+06,183815,693435,299630,434955,270590,208785,474845,629555,8.80455e+06,296250,226370,226495,347045,499980,601175,258590,32470,622445,407105,115430,630480,352595,857655,1.38055e+06,224855,222580,254155,79429.5,68487.5,168665,717620,1.17315e+06,858690,149930,27076.5,18344,25998.5,4439.35,27194.5,62013,5839.3,5050.9,60715.5
2018-02-26,12780.5,48195,120271,417300,79581,1.23715e+06,2.043e+06,194415,778400,362265,475615,290390,233065,478510,765450,8.4482e+06,343765,234330,309780,384470,618015,680560,319870,43767.5,640670,415195,128450,739190,341390,993245,1.35065e+06,223020,210860,236125,128174,66693,155815,717620,1.1228e+06,809330,130485,26282.5,16817.5,24012,4025.65,25359.5,57162.5,5437.65,4766.8,60129
2018-02-27,12471.5,48882.5,164495,445365,86148.5,1.37215e+06,2.3653e+06,204410,880210,417120,672125,310700,264310,478485,806870,8.1282e+06,366020,254235,358030,402520,685500,723180,447030,54174.5,649720,421935,136305,907040,331500,1.08752e+06,1.32775e+06,221200,206285,244620,159005,64950,143940,717620,1.0746e+06,768470,114055,25692,15488.5,22177.5,3650.5,23648.5,52691.5,5087.1,4481.9,59548.5
2018-02-28,11533.5,48429.5,134635,462165,89581.5,1.45845e+06,2.571e+06,206930,963490,439805,773095,328765,297685,488365,774980,7.8203e+06,357825,270460,433250,423085,606030,737560,484265,46951.5,664080,426050,130370,968195,336530,1.2039e+06,1.3021e+06,219395,198180,247600,169605,63064,132980,717620,1.03165e+06,726905,99686,24551,14259,20589.5,3324.5,22053,48570,4737.2,4229.8,58974
2018-03-01,11533.5,48276,115325,454030,89284.5,1.4301e+06,2.53565e+06,204520,1.0524e+06,427140,748435,326380,282760,522510,754865,7.50295e+06,359220,263505,523100,436145,701505,756575,447890,41963.5,681210,428835,126515,894420,363425,1.30005e+06,1.27695e+06,217605,184800,234550,159905,61233,123205,716630,990565,687725,87128.5,24835,13072.5,19107,3026.35,20565,44771,4411.35,3977.9,58404.5
2018-03-02,11606.5,47084.5,98782,450150,89284.5,1.42545e+06,2.54315e+06,202105,1.12985e+06,427140,759650,325440,269140,540565,713200,7.2391e+06,347175,260315,583700,451725,783705,740310,417405,37270,678765,426055,120040,824230,370690,1.37015e+06,1.2493e+06,215830,173690,226050,155630,59628.5,113820,715640,948045,650525,75875,23896,18041,17647.5,2744.3,19177,41269,4107.9,3754.2,57840.5
2018-03-03,11391,45922,83850.5,433495,86272.5,1.3607e+06,2.42355e+06,196205,1.0769e+06,408620,710480,318820,256175,544530,668940,6.9837e+06,331790,250230,517540,443070,844065,713965,385635,33286,678765,421935,113895,759550,398900,1.41255e+06,1.2222e+06,214070,160380,212160,132825,58070.5,105145,715640,907365,615465,66318,23018,19934,16299.5,2499.25,17955.5,38041,3825.35,3543,57421
2018-03-04,10536,44510,71470,411510,81663.5,1.27455e+06,2.2647e+06,188225,1.04603e+06,385175,649840,310535,243830,552875,627260,6.7192e+06,314700,237575,466590,436145,741810,683595,354865,29563,666475,416480,107260,705160,409625,1.3162e+06,1.1986e+06,212320,146785,197105,108490,56384.5,97134.5,715640,873890,584395,57964.5,22249.5,20008.5,15204,2266.35,16743.5,35066,3562.2,3331.3,57005.5
2018-03-05,10470,43141,60665,389540,76771.5,1.1868e+06,2.10425e+06,180575,976015,363075,594375,301575,232085,550085,586040,6.4647e+06,299595,225610,420645,416010,670725,649790,329280,26422.5,652060,409760,101768,652145,407255,1.2452e+06,1.17545e+06,210590,134970,183125,87372.5,54907,89735,715640,836390,550800,50448.5,21018.5,20897,14042.5,2063.1,15614,32323,3331.45,3143.9,56455
2018-03-06,10602.5,45902,77862.5,403835,78725.5,1.2508e+06,1.93325e+06,181125,891385,339720,537720,302480,233775,557145,627550,6.2198e+06,340020,225565,375675,392100,727250,752575,361995,39517,674405,415195,107142,670200,397790,1.15085e+06,1.15e+06,210160,124050,184995,69377,53472.5,82898,715640,800500,522990,44093.5,19711,20008.5,12970,1870.85,14615,29795,3102.3,2956.65,55910
2018-03-07,10536,46363.5,86750.5,435415,87555,1.37475e+06,2.1947e+06,181100,963490,400050,618540,308870,256820,559945,658025,5.9842e+06,383705,247230,338685,366755,778790,811375,406165,47760.5,681285,419235,112465,722240,387425,1.06415e+06,1.125e+06,208870,147590,204695,55154.5,51920,76826,715640,770965,494700,38539.5,19404.5,18828,13527.5,3168.9,13629,27464.5,2888.9,2790.35,55370.5
2018-03-08,9736.65,45636.5,85498.5,460055,90542,1.4494e+06,2.28335e+06,179995,984550,441960,701875,313295,262730,555690,661050,5.77315e+06,387505,263430,305335,344350,685150,856490,414320,41700,691215,424680,110070,729250,375075,983515,1.10325e+06,208445,148850,220965,43795,50559,70972.5,715640,737880,468040,33685,19645.5,17412,13290,3860.65,12709,25316,2690.2,2633.4,54836
2018-03-09,9002.3,45352,78283.5,451415,90198,1.4166e+06,2.41775e+06,176345,1.0354e+06,467875,747870,309615,250810,555690,636805,5.5701e+06,366025,254840,275275,323325,619065,861975,382440,37270,706495,428820,104085,679445,363155,905010,1.07935e+06,207595,140425,212840,34816.5,49238,65565,715640,706220,442725,29334,19703,15963,12842,3960.55,11851.5,23336,2505.15,2476.05,54306.5
2018-03-10,8371.95,44233,73449,450150,90518.5,1.40785e+06,2.3694e+06,173235,1.08025e+06,454875,699995,306920,242115,550085,620280,5.3591e+06,352460,249445,248175,302345,550690,874550,354865,33101.5,703960,431625,99503.5,645010,351580,832770,1.0559e+06,206745,134345,210015,27645.5,47808.5,60570,715640,677995,418865,25639.5,19123,14763,12589,4262,11052,21511,2332.8,2336.75,53782
2018-03-11,8533.2,48830.5,127000,455250,91097,1.4335e+06,2.35605e+06,178005,1.03096e+06,453140,669455,308695,248315,552910,781930,5.99605e+06,352400,252500,364655,345470,759165,975670,354755,45365.5,732915,437305,103914,647315,339390,832485,1.0355e+06,207170,124625,198430,21866,46555.5,56119.5,715640,650975,397720,22410,18693.5,18952.5,11861,4926.35,10306.2,25571.5,2172.35,2205.3,53391.5
2018-03-12,9870,53443.5,198620,479245,96506,1.4761e+06,2.5028e+06,191175,994125,507615,666185,313340,280230,558585,908175,6.3212e+06,390060,274765,408670,358965,815035,996900,370890,51125,738080,440150,113710,751220,328570,832770,1.03045e+06,207170,151300,219500,32067,45339,51844,715640,623040,374855,39232,19504.5,21000.5,11063.5,5263.6,9610.9,28331.5,2022.95,2074,53005
2018-03-13,10442.8,54892,190010,504670,98994,1.47395e+06,2.52815e+06,195045,924395,549685,688270,316015,293475,564210,839050,6.46405e+06,397945,300875,361780,348400,707375,1.0598e+06,353115,44527.5,751630,447350,112160,803450,318130,773410,1.0205e+06,208020,160345,234835,49543.5,44022.5,47894,715640,596305,355925,48670,18273.5,20897,10320.9,5671.8,8998.55,31187,1883.8,1957.35,52493.5
2018-03-14,9563.75,54360,158610,508040,97619,1.4301e+06,2.42355e+06,192740,847135,586640,699745,312360,278800,564210,780855,6.66345e+06,383000,301200,326160,344350,629250,1.05585e+06,330715,39768,746230,450245,105660,737305,307990,718280,1.0057e+06,208445,150105,238425,55752,42744.5,44245,715640,574310,336675,55829,17728.5,24371.5,9532.15,5577.7,8391.4,31491.5,1754.2,1840.35,51987
2018-03-15,8894.05,54193.5,138935,502450,96606.5,1.39045e+06,2.35605e+06,191605,767755,553160,654690,309615,268215,561350,726890,6.64545e+06,371600,292260,294045,329710,556580,1.05585e+06,310665,35320,743480,451715,100618,684515,298200,667085,993520,207595,144875,231435,52453,41749,40874,715640,549665,318530,56603.5,16813.5,25298,8891.85,5577.7,7825.2,32084.5,1633.55,1736.85,51485
2018-03-16,8219.4,53018,119010,495190,92401.5,1.3148e+06,2.2266e+06,184910,693435,529175,628585,302445,256175,558515,679125,6.51805e+06,355135,285225,265090,310835,495105,1.02568e+06,288265,31369.5,730085,457655,106338,676530,288700,616565,976710,207170,134345,226835,52721.5,40537,37879.5,715640,526075,301300,57718.5,17550.5,24647,8212.5,5268.3,7324.55,30690.5,1521.2,1639.15,51111
2018-03-17,7599.55,51551,101520,474205,87465,1.2279e+06,2.06895e+06,178450,626300,498815,581265,301550,252520,550085,634490,6.3236e+06,339400,272510,237810,291850,440420,1.0978e+06,303800,28511.5,752110,462125,119275,730640,280335,610710,957855,206325,123525,214270,45404,39360,34994,715640,506670,285065,52903,17458.5,24333,7585.05,4855.85,6830.3,28712,1416.55,1541.55,50741
2018-03-18,7023.1,49966,86172.5,475470,86530.5,1.21205e+06,1.91155e+06,180090,563735,522410,567815,305165,252585,541775,590480,6.1177e+06,321920,258730,215460,274030,389835,1.1454e+06,321020,34733,757185,466635,127495,819070,271425,638370,939365,204640,113535,199760,37231,38443,32327.5,715640,484925,270670,46977.5,16941,22992,7042,4439.35,6369.45,26663,1319.1,1454.85,50251.5
2018-03-19,8019.4,48429.5,73449,471330,98283.5,1.3373e+06,2.3682e+06,201215,752940,557455,735090,326190,273060,536310,551680,5.91855e+06,368280,261955,221915,257295,344815,1.17295e+06,368065,35839.5,765480,468150,134050,931335,262775,652285,951065,204640,118455,317755,193756,46715.5,161404,715640,464115,255110,50499.5,17939.5,21263,6534.95,4025.65,5939.7,24577.5,1228.35,1373,49766.5
2018-03-20,10775.9,54993.5,85812.5,471250,102555,1.3963e+06,2.5854e+06,223565,808070,585940,916225,352150,302055,544655,517450,5.7098e+06,393385,269485,324680,260390,306725,1.15605e+06,401030,31567.5,779530,469680,129870,973330,262775,789515,974755,203385,169380,453065,627415,57143,514625,715640,570180,358615,54588,19016.5,19664,7806.35,5758.15,5538.9,22735.5,3191.05,1290.95,49286
2018-03-21,11455.5,55403.5,85391.5,456665,101720,1.3563e+06,2.46495e+06,233140,732460,557255,987825,363790,307795,544530,483445,5.50895e+06,371600,266635,329900,252120,272855,1.15175e+06,369930,28193,773930,465135,127465,894420,259675,918945,996085,203385,175620,499235,983450,68848,824635,714650,658505,434075,57021.5,26966,22458,9410,12392.1,12367.8,27170.5,6174.3,1218.35,49649
2018-03-22,10536,54021.5,74799,444970,101720,1.3395e+06,2.45835e+06,230260,698495,533100,888015,361625,294980,541775,451675,5.3003e+06,355135,258730,294045,240600,242715,1.1108e+06,347630,25040,771080,457625,121855,824230,255900,840500,998415,202555,166935,457900,1.18715e+06,80556,1.13824e+06,713660,682255,452665,53976.5,41384,23258.5,9252.25,11572,18674,28488.5,6412.95,1149.8,49888
2018-03-23,9798.15,53018,68913.5,424845,97944,1.27455e+06,2.33645e+06,228900,644790,504435,824385,361625,284760,539030,423530,5.1277e+06,338155,251755,266275,231305,215905,1.0635e+06,321170,22239.5,757185,450260,115175,765210,252915,780590,1.00328e+06,201315,161810,431145,997975,91985,1.1719e+06,713660,733275,492925,52709,45424.5,22793.5,9820.75,12971,34705.5,28181,7595.6,1081.3,49887
2018-03-24,9002.3,51709.5,59866.5,402095,93038.5,1.19775e+06,2.17685e+06,222215,586620,473675,751375,354270,271040,533590,395700,4.9335e+06,321920,241245,240060,218070,192055,1.01092e+06,298015,19876.5,740810,441570,108880,707680,247770,718280,995915,200080,150740,400555,920150,95262.5,1.2456e+06,713660,733275,491055,47728,45334,22793.5,9532.15,12658,54340,28712,7765.35,1020.5,50129.5
2018-03-25,8371.95,50279,51027,380625,87465,1.11165e+06,2.02265e+06,213185,533700,443210,679485,345070,257985,543250,369700,4.75955e+06,305340,229050,216425,205535,171700,957560,274235,17751.5,722115,433045,102534,654665,249980,667085,979120,198855,137960,372140,771270,99276,1.2082e+06,713660,719620,475020,42226.5,46025.5,21636,9070.25,11808,69547.5,27358.5,7493.5,959.525,49887
2018-03-26,7736.9,48733,43709,359235,81935,1.03174e+06,1.8583e+06,204520,482030,416290,616885,335110,246450,543160,345405,4.59215e+06,289615,216825,195115,192980,152735,906815,254465,15766,703960,424680,97289,605450,248475,616565,962535,197230,126855,345740,624310,99860,1.13675e+06,713660,695200,526435,63293.5,44315.5,20183,8460.95,10883.5,76351.5,25595,7073.1,905.555,49645.5
2018-03-27,7153.45,47084.5,37101,339040,76771.5,957580,1.87435e+06,195045,435365,425900,560050,324470,234575,541775,325150,4.43015e+06,275710,205255,175905,181195,135865,855745,234165,14091,686195,416480,91618.5,560095,245585,570080,941680,196020,116590,319070,498270,98396.5,1.05655e+06,713660,782030,574835,74717,42028,18665.5,7814.55,9949.85,82846.5,23768.5,6645.55,854.62,49286
2018-03-28,6610.85,45636.5,31649,319985,72173,885885,1.8413e+06,186575,393220,425620,508455,314200,223275,539030,303780,4.2743e+06,262520,194305,159375,170130,120860,807555,217280,12585.5,668940,411105,86929,519985,243435,526910,923500,194820,106705,296430,397670,96392,978925,713660,845415,627925,83135,39259.5,17112,7289.6,9022.7,82206,21909.5,6215.05,803.725,48928.5
2018-03-29,6112.3,47597,26975.5,301100,67385.5,819755,1.7463e+06,178450,356380,404170,458195,313265,220070,533590,325300,4.12355e+06,262520,183935,174715,180240,135800,762080,226070,22534,684110,408425,98235,558710,244855,526910,903440,193230,97659,274445,315765,94146.5,904335,713660,857615,638670,82781,36952,15825,6732.7,8217,78759,20274,5787.55,758.515,48574.5
2018-03-30,6923.05,48930,68935.5,332600,79252.5,981275,1.93325e+06,194940,501750,463480,603800,334070,245835,539100,379345,5.1628e+06,305965,194885,206900,194740,173335,806625,296450,31151,699235,409785,111724,727220,246320,567540,945260,191655,104810,274445,251030,91413.5,832995,713660,890470,655360,83439.5,34517.5,14508.5,6218.3,7480.1,74594,18688,5389.45,715.85,48105.5
2018-03-31,7169.15,48276,71561.5,363435,84913,1.08345e+06,2.08925e+06,201205,637705,507190,794535,356150,280500,540390,397690,5.77295e+06,330650,230680,216070,200855,170650,835950,323395,28649.5,703960,413785,118195,810410,243435,604910,980075,190480,109375,279390,198550,89284,888760,713660,882085,638670,87041.5,32489,13301.5,7077.95,6783,70102.5,17226,5018.75,673.07,47641
2018-04-01,6572.55,47975,62654.5,377455,83639.5,1.14705e+06,2.22785e+06,196205,753265,534405,927910,361595,284890,536310,389770,5.98365e+06,326820,248805,193285,196045,159375,849410,295550,25339,716870,417825,113460,765210,242010,559645,1.03648e+06,189315,108035,277050,157655,86692,893875,713660,857615,613130,84240.5,30348.5,12250,6969.6,6177.3,65372.5,15879,4673.55,635.21,47295
2018-04-02,6112.3,46940,58785.5,375130,84514,1.13965e+06,2.1892e+06,193890,848710,551190,855610,359510,271040,533590,389770,6.358e+06,321920,239780,176780,192250,151975,837350,276530,22646.5,714295,421915,108065,721055,237775,519750,1.04825e+06,187770,103472,266345,125335,84175,858775,713660,828510,584395,76759.5,30954,15453.5,6936.35,8125.05,61207.5,14689,4352.05,599.485,46952.5
2018-04-03,5648.65,45636.5,51280.5,374080,81663.5,1.13965e+06,2.17685e+06,188225,810965,541035,797420,357410,259815,528210,369700,6.4111e+06,309985,234005,160090,183375,136635,825300,254465,20226,711660,421915,102534,669420,232245,482705,1.0689e+06,186235,99408.5,255865,99524.5,81969,843210,713660,795500,552785,71783.5,41054.5,16964,6867.75,8756.75,57291.5,13540,4052.7,788.3,46499.5
2018-04-04,5222.65,46521.5,66477,361315,77833,1.0911e+06,2.0806e+06,185410,796190,537055,726505,349135,247295,522880,392130,6.34075e+06,309930,224235,144325,190245,156485,795940,276880,20880.5,735840,423290,114775,707145,226845,448295,1.0663e+06,186620,92215.5,240915,78716,79827,795670,713660,766150,522990,63977.5,45085,16964.5,6534.95,8699.55,53425.5,12481,3773.95,884.93,46050.5
2018-04-05,4826.5,46206,74309.5,342990,73170,1.01897e+06,1.9385e+06,182140,745745,511940,659575,340040,244640,514985,400535,6.1856e+06,306420,212900,130765,187675,156130,762080,290320,19372.5,749115,423295,119360,757670,220915,414350,1.0508e+06,185850,104058,223820,62578,77509,741895,713660,733275,496585,56363.5,44315.5,17412,6096,8949.45,49821,11504.5,3530.65,925.43,45716.5
2018-04-06,5252.5,45352,64979,324615,68787.5,951640,1.79635e+06,175305,683420,482565,598810,329275,237820,507210,383925,5.9842e+06,296250,201535,153055,192250,141775,803495,269715,17131.5,735430,423290,112200,728530,215155,384815,1.03305e+06,185850,103910,207940,49689.5,75478,689560,713660,703970,469725,49473.5,44652.5,16748,5686.45,8522.25,46459.5,10604.5,3287.8,987.71,45385.5
2018-04-07,5686.3,44788.5,61220,307285,64225,883240,1.65035e+06,180055,721015,503470,673820,344540,232840,499550,416330,6.85975e+06,331440,190785,273945,234240,280995,868880,352580,31313,760280,433085,119980,808810,214515,463585,1.0131e+06,188550,108715,193190,39503,73506,637025,713660,675920,444410,43242,42993.5,15688,5252,7855.1,43324.5,12507,3061.65,984.255,44947
2018-04-08,6065.3,43683.5,53404,290015,60377.5,903345,1.76905e+06,185015,730305,522410,843425,364595,256620,492005,421990,7.3682e+06,343770,180605,317350,257465,352220,904160,474140,42910,765480,435870,129515,948710,212615,552590,1.0571e+06,189315,173600,196605,116988,81511,642965,713660,714735,484865,59359.5,40774,14508.5,4899.2,7212.15,40401.5,13473.5,2978.55,949.27,44513.5
2018-04-09,5615.9,42340,45745,273715,56560,891060,1.7926e+06,184860,683420,535300,887340,375795,272740,484575,407835,8.2619e+06,329295,170965,281765,256250,310010,910210,508510,37036,776715,441555,121855,1.03262e+06,209525,571350,1.08525e+06,190870,192750,195070,140140,86917.5,632870,713660,771765,510935,67483.5,38378,13301.5,4524.9,6565.4,37675.5,13242.5,2953.55,905.555,44405.5
2018-04-10,5189.9,41168.5,39184.5,258330,52996,850905,1.7216e+06,182730,659010,509985,812220,370195,261650,477260,398700,9.35165e+06,319495,161845,254025,259330,283110,920055,470800,33101.5,788125,442995,114755,949195,207075,526910,1.08465e+06,191650,184020,184355,165130,86692,703495,712675,869860,569340,82814,37211.5,16240,12508.1,8949.3,35275,13540,3463.55,1356.02,44622.5
2018-04-11,4798.55,39776,33260.5,243810,49645,824860,1.6977e+06,179505,612785,493380,765315,369095,253500,470055,378170,1.04348e+07,305340,153210,229010,249315,253265,893770,438750,29399,785295,440130,108880,874705,202870,491710,1.0979e+06,192045,179955,177665,199695,88238,823770,711690,1.02226e+06,669870,111356,43846,22607,20355.5,14286.7,36280.5,15155,4451.15,2444.5,45059.5
2018-04-12,4434.6,38553,28372.5,230110,46516.5,779985,1.6044e+06,174265,557500,466730,702745,360550,242115,462955,355995,1.15845e+07,291805,145035,206460,235940,225295,858950,405360,26256.5,779585,434445,102534,809190,198730,454475,1.16e+06,191260,167640,166750,184725,87457.5,912230,711690,1.1463e+06,677620,122930,49512.5,25657.5,29218.5,13621,38886.5,16508.5,4430.3,3372.65,45832
2018-04-13,4100.15,37367,24183.5,217175,43575.5,728435,1.4948e+06,167185,507210,439950,640250,351190,230455,455965,332600,1.268e+07,276775,137295,186135,222375,200410,819340,373020,23319.5,765480,428835,96913,748345,193545,420210,1.2145e+06,190480,153430,154925,179800,85925.5,915425,711690,1.19905e+06,705695,122475,48164.5,26651.5,32029,14778.5,52651,18185,4757.55,3767.35,46162
2018-04-14,3813.05,36217.5,20527.5,204970,40829.5,676075,1.3852e+06,159440,459685,411650,581265,340040,219355,449080,313100,1.37735e+07,263490,129970,292385,269885,272455,917045,404005,36867,785730,434520,111369,915240,189050,447750,1.2877e+06,189700,141675,143930,153450,83924,929600,711690,1.249e+06,692835,123450,48354,28077.5,35728,14359.5,67555,18072.5,4695.2,4276.45,46499.5
2018-04-15,8409.35,38151,75380.5,267770,60522,1.00611e+06,1.69265e+06,186765,667930,466375,792075,360345,247810,453715,485460,1.51845e+07,313795,151570,395660,312635,645340,941460,517930,47597,788125,433045,119745,1.02142e+06,197280,613905,1.3818e+06,192065,147105,159810,167950,81731,1.05338e+06,711690,1.29685e+06,727775,112735,46375.5,27006.5,35206.5,13344,79305,18342.5,4469.9,4354,46499.5
2018-04-16,12245.6,38439.5,100006,367775,80489,1.28586e+06,2.0396e+06,207270,798355,497330,974095,386930,285075,457165,555135,1.6111e+07,337075,190105,467920,329595,793750,996615,601610,41468.5,796760,444450,126745,1.10586e+06,201765,745665,1.48695e+06,191655,196005,199995,204340,90571.5,1.28375e+06,711690,1.48295e+06,914190,126675,47082.5,30777.5,33327.5,12693,84458,19181.5,4199.7,4260.5,46274.5
2018-04-17,11122.5,37957.5,83850.5,445890,90825.5,1.4093e+06,2.2392e+06,199725,719115,516075,1.04156e+06,407070,314390,455965,515430,1.65565e+07,331790,218210,416705,319485,699890,996405,555970,37036,808460,447325,122775,1.04545e+06,202870,863295,1.5873e+06,193625,202225,242970,207680,96075.5,1.50765e+06,711690,1.677e+06,1.07208e+06,128595,45479,30893,31399,11572,89173.5,19094,3945.85,4065.25,46050.5
2018-04-18,10283.8,37837,76174,429790,93678.5,1.37325e+06,2.23925e+06,196205,678465,506235,981985,399490,297070,453660,492595,1.6741e+07,331790,227625,373815,318270,619065,1.0001e+06,528915,32893.5,820330,448790,120940,1.01484e+06,205270,802540,1.6215e+06,194020,191465,236125,188090,95825.5,1.6719e+06,711690,1.7192e+06,1.11255e+06,118655,43649.5,30098.5,29000.5,10707.5,87472,18207,3674.4,3864.4,45606
2018-04-19,9503.8,36903,66173,424845,97619,1.3777e+06,2.2647e+06,189350,624155,502510,963690,395975,282760,449080,463710,1.65125e+07,321920,231855,335510,304735,550690,971540,490780,29214.5,814440,445885,115620,945825,203460,762625,1.6575e+06,193625,184800,235305,179800,96961.5,1.6743e+06,711690,1.8076e+06,1.18045e+06,114540,42028,29838,27052.5,9788.8,83805,17675.5,3421.65,3659.9,45275
2018-04-20,8787.1,35992,56403,407985,94973.5,1.3148e+06,2.1646e+06,181650,569800,480725,894640,386805,270115,444550,434935,1.60205e+07,307650,235440,302475,287290,489865,933485,453590,26111,811440,440130,109280,874705,199900,708265,1.6534e+06,193625,171435,223045,152070,96392,1.6948e+06,711690,1.7963e+06,1.17175e+06,103331,39858.5,28077.5,24985.5,8914.85,78759,16659,3186.3,3454.05,44947
2018-04-21,8171.75,34885.5,48314,387290,90518.5,1.23555e+06,2.02265e+06,173765,514635,453140,818280,375640,257100,437835,407835,1.5413e+07,291805,227660,272690,269745,431145,887320,419070,23319.5,796825,433045,103310,812075,195835,654865,1.6294e+06,192440,157565,207940,124215,94420.5,1.61885e+06,711690,1.7518e+06,1.12915e+06,91368.5,37516,26192,23196.5,8115.45,74017,15470.5,2980.9,3259.75,44513.5
2018-04-22,8120.55,36505,58038.5,379345,89865.5,1.18565e+06,1.8794e+06,166190,464820,425620,742890,364800,254310,431220,381035,1.48295e+07,278875,216825,367215,315110,547570,840480,385635,23767,817765,431625,103310,748345,191280,608190,1.60575e+06,191650,144205,193190,99135.5,92221,1.51385e+06,711690,1.6978e+06,1.07605e+06,79859.5,35310.5,24122.5,21526,7359.15,69023,14315.5,2775.85,3065.6,44405.5
2018-04-23,13727.5,41997.5,156324,448010,124766,1.4871e+06,1.7797e+06,166700,526175,477845,696575,362645,261935,481435,469255,1.4189e+07,278875,237385,462700,330780,896010,933400,414205,24494,817375,435905,106180,709945,223690,767150,1.57475e+06,190870,158620,217795,79119,100267,1.403e+06,711690,1.63515e+06,1.02172e+06,70098,36015,23272,19881.5,6701.95,64625,13195.5,2584.95,2893.2,44622.5
2018-04-24,23549,43572.5,163890,520465,158325,1.6247e+06,1.813e+06,162735,612470,527185,668570,358410,259750,527840,482520,1.35765e+07,279960,270555,519255,350060,1.07468e+06,958470,413945,23563,826335,440150,104825,664135,253715,890440,1.5406e+06,190480,158295,242400,62823.5,108196,1.2961e+06,711690,1.565e+06,998920,75446,47766.5,21263,18363,6100.95,60265,12164,2407.15,2730.45,44839
2018-04-25,23730,43278,136430,555540,177645,1.5454e+06,1.82125e+06,158015,679020,566170,648975,349135,250810,525535,460225,1.29905e+07,275640,289590,462210,347075,942795,1.01118e+06,382440,20958.5,838470,447350,100252,616885,310750,992750,1.5109e+06,189315,148095,258070,49944,115560,1.1935e+06,711690,1.50725e+06,984315,75598.5,48354,20008.5,17129.5,5532.4,56408.5,11252,2241.55,2567.3,44838
2018-04-26,22039.5,45954.5,119600,541690,174940,1.52635e+06,1.7463e+06,153865,649495,529175,598810,343055,242115,528210,491140,1.2465e+07,268540,286965,416705,393650,829785,1.07525e+06,393970,22809,847670,456155,101378,576985,343350,921895,1.47805e+06,188540,141675,250780,39658,116395,1.1026e+06,711690,1.4426e+06,945410,69545,47267.5,19562,15820.5,5016.8,52602.5,10371.9,2087.35,2422.9,44838
2018-04-27,20250,46357,136305,555705,175520,1.45225e+06,1.6977e+06,148490,644790,500725,564230,339010,231290,551915,542705,1.1959e+07,272580,307825,373815,406575,730320,1.07125e+06,402545,22351.5,841560,459110,100602,555485,369560,1.07041e+06,1.4495e+06,187385,130820,248240,31527.5,118475,1.01858e+06,711690,1.3807e+06,917830,66845,46727.5,18810,14612,4568.8,49053.5,9560.6,1952.15,2286.6,44730
2018-04-28,18832,45922,122970,547715,169040,1.3563e+06,1.6044e+06,142455,603940,470190,516075,332140,220905,558585,553700,1.14425e+07,267430,325625,335510,396810,645980,1.07125e+06,385315,19752,835445,459110,97979.5,525435,376160,1.15755e+06,1.5606e+06,186235,120285,234550,24936.5,117085,938020,711690,1.3255e+06,877970,60050,44652.5,17644,13496,4159.05,45744,8812.8,1817.85,2150.4,44513.5
2018-04-29,17302.5,45636.5,107668,529295,160005,1.2588e+06,1.49075e+06,135855,557500,439950,472025,323535,210265,558515,539320,1.0978e+07,258585,315415,302475,390610,571785,1.04065e+06,360820,17542.5,820400,456155,94410.5,489980,371765,1.06885e+06,1.6486e+06,184715,110555,218610,19800.5,115035,864025,711690,1.2727e+06,833640,52903,42028,16817.5,12589,3771.45,42657.5,8123.5,1692.8,2029.45,44084
2018-04-30,16091,44788.5,96521.5,511240,150420,1.1683e+06,1.3774e+06,129560,507210,413225,426870,316045,200140,561350,529305,1.0534e+07,250890,307825,272690,372575,505755,996405,340415,15679,802650,450260,90253.5,459930,364205,1.01117e+06,1.78225e+06,183965,101182,203100,15741,112355,798200,710705,1.2181e+06,788550,46436,39558,15623.5,11627.5,3419.95,39779,9927.45,1576.35,1908.2,43870.5
2018-05-01,14784,43411.5,83436,486670,141410,1.08435e+06,1.26885e+06,124295,458105,386650,387545,306920,190495,555690,503880,1.01067e+07,239770,294970,245845,352585,449890,947110,315875,13925,779585,441570,85947,426995,354675,930460,1.9307e+06,182460,92606,188085,12450.5,109735,737385,709720,1.1694e+06,746050,40587,37233,14383,10739,3114.6,37095,10041.1,1467.95,1800.85,43447
2018-05-02,13749,42076.5,71174,460685,132030,1.00018e+06,1.1692e+06,118540,415185,361785,350600,298065,181315,550085,472610,9.69745e+06,229145,280060,221640,331055,397950,897110,291835,12436.5,762730,435870,81251.5,396420,343405,864135,2.07565e+06,180970,85149,174740,9886.15,106550,681205,709720,1.1228e+06,708385,35475,34780.5,13301.5,9969.8,2835.25,34592,10069.2,1367,1699.55,43131.5
2018-05-03,12706,40782.5,60665,434790,124120,928275,1.0742e+06,113050,374995,338515,318300,288600,172580,541775,443165,9.3039e+06,217345,265115,199815,309575,352230,849570,269715,11045.5,740810,427455,76796,366725,333455,795155,2.11485e+06,180230,78261,162345,7859.35,103755,627310,709720,1.0746e+06,670070,30875,32489,12194.5,9252.25,2571.05,32388,10144,1272.95,1598.35,42819.5
2018-05-04,11748,39528.5,51749.5,410355,115885,856210,986915,108450,338690,317870,288975,279460,164270,533590,414045,8.95145e+06,206910,250970,180950,290665,313325,801725,249190,9872.1,722115,419200,72600,340465,321895,738480,2.1617e+06,178760,71627,150305,6216.3,101043,579520,709720,1.02845e+06,633960,26986,30579.5,11231,8545.4,2341.45,30202.5,9703.15,1185.4,1508.4,42406
2018-05-05,10857,38312.5,44109,386135,108945,794670,909165,103430,307075,297425,262350,271400,156360,525535,386835,8.61235e+06,197015,237575,163130,272915,278720,759405,230300,8817,703960,411105,68619,316085,312570,679530,2.1617e+06,177305,65859.5,139645,4935.95,98111,535365,709720,990565,599670,23586.5,28565,10339.1,7892.55,2123.25,28270,9045.6,1345.4,1418.25,42098
2018-05-06,10038.1,37134,37440.5,364435,101720,737545,835280,98639,277345,278295,238185,262780,149365,517600,364155,8.2638e+06,186870,224900,147065,255275,247935,719160,220745,7830.8,683730,403170,68619,292325,302610,631095,2.27865e+06,176215,60531.5,129735,3924.05,95540,493130,709720,948045,567350,20616,26683.5,10065.1,7362.4,2206.8,26362.5,10328.9,2225.55,1338.5,41996
2018-05-07,9276.6,35882,31938,343950,95627.5,682325,769670,94627.5,250500,260395,216240,254460,142660,509785,340225,7.9508e+06,178590,212275,132585,239685,220550,678660,205760,6998.9,666475,396660,66318,271390,292990,583305,2.37965e+06,175135,55400,120145,3103.7,93043.5,455565,709720,907365,538705,17953,27205.5,15439.5,6799.9,2384.65,24584,11384.6,2683.05,1263.25,41793
2018-05-08,8577,34778.5,27222,324615,89284.5,631390,707120,90244,226250,243645,197010,246385,135785,502090,317870,7.62815e+06,169390,200940,120130,225050,196190,642705,191805,6250.75,649720,390275,63426.5,251955,283650,539330,2.5107e+06,174065,50939.5,111620,2464.45,90342,420855,709720,873890,509565,15691.5,25306,14135.5,6280.4,2256.65,22925.5,12263.5,2914.75,1209.2,41490.5
2018-05-09,7976.4,33602,23107,305515,83936.5,586005,651420,86063.5,205050,227975,178860,238585,129240,494510,296980,9.33545e+06,161260,190220,108305,211305,174520,608770,177975,5551.65,633325,382740,60633.5,233080,275430,500885,2.6614e+06,173000,46819,103701,1949.2,87719,388790,709720,836390,482100,13715,24455.5,17813.5,5800.6,2247.9,21378.5,12345,3186.3,1205.1,41390
2018-05-10,7328.65,32568.5,19711,288340,78368.5,543885,598480,82565.5,185200,213315,162380,231010,123015,487045,279565,1.06486e+07,153550,180075,98073.5,198400,155245,574485,165145,4961.85,617400,376565,57530,216395,267450,462950,2.8145e+06,171585,42850,96345,1549.6,85420.5,359170,709720,800500,456025,11987.5,23108,21027.5,5410.9,2114.15,19936,12481,3158.05,1209.6,41089.5
2018-05-11,6815.45,31567,16801,272135,73674.5,503165,551470,78741,167910,200360,147420,224345,117090,480900,261195,1.0856e+07,146175,169930,88418.5,186280,138790,546075,153235,4431.45,601820,370510,54585.5,200895,259705,428050,2.97605e+06,170530,39400,89199.5,1230.45,83188.5,331810,709720,768505,431450,10432.8,21750,23912,4997.55,1948.65,18591,11938.5,3020.5,1175,40792
2018-05-12,6298.5,30596,14331.5,256840,68787.5,465605,508025,75093.5,151655,188140,133840,217240,111450,474845,244925,1.13465e+07,139185,160860,80110,174905,123460,515320,141575,3935.8,586685,364530,51404.5,186515,252180,397540,3.13995e+06,169490,36212.5,82871.5,978.225,80773,306525,709720,737880,408110,9118.95,20471.5,24013,4615.75,1781.55,17336.5,11169,2837.9,1154.1,40496
2018-05-13,5823.55,29655,12216,242400,64438.5,432140,468120,72041,137450,176040,121985,210340,106835,467675,229725,1.1348e+07,132505,152275,72222,164225,109820,488015,130845,3517.65,569825,359820,48774,173160,244870,367435,3.17695e+06,168110,33143,76992.5,438.88,78656.5,283175,709720,706220,386115,7970.3,19123,24647,4285.25,1622.4,16231.5,12872.5,2666.35,1244.35,40398
2018-05-14,5381.8,28655,10369,228780,60377.5,401075,431245,68704,124145,164715,110750,203680,101688,460615,214625,1.11615e+07,126165,144150,65402.5,154195,98246.5,462250,121415,3141.7,555445,354030,46099.5,160755,237775,341245,3.22375e+06,167075,30474.5,71530.5,386.81,76601.5,261595,709720,675920,366620,6966.35,23526.5,35125.5,3976.75,5065.4,18019,16521,3026.2,1802.45,40497
2018-05-15,5628.25,27685.5,8845,216530,56560,372245,396200,69977.5,153180,154120,100544,197215,96788,453660,202045,1.07985e+07,120110,136460,58963,148740,87395,437760,112660,2790.3,541480,348315,43581,148670,230885,316920,3.2004e+06,166050,28009,66455.5,5013,74377.5,241665,709720,650975,346790,6790.85,39784,77192.5,3781.25,13834.6,25583,22528,3750.5,2471.35,40894
2018-05-16,8246.6,26834,7539.05,256495,52996,377005,445290,70364,171150,144210,91282,191525,92125.5,454820,188765,1.04185e+07,114365,154725,53422,153160,77742,414645,104085,2914.95,527820,344930,41191,138025,230885,293030,3.1539e+06,165035,25634.5,69086,8370.7,73716,227240,709720,646835,329285,7462.05,55509,116089,4077.55,30327,60150.5,41902.5,5092.3,3606.05,41904.5
2018-05-17,8276.1,26009,23115.5,311105,55936,438575,614625,73150.5,238435,134935,82872,187075,87687.5,453660,198830,1.00509e+07,108875,193345,51366,151700,80857,440600,96579.5,2928.1,533715,341580,44430.5,128145,228160,323625,3.1005e+06,164025,25163.5,70674.5,13869.8,75983.5,222400,709720,698150,472565,19078.4,64117.5,161735,4250.4,41685,120074,72206,7371.4,5128.2,43573.5
2018-05-18,7643.85,25209,30146.5,348795,62122,545710,837170,83066.5,287395,133890,99584.5,185435,92701,451365,215790,9.67015e+06,106010,229375,47642.5,146480,80213.5,459925,96166,3205.75,535620,340475,44069.5,118970,231555,325955,3.2524e+06,163020,35629.5,71747,24004,80444,225335,709720,1.03772e+06,1.07663e+06,28149.5,74704,194905,7846.15,57037.5,233610,125735,11654.5,6762.7,46211
2018-05-19,8207.65,24433.5,36011,347950,70987,633310,1.43358e+06,86589,291835,146150,117630,189945,91782.5,457135,226510,9.2788e+06,107715,233970,43614,141940,77999,492340,92584,3303.35,525920,338270,42292,110450,235700,304060,3.35435e+06,163695,66217.5,74959.5,65672,86040,250595,709720,1.6974e+06,1.87545e+06,37797,76739,222770,10218.1,71828,341835,199115,12015,10187.5,51275
2018-05-20,8548.2,25910.5,34181.5,353050,75191,735355,1.92815e+06,87862.5,399350,156995,134820,189840,88308.5,457115,222885,8.9273e+06,105210,232585,42961.5,135385,71756,513325,91063.5,2925.85,520175,338270,40883,102542,234295,286280,3.31945e+06,163355,64916,77744,74517.5,92890.5,274655,708740,2.3175e+06,2.4983e+06,45016.5,95361,252060,10954.5,89290,445095,284450,15113,16382.5,58085.5
2018-05-21,7880.5,26780.5,40438,341965,94517.5,836280,1.95525e+06,97692.5,420195,163470,133365,196700,85851.5,464140,413665,8.565e+06,102490,231855,39660.5,128125,66982.5,515320,90691,2907.55,508925,337170,38940.5,96581,233615,265875,3.31145e+06,163685,65555,81487.5,465164,100876,355575,707760,2.58345e+06,2.82685e+06,58030,102126,280760,18897,109607,582140,394820,21698.5,21984.5,65983.5
2018-05-22,8289.4,26501,50851.5,364335,115336,1.25384e+06,2.0457e+06,105228,514235,194870,165655,198355,82294,468875,496920,8.2406e+06,99823.5,235395,36122.5,120300,59883,515320,91076,2704.05,497915,338270,43817,108213,230885,262105,3.27125e+06,165375,74678,98934.5,1.06636e+06,110890,453205,707760,2.91005e+06,3.1354e+06,74574.5,110010,306110,26343.5,122720,683750,476830,23149,27274,75330.5
2018-05-23,9192.1,26667.5,61048,373315,125005,1.48495e+06,2.5397e+06,113930,619370,231195,170455,197805,78330,479710,496325,7.92845e+06,95754.5,245240,33185.5,112950,65668.5,500600,86340.5,2391.55,505360,340490,56506,115085,232940,249090,3.216e+06,166740,90831.5,130881,1.2878e+06,121515,515780,707760,2.9839e+06,3.1587e+06,85622,109935,302210,27052.5,123065,705775,552530,24398.5,29526,81827
2018-05-24,9287.45,26172,75542,424075,139105,1.76765e+06,3.012e+06,119230,729155,260315,164815,196645,88763.5,485800,503880,7.62815e+06,91511.5,271620,30201.5,106050,65203.5,479305,82825,2616.15,520565,344945,59664,124800,233615,232570,3.3218e+06,167765,101862,150225,1.02012e+06,132250,537065,707760,2.94675e+06,3.06655e+06,84771.5,110370,302210,29877.5,124070,728030,630900,25283.5,31395.5,87352
2018-05-25,15818,25526,75202.5,503935,140445,1.82235e+06,3.47955e+06,120665,778265,292785,182410,198965,91614.5,485800,481560,7.3392e+06,92224,302905,28910.5,100366,87391.5,493825,90538,2926.15,539885,351765,69272.5,136900,231555,217995,3.41175e+06,168800,97659,181635,899080,142305,555310,707760,3.16595e+06,3.30255e+06,105218,105855,284380,29582,116690,711270,698720,24503.5,31285.5,89930
2018-05-26,20711.5,24741,84080.5,566355,142385,1.89165e+06,3.8266e+06,121380,770710,338970,272045,212125,88933,487045,455100,7.0612e+06,92584,321685,29671.5,102022,92406.5,526345,88832.5,3168,551560,361030,75135.5,153880,230200,203355,3.5207e+06,169145,96797.5,200675,741030,152700,594575,707760,3.58755e+06,3.7885e+06,110160,120075,262995,28149,107555,774720,763330,23228,30174,91027.5
2018-05-27,18941.5,23980.5,77959.5,557585,136640,1.82235e+06,3.7668e+06,118180,762195,368840,419090,219950,93160,482125,426745,6.79375e+06,103036,342570,29918,102794,86903,528335,148488,3716.05,551410,370540,87144,228715,226845,197670,3.65155e+06,169145,117854,202450,599120,162925,637340,707760,4.02125e+06,4.14905e+06,121750,123345,307765,26258,118505,816850,805970,21823.5,28683.5,90808
2018-05-28,34653,28549.5,88927.5,559150,140985,1.71255e+06,3.75565e+06,126120,833900,372630,611730,219145,94114,482125,398700,6.5364e+06,106065,364010,29606,109270,84173,607690,157755,3619.9,553450,381515,88611.5,278795,232345,198750,3.79675e+06,170900,140695,205180,782775,173305,747220,707760,4.55115e+06,4.7027e+06,157990,129395,317605,24494,119170,860700,797725,20682.5,27165,90368.5
2018-05-29,48241.5,34257.5,137372,624000,157515,2.03115e+06,4.36545e+06,155295,948350,441145,793275,265265,129853,501215,565545,6.3236e+06,159020,384455,68519.5,157410,255614,626670,147000,3788.25,545440,386470,83727.5,269380,264170,207580,3.9477e+06,174105,329135,261620,1.00436e+06,182190,858505,707760,5.15645e+06,5.23165e+06,203910,136400,333895,22622.5,111120,846880,785995,19602,25637,92164.5
2018-05-30,46920,40931.5,210940,678390,179455,2.3154e+06,4.7194e+06,172580,998435,462135,884410,293505,166015,522085,720605,8.13925e+06,191790,404855,133542,186505,437170,626670,172945,7365.6,533640,390260,79733,266435,298265,211100,4.1042e+06,178055,425285,305095,1.39404e+06,192115,972300,707760,5.31035e+06,5.3421e+06,231420,143265,353120,26197,139595,987075,844990,28485.5,24895,93737.5
2018-05-31,43397.5,45249,245015,722660,186670,2.422e+06,5.0188e+06,176345,979765,491630,976150,317525,201840,544810,793200,9.04705e+06,225280,423755,173965,215565,503215,671575,172100,7586.85,543575,395385,75376.5,250095,362455,222405,4.2357e+06,182835,402935,332315,1.7301e+06,200780,982025,707760,5.4962e+06,5.4413e+06,275460,149345,373585,34693,147800,1.0966e+06,879860,41660.5,24998.5,97699
2018-06-01,43673,46499.5,200980,702750,185425,2.3011e+06,4.7886e+06,183815,972670,487880,963690,323535,190495,570165,772165,9.25125e+06,232635,420000,153480,220630,435760,691145,161720,6632.7,537490,394080,71518.5,233080,422870,233805,4.25615e+06,185850,380470,321205,1.8358e+06,209840,1.00015e+06,707760,5.4451e+06,5.3027e+06,314485,155685,390175,43277.5,159130,1.1849e+06,887555,53600.5,24898,103591
2018-06-02,45649.5,48276,172155,690665,184810,2.2373e+06,4.66905e+06,180575,914175,486145,960305,332165,181975,590590,778015,9.72275e+06,241590,417455,138985,228620,393735,678660,184795,7207.2,527820,395365,67597,216395,460790,255850,4.27695e+06,187770,349695,315840,1.5171e+06,218680,958370,707760,5.2934e+06,5.09065e+06,305790,161070,407415,54555.5,155885,1.28455e+06,921480,54627,24195,110610
2018-06-03,42591.5,47975,177080,659425,188615,2.1025e+06,4.38765e+06,175305,837775,465070,898150,328295,212220,596580,743545,9.75005e+06,236175,401210,125300,220630,352230,673760,207855,7636.9,520175,394090,63904,200895,482920,264695,4.23545e+06,187770,321535,342360,1.3371e+06,219950,896210,707760,5.1144e+06,4.8521e+06,346730,157545,393975,71988.5,154620,1.36525e+06,945120,57626.5,23764,118360
2018-06-04,39394,46791,147470,651535,184710,2.15605e+06,4.06485e+06,168175,762195,439950,818280,320690,241155,602660,699950,9.56405e+06,225710,380990,112965,208795,311560,649790,193405,8280.05,508925,389000,60400,186515,490115,255090,4.174e+06,187385,294280,350745,1.10208e+06,221250,832995,707760,4.91e+06,4.58965e+06,368960,155180,385430,86559.5,144860,1.35465e+06,911445,56366.5,22754.5,123570
2018-06-05,36406,45496.5,129815,613375,177945,2.16185e+06,3.7345e+06,160385,688405,411650,742890,311430,243940,599610,656340,9.3039e+06,215710,360665,102350,197595,277150,622145,183995,7417.15,497915,386470,58375.5,173735,484430,248115,4.0934e+06,187000,268085,367560,887535,217370,769530,707760,4.71435e+06,4.35795e+06,368830,147705,359555,90000.5,132945,1.34415e+06,990015,53433,21630,127830
2018-06-06,33660.5,44097.5,111200,587385,172550,2.1334e+06,3.43105e+06,153865,621765,386650,674450,301575,232085,593560,613210,9.00095e+06,205355,341420,92272,185525,246540,593465,172155,6632.7,485395,383970,57952,208620,471755,232570,4.01435e+06,185850,245360,352745,708350,213565,710905,707760,4.51205e+06,4.12305e+06,349860,138520,332515,94583.5,121540,1.29305e+06,1.0071e+06,57866,20485.5,129695
2018-06-07,31107,42741,94388,555925,163335,2.05085e+06,3.13445e+06,146740,561570,363075,612315,292875,222470,584595,572915,8.66e+06,195530,323200,83558.5,174195,219310,562130,159055,5890.85,473150,381490,55809.5,227770,456770,215990,3.93685e+06,185095,225605,343430,562460,207965,733885,707760,4.3456e+06,3.9e+06,334855,129865,304845,91806.5,110690,1.21515e+06,952850,60406.5,19333.5,130015
2018-06-08,28761,41295,80451.5,526245,153550,1.98805e+06,2.8712e+06,139940,507210,339720,551790,283575,211755,578700,535265,8.33195e+06,186145,305000,75331.5,163560,195085,534330,147000,5231.95,461255,379020,53565.5,226080,440935,200595,3.85155e+06,183965,206480,323365,447145,202530,735240,707760,4.1591e+06,3.6898e+06,319790,121310,278215,86494,110645,1.30315e+06,914980,67992,18246,129075
2018-06-09,26579.5,40025,68288.5,495190,144350,1.86825e+06,2.63085e+06,134255,458105,317870,500950,274595,202285,569960,500090,8.01635e+06,177245,288725,67914.5,153570,173535,507905,136400,4676.15,451275,376560,51404.5,218785,423150,186295,3.7679e+06,182460,188980,300420,355055,196650,769745,706780,3.98065e+06,3.49025e+06,301330,113320,254010,80683.5,122710,1.3634e+06,961620,82990.5,17159.5,130340
2018-06-10,24575,38794,62686.5,479485,136590,1.7872e+06,2.5259e+06,130300,468630,367895,476675,281300,193200,571420,469055,7.71275e+06,178630,289630,61532,144190,154370,479305,129655,4271.75,441480,372905,48774,212380,408480,172190,3.69515e+06,181715,173690,294245,282265,192070,744065,705800,3.83375e+06,3.30215e+06,268255,116980,232875,74519.5,122460,1.40305e+06,997865,96919.5,16194,130970
2018-06-11,22711,37601,56458,518235,141660,1.7216e+06,2.711e+06,134825,470015,417925,600800,291435,187770,568505,438230,7.4415e+06,191150,293310,55721.5,135935,137320,462105,148190,3798.2,436670,372905,56566,199415,393135,159920,3.61505e+06,181715,158965,332280,283890,186495,732905,705800,3.66925e+06,3.1354e+06,244975,111980,213500,69513.5,135730,1.34415e+06,1.06364e+06,105200,15283.5,132240
2018-06-12,20998.5,36445,54196.5,523210,132940,1.6741e+06,2.72825e+06,138370,438545,443070,779550,297210,180640,564210,439830,7.15965e+06,230215,323900,50235,128125,122150,481980,145700,5405.05,438310,372905,70400.5,204050,379510,165460,3.53655e+06,182090,163495,351240,322075,197705,693775,705800,3.5118e+06,3.1235e+06,217535,114630,194045,64203,152425,1.31325e+06,1.13175e+06,105610,14370,132880
2018-06-13,19405.5,35216,55892,546580,128880,1.5796e+06,2.63085e+06,135855,492015,485200,953210,294595,177465,561350,428125,6.90705e+06,249695,348645,45514.5,120300,135585,531670,186675,5573.5,441480,371705,76014.5,219090,366355,198070,3.4683e+06,183590,184375,334365,341135,200815,648780,705800,3.37145e+06,3.08835e+06,190835,123560,177895,59298,144240,1.24375e+06,1.18565e+06,106555,15772,132885
2018-06-14,17942,38117.5,49201.5,532370,122430,1.50295e+06,2.579e+06,135050,492195,517090,1.0372e+06,293720,173145,552875,434825,6.9461e+06,241590,337280,41217,112950,118985,564770,234410,7995.4,449660,369295,71518.5,214615,353650,230210,3.40135e+06,184720,200275,325530,373290,201345,601105,705800,3.2371e+06,2.9771e+06,166800,127955,163095,54768,138480,1.1689e+06,1.2492e+06,107925,19615.5,131605
2018-06-15,16581.5,38563,45142.5,538310,116250,1.40785e+06,2.716e+06,146335,578880,550135,981985,305340,211165,547295,439660,7.04425e+06,275320,329165,37159,106050,109820,618710,292860,15602.5,454540,368095,67858.5,221210,341390,226015,3.32765e+06,186620,326935,399680,441980,202530,555310,705800,3.0982e+06,2.91175e+06,145785,135405,155985,51089,142515,1.09005e+06,1.3e+06,108935,23721.5,130020
2018-06-16,15510.5,38195,39379,527510,116685,1.3109e+06,2.9713e+06,167405,627195,567720,963690,315375,237320,539030,423530,6.96415e+06,282245,314430,33666.5,106050,98246.5,622145,382770,17742.5,451275,366900,64385.5,232340,329555,214955,3.3776e+06,187385,421935,528165,509330,200160,513005,705800,2.9744e+06,2.7853e+06,127425,142185,163590,47185.5,141255,1.01648e+06,1.24875e+06,109385,28075,128140
2018-06-17,14340.5,38074,33731.5,533720,114640,1.23485e+06,3.3884e+06,179340,683705,555275,948210,316000,257435,530895,414045,6.96415e+06,272625,305815,30487.5,157360,94988,626670,424410,15580.5,449615,364530,60855,240970,319050,206235,3.39315e+06,188540,462035,561670,557000,196065,473920,705800,2.85585e+06,2.6447e+06,142180,148215,179790,43580.5,131355,947900,1.2123e+06,105610,29740,126295
2018-06-18,13259,37252.5,32877.5,535240,110450,1.182e+06,3.45645e+06,203870,794270,549085,975140,314200,244715,522880,392720,6.8313e+06,267500,339630,27486,185540,107162,613195,387310,13838,441515,362165,62049,233915,308910,192390,3.35195e+06,188925,419410,516490,504755,190940,437810,705800,2.7333e+06,2.69515e+06,152830,154505,201080,40460.5,124555,880390,1.13415e+06,102820,31285.5,123865
2018-06-19,12253.5,36217.5,31106,518645,106730,1.10475e+06,3.4117e+06,213185,803745,523415,934215,312360,233730,514985,369700,6.64545e+06,256640,369115,24779.5,172830,98606,589180,357830,12290,431965,357485,73196.5,227945,299065,178675,3.33565e+06,188155,387275,486310,478160,186495,456580,705800,2.61605e+06,2.7144e+06,179715,151690,218605,37547,114800,817925,1.0491e+06,97469.5,30836,122075
2018-06-20,11329.5,35104,27109.5,505360,101360,1.04152e+06,3.35435e+06,213185,793465,493380,874905,305130,222470,507210,345405,6.4291e+06,245265,351980,22551.5,166155,91651.5,562130,329280,10984.5,422620,354030,73698,213965,289565,165940,3.28725e+06,187385,354445,451815,404910,181080,467250,705800,2.5195e+06,2.63465e+06,233715,149415,212535,35526.5,104958,762740,967065,91578.5,29740,119730
2018-06-21,10470,34024.5,24404.5,482505,95627.5,972450,3.17005e+06,213830,770710,463295,824385,296325,212525,499550,325150,6.2198e+06,232635,336225,28986,183815,99454.5,534330,305545,9810.1,414945,352860,77275,199415,280335,154115,3.2317e+06,186615,324400,419760,329045,176335,447305,705800,2.4114e+06,2.6058e+06,289820,142215,266870,44790,95581.5,705775,884845,85279.5,28271.5,118565
2018-06-22,9680.25,34910,23999.5,458030,89581.5,905475,2.94555e+06,208185,719115,433495,759650,291975,202980,492005,327705,6.0004e+06,223145,319285,68627,224830,159400,507905,281165,8713.05,413445,352870,79516.5,202460,272210,148420,3.1693e+06,185475,296895,387380,263640,171730,440485,705800,2.3079e+06,2.50165e+06,281310,133860,289620,58420.5,87011.5,675815,815640,79781.5,26775,116855
2018-06-23,9107.9,35334,28788,432285,83936.5,840390,2.7135e+06,199725,656755,405615,692100,284395,194540,484575,328900,5.78935e+06,212475,302245,115297,248815,460480,480995,259765,7787.4,408940,351720,75944.5,238850,267425,206840,3.1693e+06,184340,271730,359895,209595,166740,418300,705800,2.21565e+06,2.3844e+06,288075,125040,277060,57557,78902.5,676180,851780,74293.5,25269,115730
2018-06-24,8520.15,34668.5,31116,407985,78908.5,775150,2.493e+06,191605,595215,380980,626125,277005,185195,477260,333820,5.5701e+06,201530,285225,140980,246350,818675,455600,240075,6954.95,401595,350585,73414.5,232905,259705,261635,3.1848e+06,183210,248695,332135,167275,161895,389930,705800,2.12735e+06,2.264e+06,264040,116805,274665,62318,71549,673335,935365,95227.5,23847.5,114335
2018-06-25,8314.6,34452,28115,385055,73674.5,719435,2.2904e+06,183815,541520,356480,568445,269810,176270,470055,322705,5.37365e+06,192600,270005,124745,251285,834005,433070,222770,6177.05,395785,348315,69657,223715,253665,241330,3.216e+06,181715,228575,308570,132305,157195,361370,705800,2.0361e+06,2.1497e+06,234465,111985,258460,61091.5,82616.5,726635,1.03658e+06,100530,22506,113780
2018-06-26,7782.3,33812.5,26975.5,372815,69261,667725,2.10425e+06,175305,489095,333545,516075,262025,167780,468855,315475,5.1846e+06,182680,267490,113530,241580,730320,408680,204995,5520.85,387225,343815,65851.5,216395,247770,289895,3.26335e+06,180970,209200,285685,105057,153540,334810,705800,1.94875e+06,2.03345e+06,205805,105830,255995,58131.5,84716,795215,1.09435e+06,95749.5,21166,113505
2018-06-27,8419.75,34468,68268,351015,70258,676465,1.93325e+06,167185,441745,322425,554470,256675,160830,465300,299230,4.9882e+06,178525,252500,102806,228620,713490,388465,190215,4930.7,377455,339375,62481,202395,244850,308355,3.25535e+06,179495,191465,264565,87651.5,165905,309300,705800,1.87685e+06,2.049e+06,180545,103420,246120,54226.5,79241,929395,1.02606e+06,124064,19975,114335
2018-06-28,9352.6,41472,67582,334145,67810,652820,1.7709e+06,159440,397455,309595,739180,266180,155760,479935,281690,4.82585e+06,182840,241960,92684,215480,629250,367885,175740,4379.2,369290,334995,59055,187905,249330,287660,3.2395e+06,178030,175235,248995,86653,174620,285735,705800,1.7963e+06,2.08815e+06,157225,98840.5,254010,54226.5,91114.5,1.0354e+06,985310,134345,18781.5,116015
2018-06-29,8940,42488,79650.5,334090,69478.5,717710,1.80815e+06,152955,370505,316835,886130,288065,161070,484605,283820,4.64305e+06,174585,238220,83974.5,202320,562535,348465,162420,3935.8,366585,338315,55828.5,174445,244870,330930,3.2004e+06,177305,160380,230630,118440,171730,263965,704825,1.7192e+06,2.18375e+06,230620,94145.5,279725,56863,107550,1.13395e+06,918215,148345,20449,117715
2018-06-30,8271.25,42872.5,71174,322615,69220,772040,1.7699e+06,145870,365290,320155,983725,298205,182250,484575,277320,4.4793e+06,170015,239030,76044.5,189965,500400,331230,150710,3495.6,392815,340520,53749.5,206490,244870,357870,3.14615e+06,175860,152620,215015,129900,171730,243855,703850,1.91425e+06,2.2983e+06,411955,104042,308690,65792,123140,1.142e+06,849680,149475,23850,119140
2018-07-01,7643.85,43411.5,92124.5,310865,70667,1.02418e+06,1.68815e+06,141990,370995,308615,939120,310625,195900,487045,265170,4.32175e+06,163110,240490,68557,178360,445130,313680,139240,3104.6,407845,344945,52160.5,246765,249230,331915,3.0854e+06,178425,164170,200400,186605,184205,348180,703850,2.0639e+06,2.28905e+06,655365,114515,334600,74990.5,115745,1.32355e+06,780195,152160,28599,120015
2018-07-02,7278.45,42605.5,85820,316250,68316.5,1.1324e+06,1.89205e+06,149770,380355,327600,932165,325590,189155,482125,255345,4.1693e+06,155880,251135,62084.5,167470,395965,297120,128685,2790.3,401595,347180,51774.5,276565,259195,312615,3.0258e+06,181375,167800,189235,161350,188785,418710,703850,2.0878e+06,2.2978e+06,841360,119185,348715,83646.5,144935,1.40485e+06,719170,145535,33007.5,119725
2018-07-03,6893.4,41554,77252.5,308025,71679,1.13255e+06,2.067e+06,153480,420930,329755,865375,340120,183895,477260,262400,4.02265e+06,153500,249350,56756.5,164795,352230,314490,121345,2594.2,400115,352870,61051,300910,257415,291625,2.9674e+06,185875,192470,187360,161350,196695,506720,703850,2.1608e+06,2.22225e+06,849380,125530,338340,85639,161900,1.4699e+06,808240,137960,34492,118855
2018-07-04,6687.4,40276,77640,297635,74250,1.1539e+06,1.98865e+06,150260,451490,317870,884895,341050,198035,470055,258130,3.8808e+06,154145,254745,51191,154785,313325,325765,113535,2374.3,418450,354010,63010.5,291280,260455,270840,2.90315e+06,190480,203060,184215,138955,205575,522470,703850,2.14075e+06,2.12575e+06,886940,133335,374155,87357.5,170780,1.44145e+06,859940,129065,36022.5,117715
2018-07-05,6333.6,39037.5,71540,307350,71679,1.1083e+06,1.98865e+06,149370,492870,336240,844980,342035,194520,462955,247745,3.7443e+06,154090,259440,46588,147640,277150,350245,105410,2124.05,421105,354010,59948.5,332135,262750,250420,2.8401e+06,193625,194885,173580,113496,207365,546980,703850,2.0811e+06,2.227e+06,816405,140050,385600,83954.5,179755,1.5972e+06,797725,120185,35505.5,116015
2018-07-06,5823.55,39287,62915,299245,70702,1.04465e+06,2.0806e+06,145010,482030,332095,782580,335110,187825,455965,240375,3.6224e+06,150105,253295,42001,141885,246540,349695,98199,1886.45,416505,354010,57740.5,330330,262750,232570,2.78525e+06,195220,190660,166750,91405.5,208585,530560,703850,2.22155e+06,2.31895e+06,724960,138520,402725,89882.5,190180,1.652e+06,763055,142065,34244,116015
2018-07-07,5381.8,40701.5,56403,306325,67849.5,969550,2.0036e+06,143260,475070,320230,731930,326380,181315,458310,244985,3.49465e+06,146740,248705,38054,137470,219310,353550,90757,2241.95,411955,352870,63534,313745,271555,215990,2.73145e+06,196830,176795,155960,162064,206145,596405,703850,2.31145e+06,2.4669e+06,638680,136935,411050,102598,194000,1.6958e+06,713865,162480,32552,116870
2018-07-08,4975.9,41432,60653.5,338645,64225,944980,1.92235e+06,148705,448215,308615,769930,319725,187405,458285,274635,3.3717e+06,159570,237575,34460.5,140915,197060,358570,90341,3233.4,405990,348315,74863.5,443345,276255,200595,2.67225e+06,197230,162560,144895,192855,201345,648575,703850,2.30055e+06,2.456e+06,558235,130855,423690,112955,188765,1.65145e+06,658030,169650,36280.5,118585
2018-07-09,4627.5,41168.5,64805.5,329375,68040,997175,1.8374e+06,164150,412175,293065,774055,314150,191985,453660,274210,3.2528e+06,165805,226275,31067.5,133270,226105,383935,90757,3222.5,404500,343815,84542.5,532810,277860,185405,2.61425e+06,198040,156715,146890,247935,196650,722385,703850,2.33705e+06,2.4832e+06,487920,123165,436740,126955,184205,1.626e+06,606560,166340,37704,120015
2018-07-10,4276.5,41038,65753.5,328395,70085.5,990240,1.7216e+06,171780,376430,276250,715785,305130,187110,451365,269205,3.1384e+06,160665,214200,28148,129135,213200,388345,89196,2857.25,397190,340475,79442.5,489980,278690,172190,2.5638e+06,198445,147970,140960,266620,191495,828835,703850,2.2935e+06,2.41075e+06,424655,115500,420410,128085,171910,1.54575e+06,559120,167115,37762,121185
2018-07-11,3953.95,40276,59570.5,316300,68075,963570,1.59535e+06,182835,339990,281620,679485,298065,181315,446810,266140,3.0362e+06,159455,202770,25490,123175,195085,387025,89574.5,3109.55,391460,337180,75376.5,453145,275430,159920,2.5082e+06,198445,162090,143435,251030,186495,925185,703850,2.22275e+06,2.30605e+06,371160,107890,409595,129980,157770,1.45265e+06,513405,159830,38447.5,120895
2018-07-12,3809.65,39037.5,55660.5,301100,67849.5,939885,1.474e+06,182730,366235,299535,626125,289460,176270,440060,253420,2.92915e+06,153550,191950,24753,116125,181085,385665,84917,2772.85,384415,332825,70984,419200,269030,148520,2.4537e+06,198445,161750,140490,243085,181080,929600,703850,2.14075e+06,2.1896e+06,324410,113615,382095,124920,143685,1.35465e+06,471570,175670,37489.5,120015
2018-07-13,3719.15,37837,62245.5,285025,65112.5,894285,1.35425e+06,182730,367045,284535,568445,281105,167780,435620,238565,2.8261e+06,146740,181710,23061.5,109450,161995,373255,81459,2464.45,376095,328525,67351,389185,262775,137930,2.40635e+06,197635,153430,135520,206655,175820,941000,703850,2.0618e+06,2.0716e+06,282505,113320,407280,117685,144860,1.26325e+06,434685,188460,35896.5,118855
2018-07-14,4079.95,36673,69976.5,269760,61415.5,835185,1.2442e+06,178450,347485,278295,516075,272185,160830,432310,238510,2.7341e+06,144500,172015,23187.5,102764,144825,357380,89878,2201,366605,326400,63426.5,359925,255160,128100,2.3542e+06,196825,147470,130605,168790,171730,898835,703850,1.9733e+06,1.967e+06,246925,118285,425360,125315,148030,1.2945e+06,399145,200255,33996.5,119735
2018-07-15,3903,35545,60665,277175,60975.5,832310,1.1981e+06,171190,377730,273050,468530,263565,153080,426875,248240,2.63765e+06,156640,176995,27392.5,101529,138570,342175,123603,2301.9,358675,322185,60180,334150,249230,118970,2.30305e+06,195620,136745,122580,168770,166740,843210,703850,1.9924e+06,2.02085e+06,287030,126760,425695,135355,142320,1.29305e+06,367925,190120,32204.5,121200
2018-07-16,4341.3,34452,56683,273630,64644.5,865930,1.22075e+06,170660,375935,277385,425365,262780,164330,427970,248600,2.5518e+06,163315,182535,72559.5,108166,267170,335935,122360,2545.95,358675,318025,56880,383945,245570,110490,2.30305e+06,194820,127860,114250,152225,161895,781250,703850,2.07105e+06,2.0339e+06,335250,131885,432960,150815,146560,1.22955e+06,337945,183465,30280,124175
2018-07-17,4617,34020.5,60219.5,265120,66962.5,885885,1.22965e+06,165175,390000,274080,426870,278475,164270,427950,242195,2.46205e+06,181430,186775,92052,121195,285995,342335,126020,2492.1,364040,315960,67099.5,493225,244140,102616,2.26955e+06,193230,130325,106145,127615,157195,724025,703850,2.1415e+06,1.9888e+06,361595,129865,444390,166015,146440,1.18715e+06,311510,204595,28577,126285
2018-07-18,4251.75,33388.5,54679,259055,65561,861550,1.1857e+06,159440,443895,284610,422065,295160,158575,424710,236765,2.3752e+06,195870,182820,82407,117490,255980,370500,124890,4692.4,359960,314935,82525.5,590330,239180,112246,2.2367e+06,192045,122855,98297.5,155905,153080,668860,703850,2.14075e+06,1.967e+06,349860,128890,427775,168285,138480,1.1244e+06,287145,208975,26875,127830
2018-07-19,3906.45,32568.5,48554,270015,65561,850905,1.25775e+06,154780,464645,289750,391960,299790,174660,422565,224580,2.2979e+06,221725,180075,76423,117490,236270,470945,149425,11126,382075,318025,92908.5,763945,237070,120110,2.2097e+06,192835,115565,98959,153455,149080,615945,702875,2.2726e+06,2.0825e+06,348380,123165,415055,169970,132945,1.0567e+06,264690,203290,25363.5,128140
2018-07-20,3632.85,31765,43926,297780,62916,907050,1.4564e+06,163630,515100,282435,372085,299815,200140,418300,211410,2.2231e+06,261880,181685,69206.5,112070,211365,518470,145060,9795.75,405180,319055,89233.5,847355,232245,112550,2.17225e+06,192440,110485,111669,166575,161600,682540,701900,2.39915e+06,2.1695e+06,436135,135725,427775,163345,140435,985395,310960,227785,23847.5,127210
2018-07-21,3565.4,32168,51067,313940,62892,983290,1.5349e+06,168840,575110,278295,432350,299815,200830,446790,199010,2.1449e+06,279015,207290,62703,106050,188955,522840,141010,8713.05,421265,319055,87584.5,794175,229505,108465,2.1303e+06,193230,104745,112735,173585,170085,760335,701900,2.53755e+06,2.29095e+06,579510,139165,427620,153165,145730,918925,356980,234525,22506,125985
2018-07-22,3566.7,31861,84865.5,354480,61603.5,990170,1.52485e+06,165210,585780,313330,413905,293720,193200,447955,211355,2.07505e+06,282030,243540,56782,100366,168085,534330,136400,7874.75,424145,320100,83727.5,737305,224195,101220,2.08415e+06,193625,96797.5,110140,199895,176975,852155,701900,2.71785e+06,2.4765e+06,664445,143300,397415,142135,151610,853480,492195,225180,21166,124165
2018-07-23,3437.3,31274,79093.5,401540,59147,981670,1.5335e+06,163260,578145,342885,426610,285240,187825,449080,208960,2.00185e+06,285270,263560,51191,94235,149520,524690,128095,6998.9,428830,318025,79442.5,684515,218985,94004,2.0439e+06,193625,96739,108670,238760,185445,1.02772e+06,701900,2.9502e+06,2.65555e+06,648880,149345,416960,204370,167775,923640,632070,220255,25890.5,122370
2018-07-24,3160.25,30788,72123.5,400965,57151.5,969550,1.4657e+06,158495,561570,343355,421655,277005,180045,453650,202045,1.93665e+06,276775,263505,46150.5,88480,133760,506020,119370,6250.75,424145,314935,75086,635495,213895,87303.5,1.9995e+06,192835,95474,102654,276140,193810,1.2254e+06,701900,3.1384e+06,2.82685e+06,659240,155105,433940,268540,175485,937810,752235,208795,29194.5,120600
2018-07-25,2921.95,30028,67389.5,406775,54471,919775,1.36965e+06,153385,522175,362020,403795,268235,171370,454800,196750,1.8736e+06,264510,267570,41814.5,83733.5,118985,482790,111240,5551.65,414970,311885,70984,587720,208920,81080.5,1.9609e+06,194030,92107,117026,340465,203165,1.501e+06,701900,3.37325e+06,3.0223e+06,601680,160470,444930,328930,169780,897775,724515,196170,33358,121790
2018-07-26,2717.3,29197,58785.5,394070,51208.5,861550,1.26885e+06,148025,480380,379630,386180,260495,163115,451365,187345,1.8077e+06,252790,258730,37865.5,78620,105842,458915,103672,4961.85,405990,307860,67092,543695,203460,75301.5,1.9184e+06,193625,86671.5,119090,300665,204930,1.7977e+06,701900,3.5675e+06,3.01005e+06,534285,157545,446365,419280,167035,880390,708600,183465,34621,122980
2018-07-27,2496.65,28299.5,50355,376245,48140.5,802010,1.17235e+06,141610,436870,379340,358510,252225,155260,449080,176360,1.74885e+06,239770,247195,34137.5,73819,94155,436220,95781,4431.45,395785,303885,63426.5,504765,198155,69934,1.87675e+06,194820,82185,115020,292635,206145,2.0669e+06,701900,3.60095e+06,3.02155e+06,468975,154570,427775,518765,156490,837195,667850,170845,40263.5,126300
2018-07-28,2321.85,27429,42920,356095,48312,744365,1.0803e+06,136660,396090,372630,326630,244240,147780,442295,164770,1.6872e+06,229145,234700,30929.5,69310.5,83753.5,414645,88875.5,3935.8,387225,299960,59948.5,466815,192970,64949,1.84055e+06,194820,90331,131220,248775,203730,2.31515e+06,701900,3.62355e+06,2.92225e+06,409900,147170,415055,611435,143070,786790,620185,189045,43240,128450
2018-07-29,2145.75,26501,36431.5,337085,50438.5,688800,992485,131090,357745,364465,297700,236485,140660,437835,155110,1.6323e+06,217345,222180,28008.5,65592,74876,392675,82139,3517.65,377455,296085,56673,449480,187935,60319.5,1.80065e+06,194420,90177.5,139105,202165,199560,2.31955e+06,701900,3.54475e+06,2.79535e+06,358275,138520,387190,704740,130795,739420,715100,205400,43327.5,129695
2018-07-30,1983.9,25686,31077,318140,52681.5,639290,914315,145990,323115,347330,270270,229660,133885,431220,144915,1.57915e+06,206910,210325,26433.5,61586.5,66605.5,371945,76217,5094.35,367965,292260,53959.5,429895,182490,56020,1.76155e+06,193625,96618.5,134150,162815,194345,2.33375e+06,701900,3.4249e+06,2.65425e+06,311815,150145,356445,806175,119115,766795,793000,209855,43960,130015
2018-07-31,1971.45,26701.5,28644.5,322875,63664,615385,925205,163085,292840,327400,245370,229660,152320,424710,165935,1.5277e+06,197015,199100,26209.5,59882.5,59584.5,353550,70722,5021.05,365260,291305,57975,399380,179290,52258.5,1.72755e+06,194025,109891,152480,237550,206595,2.2227e+06,701900,3.40285e+06,2.6342e+06,272540,151140,373110,888795,144465,846715,904185,204160,42705,129075
2018-08-01,5106.95,27540.5,36660,338845,75130.5,672080,1.07127e+06,188805,276935,323695,384620,243375,182095,425800,292030,1.68275e+06,231655,188475,23639,58722,57923,334820,77025,5218.3,380620,295155,69644,374985,180920,48533.5,1.7024e+06,196860,252470,174155,564360,213150,2.07855e+06,701900,3.4693e+06,2.71705e+06,295910,155105,393690,893035,161545,930085,1.00214e+06,202355,47531,127830
2018-08-02,6202.05,28670,74594,374830,87607.5,869810,1.25255e+06,213635,277245,321310,590645,269690,205465,435780,346935,1.7618e+06,239220,194560,21825.5,55592,53196.5,317140,75223.5,4951.4,382995,295120,71559,366440,185860,45074.5,1.69825e+06,200935,394835,267150,1.22386e+06,218050,2.2401e+06,701900,3.6641e+06,2.9201e+06,293920,151690,402725,901950,179380,1.02308e+06,945820,223220,50419.5,125985
2018-08-03,5684.3,28655,111022,419470,99873.5,1.01726e+06,1.36635e+06,224945,317220,350030,706875,283820,195945,492980,332600,1.80265e+06,229145,206555,19764.5,53868,47892.5,309070,71004.5,4379.2,378850,297045,71796,342835,221080,41862,1.66955e+06,207185,464405,385085,1.6749e+06,225870,2.3479e+06,701900,4.01905e+06,3.24095e+06,321335,165720,411050,958915,197575,1.131e+06,904725,225265,55731,123865
2018-08-04,5286.25,28743,112050,434615,102059,1.01269e+06,1.6111e+06,226205,374270,382475,684555,282760,189155,515340,330100,1.86335e+06,222325,209015,17907,50978.5,43765,311480,67842,3913.95,376095,296085,68369.5,321965,221560,38878,1.64535e+06,211455,419410,415665,1.8659e+06,233995,2.45185e+06,701900,4.4236e+06,3.6337e+06,599375,166690,423690,1.03055e+06,200035,1.2205e+06,846400,219240,60230.5,122075
2018-08-05,4856.95,28299.5,101520,437315,104900,1.03818e+06,1.7408e+06,228900,392845,389345,694810,284420,180045,520235,315475,1.85305e+06,213260,204010,16216,47865,39126,323280,62950.5,3495.6,369290,294165,65851.5,302305,243420,36106.5,1.6215e+06,214510,382080,389975,1.639e+06,241690,2.37685e+06,701900,4.8382e+06,4.00805e+06,682075,161750,409595,1.1189e+06,189575,1.20575e+06,780195,216370,60880.5,120015
2018-08-06,4516.85,27513.5,95250.5,436015,101720,1.00018e+06,1.7463e+06,222895,393220,379530,654690,279460,171370,528210,296980,1.82265e+06,203060,200940,14619,45297,34804.5,325150,58412,3104.6,361300,292260,62481,280660,250700,33533,1.5902e+06,215830,349695,373435,1.57285e+06,241690,2.33375e+06,701900,4.9567e+06,4.09265e+06,682960,158745,397415,1.1002e+06,184205,1.20575e+06,719170,205990,61538,118000
2018-08-07,4174.25,26752,83090.5,443580,117610,945745,1.7562e+06,214450,393220,372630,661910,291520,171370,525535,279565,1.77305e+06,194060,202740,13305,46045,32600.5,322905,54201,3083.5,353485,288485,59283.5,260560,250700,31143,1.5595e+06,217605,320050,350395,1.32515e+06,243120,2.20275e+06,701900,5.05075e+06,4.5972e+06,704940,150545,372265,1.1112e+06,171175,1.1556e+06,662920,193535,59782,116015
2018-08-08,3859.45,25847,101148,433320,115845,910380,1.7347e+06,205735,369580,355120,623000,296405,183960,520235,261195,1.72485e+06,184065,199030,12269,45462,30260.5,319445,50293,2974.45,345840,285680,56032.5,241900,246320,28923,1.5257e+06,217600,291680,325530,1.07685e+06,238860,2.04735e+06,701900,5.4556e+06,4.9138e+06,648880,141700,341295,1.0679e+06,157160,1.09005e+06,606560,213080,57042,114335
2018-08-09,3673.9,26693,87837.5,418710,113905,1.00749e+06,1.6226e+06,196205,339990,334740,579225,291160,179990,514985,245880,1.6687e+06,185505,191385,12217.5,43892.5,27113.5,309170,46667,2646.2,337145,282915,52971.5,230310,240590,30375,1.4962e+06,218050,268085,301390,859440,233975,1.8969e+06,701900,5.73375e+06,5.28895e+06,576200,132365,312895,996145,143070,1.01648e+06,659270,223925,54224,113780
2018-08-10,3586.6,26752,78283.5,417330,111980,999570,1.5335e+06,188225,310385,314410,543645,300710,206285,507210,229725,1.6144e+06,184035,188430,11812.5,46045,24499,296015,43115.5,5160.2,329825,279265,50067,217070,234995,32133.5,1.4637e+06,218050,274425,279110,685925,227865,1.74725e+06,701900,6.1793e+06,5.6693e+06,505475,124095,286860,929235,130290,947900,707020,228245,51174,113225
2018-08-11,3336.4,26420,70528.5,439415,110015,975600,1.56435e+06,186525,293545,295240,497245,307005,244655,499550,226190,1.56185e+06,184720,179510,10814,44919,21916.5,281375,42205,6102.4,325040,278355,47331.5,211445,229535,33914,1.43545e+06,216715,294575,278080,545305,222555,1.609e+06,701900,6.2108e+06,5.71e+06,441805,115920,262995,858245,118145,883940,762745,223185,48296,112680
2018-08-12,3104.15,26172,60665,447555,105945,963570,1.5062e+06,184330,296105,285430,453025,307775,268565,492005,217770,1.511e+06,179945,172015,10028.6,43547.5,19593.5,268405,43554,5357.55,320345,276550,44736,204490,222885,37671.5,1.40435e+06,215830,312575,290350,431305,216095,1.4821e+06,701900,6.32865e+06,5.75245e+06,386155,128960,280810,796790,107555,824300,819880,219240,45409.5,112405
2018-08-13,2868.7,25686,51965,436015,100336,911125,1.43295e+06,178450,284080,267255,411290,306010,255295,484575,208235,1.4618e+06,175910,163345,9126.75,42358.5,18546.5,256985,42375,4758.35,313440,275655,42292,192140,216425,41836.5,1.37385e+06,214070,292915,288430,342470,209820,1.3648e+06,701900,6.24985e+06,5.58465e+06,336280,132580,294165,739425,115415,765595,875945,208795,42705,111595
2018-08-14,2652.35,24896,44328,429790,95627.5,856210,1.3774e+06,174265,270325,252815,373400,306880,243830,477260,199010,1.4142e+06,169390,155090,8269.1,40249.5,16864.5,244325,40180.5,4252.85,311130,275650,40127.5,182400,210765,40342,1.34735e+06,213195,280230,277250,380015,203730,1.26085e+06,701900,6.0571e+06,5.3421e+06,293920,137470,321440,682935,114315,711270,917945,196170,40303,110520
2018-08-15,2451.15,24130.5,37783,412735,90518.5,804265,1.29055e+06,168175,257895,238310,339000,301535,246450,470055,187345,1.36815e+06,161885,157555,7488.25,38090,15177.5,232240,38225,3798.2,306630,273870,37927,169950,205270,39971,1.31815e+06,211455,281330,268125,403310,214620,1.3644e+06,701900,5.8336e+06,5.0724e+06,256900,143265,334035,630760,106265,663280,891425,212645,45915.5,108925
2018-08-16,2266.3,23388.5,32230,397365,84795,820230,1.4129e+06,172310,239800,228700,306685,305130,238655,462955,176360,1.3236e+06,154115,153155,8043.55,37480.5,13723,220755,35611,3751.05,301110,272095,35855,157780,199320,37466.5,1.2895e+06,211020,273890,261715,409885,217425,1.50885e+06,701900,5.60045e+06,4.8163e+06,223590,149345,351640,582570,101194,616040,878320,222845,49208,107875
2018-08-17,2107.6,23537.5,27471.5,385980,79716,866795,1.4824e+06,196465,266675,217225,340720,317230,247565,455965,165375,1.2805e+06,146740,147710,10317.2,37495,12714.5,209840,34858.5,4998.45,309005,272090,34779,153055,194110,38013,1.30555e+06,210590,270250,277065,361520,217370,1.6014e+06,701900,5.3773e+06,4.5558e+06,195425,147170,344270,556665,93635.5,572330,821700,208795,49355.5,106315
2018-08-18,1959.15,23837,52558.5,380450,76990.5,824860,1.55935e+06,200370,280305,213200,349890,340910,274510,449080,155110,1.2388e+06,142335,154250,11441,37936,12248.5,199460,38132.5,8724.45,318225,272095,36046.5,144255,189050,37272,1.30205e+06,210160,253140,288115,339400,218655,1.57025e+06,701900,5.14655e+06,4.31025e+06,170805,145485,338340,548535,85604,533715,763055,197930,50805,104780
2018-08-19,1866.05,23978.5,70099.5,395545,77027,886105,1.53765e+06,226235,318970,232395,563240,371215,307810,446795,157570,1.34805e+06,141825,154125,12183.5,39159.5,11252,209595,55456,23385.8,342965,283125,51313,176115,184105,34963.5,1.29265e+06,210160,240035,275400,285940,216095,1.57025e+06,701900,4.9567e+06,4.09265e+06,149295,138520,318380,540380,90551.5,495705,705870,185960,49714,103265
2018-08-20,1756.5,23758,65903,396200,80692.5,920045,1.68905e+06,248820,354470,277355,686160,394000,367690,440060,177405,1.4047e+06,194235,149520,11660.5,39759.5,10723,221365,111438,35748.5,352215,290415,62886,293560,183015,42158,1.31495e+06,209300,260215,300990,365160,211060,1.49115e+06,701900,4.744e+06,3.87125e+06,130010,150030,357920,565715,96816,462260,648355,189380,53601.5,101770
2018-08-21,1624.45,23535,142482,426725,82195,954290,1.88475e+06,263310,498375,327520,798845,397155,411390,435620,199785,1.42985e+06,248370,157555,12892,39000.5,10669,233175,177980,30999.5,377735,296080,59055,412395,180340,42049,1.32785e+06,209300,262390,330810,414100,206145,1.39005e+06,701900,4.54045e+06,3.6626e+06,113635,151140,382435,573675,95851.5,429460,597645,186710,54649.5,100301
2018-08-22,1501.95,23098,134125,457400,81105,928275,2.10765e+06,265470,648370,357410,906200,404195,395330,429045,196030,1.46985e+06,275820,166725,12380.5,38391.5,10614,257475,210315,27532,397315,300930,55828.5,426410,177205,40163.5,1.31815e+06,209300,244325,360090,467885,200160,1.292e+06,701900,4.35895e+06,3.4645e+06,115940,155705,385430,559875,91765,400485,550900,177045,54022.5,98853
2018-08-23,1396.8,22387.5,115325,450150,79999,916805,2.29175e+06,267865,717730,392825,1.01163e+06,397155,387050,422565,199010,1.4618e+06,272625,161365,11442.5,36759,9762.7,258905,191805,24607,401595,300930,52767.5,393485,174615,38705.5,1.3149e+06,209300,231680,363255,494465,195500,1.1935e+06,701900,4.18525e+06,3.2778e+06,113940,160470,397010,548860,88441.5,373460,570720,170115,54022.5,97899
2018-08-24,1283.35,21699,101943,450150,76500,872325,2.2775e+06,260790,708730,395315,1.00409e+06,387955,369675,418300,190195,1.4378e+06,276775,159415,10712.5,34654.5,9107.5,263615,179465,21977,407490,299960,49884.5,370780,171065,36106.5,1.2958e+06,209300,213925,355115,451200,189820,1.0959e+06,701900,4.00565e+06,3.1123e+06,103331,166020,385430,577385,95946,390515,585240,176435,52297.5,96485
2018-08-25,1193.5,21031.5,87756,433495,72173,814670,2.2904e+06,251675,711455,399670,1.00019e+06,376760,353140,411985,180400,1.39865e+06,268540,153210,9749.15,32796,8188.25,257940,166520,19519,403045,298015,47149,345560,167085,33694.5,1.2739e+06,208870,196620,348055,427430,184305,1.01242e+06,700930,3.83375e+06,2.9334e+06,97344,170470,426740,627760,113672,436710,683205,191085,49888.5,95091
2018-08-26,1102.95,20385,74799,411510,67849.5,760825,2.17685e+06,240750,671240,385175,932165,364800,336130,405765,169165,1.3606e+06,256640,145920,8789.2,30793,7325.1,248765,154520,17445.5,395785,294165,44573,319580,163200,31293,1.2493e+06,208875,179955,327720,361520,178955,935285,699960,3.69235e+06,2.7853e+06,87128.5,166730,427485,649840,134930,497295,780560,198005,47258.5,94859.5
2018-08-27,1019.76,19758.5,63806.5,389540,63785,706145,2.0341e+06,230260,617255,364465,852605,353250,319935,399640,158665,1.3163e+06,244320,138135,7963.25,29141,6548.6,238185,143375,15494,387225,292260,43894,296695,159405,29062,1.2252e+06,208445,164700,304470,293780,174265,864025,699960,3.5339e+06,2.63465e+06,76759.5,179310,436740,646755,152745,570370,848370,194430,44600.5,94859.5
2018-08-28,948.375,19150.5,54385,368675,59965,653275,1.8901e+06,219595,561570,342240,774055,342035,304525,393605,149365,1.27345e+06,232635,130765,7211.25,27361,5825.3,226405,132465,13838,377455,288485,43405.5,281500,155235,27111,1.1986e+06,208445,151440,282870,235675,186470,795670,699960,3.38225e+06,2.49265e+06,67376.5,179105,420410,643415,161215,641770,815640,193535,42091.5,95787.5
2018-08-29,871.36,19585,48598.5,358010,58510,606315,1.73645e+06,218270,510910,321455,699995,331210,288810,387660,139550,1.232e+06,220655,124175,6501.25,25690,5887.65,215205,122425,12429,367965,284760,41350,271200,151190,25178.5,1.17545e+06,209730,139190,262800,241850,194630,860830,699960,3.25745e+06,2.35785e+06,58889.5,182490,407910,666060,171840,738935,797725,214545,39576,97910.5
2018-08-30,810.345,20418.5,46003,346805,60020,600505,1.6044e+06,223725,461445,347710,635505,321620,274895,381805,151190,1.1919e+06,210875,117550,7318,26650.5,8306.75,204565,113600,11770,360000,281085,42292,252930,147675,23384,1.20815e+06,211030,133620,250585,227885,199030,945325,699960,3.11765e+06,2.23075e+06,51472,185275,440400,680030,183355,876385,751840,218390,37350,100810
2018-08-31,748.88,20131.5,47051,330300,59727,606645,1.474e+06,230395,416780,348770,647845,317850,279875,376040,146485,1.1531e+06,200015,111280,7352.35,27735,8819.65,194450,105800,11503.5,350915,277455,41487.5,253770,143810,21717,1.20735e+06,213200,139595,243145,189795,207385,1.07362e+06,699960,2.9839e+06,2.11005e+06,62886,188810,436935,703595,194075,991765,819865,226150,35125.5,104555
2018-09-01,692.405,20258,43948.5,318140,58341,629695,1.37275e+06,246145,376430,332275,657875,322655,287090,370360,142745,1.11555e+06,193995,109555,6750.95,28117.5,8322.7,184185,98593.5,11740.5,343325,274755,42302.5,329310,140470,20169,1.20445e+06,215390,139780,237520,207110,216115,1.2452e+06,699960,2.86465e+06,1.99635e+06,68300.5,183975,444390,682935,188765,1.0953e+06,879255,222230,33026.5,108675
2018-09-02,643.92,19881.5,39739.5,302000,57151.5,665930,1.25835e+06,250870,339990,344775,649030,322555,288810,364765,139550,1.07925e+06,191095,110625,6379.85,27795.5,8101.55,175075,94531,11647.5,335900,272975,44281,423145,136805,18731.5,1.1986e+06,217600,146920,223820,208530,217370,1.3745e+06,699960,2.7505e+06,1.8956e+06,83589,179190,454120,669500,184995,1.10705e+06,922995,219240,31169,111320
2018-09-03,591.63,19331.5,36612.5,285825,54471,651325,1.16575e+06,274945,307075,337035,612315,317900,277845,359260,132360,1.0413e+06,185410,106295,5806.15,27361,7361.75,166415,88832.5,11655.5,327455,270330,44389,472660,133225,17396,1.2193e+06,218050,174430,213580,230560,218655,1.3816e+06,699960,2.63245e+06,1.79305e+06,105484,169940,437265,637060,172575,1.1244e+06,871845,209690,29313,113500
2018-09-04,550.195,18794.5,31780.5,269760,51208.5,647290,1.0742e+06,279960,314130,322600,585600,314200,269140,353840,124600,1.00736e+06,179250,103430,5234.5,26304.5,6585.7,178340,82825,12193,323860,268585,43255,438310,130130,16156,1.23435e+06,218945,240300,218740,335165,215450,1.39855e+06,699960,2.5195e+06,1.6964e+06,136770,159950,422335,594260,157770,1.08165e+06,843420,197015,27664.5,114055
2018-09-05,530.12,18216.5,27222,254600,51744.5,669890,1.24375e+06,297295,331585,338615,539615,334835,302560,348495,116840,1.22881e+06,190805,99112,5082.3,26405,7735,297130,231412,26775,332450,266840,46899.5,416095,127105,15004.5,1.2585e+06,220750,316030,254375,378230,226855,1.52305e+06,699960,2.42655e+06,1.60465e+06,166930,149415,395605,554345,144240,1.02438e+06,791835,215830,26011,113505
2018-09-06,505.075,17602.5,26922,240290,51189,680470,1.62405e+06,314560,400595,386100,598895,359700,354515,343230,109585,1.35785e+06,234030,99405.5,5217.7,28106.5,12512.1,334965,349905,38761.5,352940,267710,50236,536715,124150,13935,1.29595e+06,222565,445080,333335,341135,229925,1.55665e+06,699960,2.3224e+06,1.51815e+06,186950,139570,362690,511995,161340,955285,729905,219415,24462,112680
2018-09-07,467.17,17061,24989,226785,49142,708435,1.8381e+06,317060,450400,427945,647205,377225,392440,338050,102758,1.42985e+06,246560,96976.5,5422.2,32191.5,13356,416605,450630,33496.5,366880,267710,58405,611230,120915,14782.5,1.2958e+06,224390,521255,369000,332025,229210,1.4955e+06,699960,2.22275e+06,1.43605e+06,185670,130375,332515,477600,165305,894170,672810,212545,23085.5,111595
2018-09-08,444.84,16484,21878,214675,47811.5,688800,1.8424e+06,315275,444970,408620,683170,372370,372290,332945,96382.5,1.51935e+06,236175,93530,5404.95,33181.5,12801.5,467355,419070,29916,387550,268580,59961.5,627160,117755,15865.5,1.3021e+06,225315,470600,352745,283375,229210,1.4684e+06,699960,2.1339e+06,1.35865e+06,184885,121790,304845,441110,172295,830725,620185,209690,21706,109980
2018-09-09,426.37,15977.5,19711,202605,45569,680290,1.8901e+06,310655,492325,393805,645030,383440,353140,332945,90731.5,1.54465e+06,230885,90724,5066,36056.5,16026,489835,402000,26570,395785,267710,57963.5,576985,119890,16234,1.2895e+06,225315,434535,345740,231460,226525,1.3816e+06,699960,2.0489e+06,1.29005e+06,168840,133810,277060,407410,186535,774670,571680,199700,20485.5,108395
2018-09-10,416.24,15486,17038.5,191220,43134.5,647290,1.81675e+06,300670,532990,372630,623925,374560,371790,330410,84769,1.5277e+06,227345,86407.5,8777.45,45091,18321.5,504240,454135,26887,419905,270335,72307,590190,119850,16927,1.2708e+06,224390,397700,325530,185450,221250,1.292e+06,699960,1.961e+06,1.2159e+06,149295,136530,307265,376285,191865,722400,524935,187630,19265.5,107350
2018-09-11,406.29,15837.5,17883,196430,40407,648975,1.7073e+06,288445,503530,381225,677190,377820,390810,327915,79799,1.4944e+06,275515,95241.5,9026.5,48293,21899.5,496990,480660,24997.5,441760,273890,77425.5,581005,128865,17558,1.24625e+06,223475,380025,303415,147430,216095,1.1935e+06,699960,1.8826e+06,1.1545e+06,131040,141660,336805,349340,199720,670955,482165,175470,18182,105800
2018-09-12,375.745,16136.5,16664.5,199810,37860.5,621160,1.58635e+06,275085,492665,380890,844275,396545,399795,324610,74555,1.45375e+06,322580,107721,8544.2,49397,25395.5,479305,516540,22239.5,459675,277470,84855.5,702440,127855,19120,1.2222e+06,222110,348085,280985,117065,211060,1.1026e+06,699960,1.8076e+06,1.09205e+06,114960,139025,343020,324195,193435,623350,444450,163400,17095.5,104270
2018-09-13,355.655,16330,14728.5,213890,39234.5,593340,1.5063e+06,263140,490155,416540,931660,404240,380255,321335,70183.5,1.4064e+06,305340,113775,9167.7,50181.5,24118.5,458915,529630,19752,481935,282935,82443,721570,130520,18477,1.1986e+06,222110,331320,261050,93065.5,204930,1.01858e+06,699960,1.73005e+06,1.0332e+06,100111,153710,360925,299425,189575,581290,473640,152160,16077.5,102765
2018-09-14,332.805,16279.5,13447,222925,39746.5,566240,1.3852e+06,251675,448215,456665,894640,399490,364495,316480,65571.5,1.36445e+06,325470,113665,9783.4,48624.5,23611,452135,484790,17653,485395,287545,81217.5,664470,130130,18138,1.1726e+06,221200,325505,242530,73899,198980,941000,698995,1.6558e+06,977305,87499.5,155745,376850,276545,176165,539890,525520,174480,15173,102765
2018-09-15,307.82,16279.5,11672,222260,38648.5,532115,1.2944e+06,240020,419820,456255,891500,395975,346935,311700,61727,1.32e+06,321860,114355,9464.7,47279.5,21455,428350,449835,15679,488950,289420,81548.5,621490,127855,17002,1.15e+06,220745,316930,224540,58749,193205,864025,698030,1.5947e+06,924650,76478,159875,395250,255420,161680,501585,603615,180565,14266,103270
2018-09-16,317.57,15878,9998.1,222260,38121.5,496945,1.1992e+06,228900,384735,451530,830535,386805,330220,306995,57882,1.27705e+06,307650,110930,8872.4,44589.5,19181,414645,415595,14002.5,483610,290365,77957.5,576985,129380,15790,1.125e+06,219840,295525,207940,46467,188140,798200,698030,1.52625e+06,877970,66845,156355,410970,238260,147235,467740,678530,176285,13463.5,104780
2018-09-17,343.355,15486,8564.1,214040,36454.5,461225,1.105e+06,218295,350025,446495,759650,375640,314315,302360,54289.5,1.23545e+06,298490,105650,8384.65,42530.5,17062.5,395530,382440,12436.5,473150,289420,75376.5,533610,129755,14729.5,1.10325e+06,218945,279045,193190,36896.5,183225,737385,698030,1.46075e+06,827500,58177.5,154005,397415,220060,134035,668190,736230,176285,12706.5,107895
2018-09-18,347.61,15009.5,7269.4,204360,34392,428075,1.01791e+06,208185,317230,425620,689660,364800,303350,297795,50907.5,1.1919e+06,286320,100326,7630.7,40249.5,15263.5,377375,354865,11115.5,462915,286615,71518.5,493635,128610,13679.5,1.07935e+06,217605,263165,179480,29332.5,177910,681205,698030,1.40235e+06,785720,50849,146590,387190,245205,151865,808645,719170,168605,11950,111065
2018-09-19,321.06,14548,6226.85,193445,32439.5,397305,1.02068e+06,198545,287620,401200,626125,357365,290810,293300,47748,1.1531e+06,272625,95255,6879.4,38090,13645.5,357380,326555,9927.15,451275,283830,67597,458290,127855,12704.5,1.0559e+06,215830,248420,166170,67400,172745,629305,698030,1.3465e+06,743220,44444.5,137975,362690,270815,159765,911965,713865,190960,18091.5,112955
2018-09-20,296.845,14100.5,5285.5,183085,30395.5,368745,935210,189350,259775,376735,568445,345070,276840,288870,44948,1.11555e+06,259540,90172.5,6260.75,35763.5,12138.5,339705,300505,8817,439890,281085,63904,425475,125995,13276,1.0355e+06,214070,236625,154385,110206,167730,579520,698030,1.28875e+06,703160,38846,136905,335415,295375,176070,897775,672810,200255,22543.5,116590
2018-09-21,274.33,13666.5,4508.75,172795,28574.5,342240,893880,181125,234625,352505,514265,336080,265370,284505,41994.5,1.07925e+06,310470,85361,5644.35,33579.5,10859,321770,278835,7880.3,430375,277455,60400,393485,123420,13767,1.0131e+06,214070,218670,149205,138555,163335,535365,698030,1.23725e+06,665130,33828.5,144850,371975,298005,185410,911820,624795,207905,27960,122160
2018-09-22,253.645,13246.5,3843,163085,26767.5,317640,835280,173235,212645,331095,465060,326380,252585,281635,39532,1.0441e+06,321330,80806,5614.25,31778,9659.35,305855,256590,7037.9,419550,274755,57100,364005,120555,12942,991120,213190,203715,142855,128775,159065,494575,698030,1.18795e+06,629285,29567.5,143225,388435,302410,172575,877105,580205,217235,30174,128210
2018-09-23,235.88,12800,3278.2,153920,25081,294810,776120,165210,192060,310900,422215,316045,240415,277380,37069.5,1.0101e+06,305340,76494.5,5821.65,29837.5,8635.65,289650,238090,6250.75,408960,272095,54177.5,337945,117755,12357.5,971965,213630,187310,133715,131630,154445,455565,698030,1.13695e+06,597515,25843.5,139570,393815,290630,163000,830725,532765,214450,32317.5,136210
2018-09-24,217.99,13134,2794.2,155770,23495.5,307680,799330,166725,174130,290905,383315,306010,228835,273195,41389,977220,294020,72413,6355.4,30456,7681.85,275325,219975,5586.75,398680,269455,51020.5,354130,115015,11583,950905,212755,180580,131840,113942,149960,420855,698030,1.08815e+06,563165,22492.5,136435,377235,273815,150240,780705,489355,212545,32204.5,142575
2018-09-25,206.335,14797.5,3861.8,156640,22015,331545,986425,172950,271540,272195,348005,304200,236520,271120,58234,945405,280990,68549,6803.8,31576,6833.35,260785,210000,5103.55,388620,269455,50429.5,345335,116400,13285.5,943910,212320,176650,132830,93430.5,145605,482670,698030,1.048e+06,534735,31334,129865,367530,255420,164025,728030,451075,202355,36103.5,146775
2018-09-26,200.17,15153.5,5106.1,163190,25611.5,406470,1.10262e+06,175305,373295,280755,323940,309745,265915,270440,62068,912150,268540,66873.5,24228.6,88838,7147.45,246970,215770,5045.85,381590,270335,53563,324365,117075,42101.5,932480,211455,182585,140980,140006,142215,500295,698030,1.00302e+06,505810,33560,122685,344270,235910,163000,678905,415800,190120,38275,149285
2018-09-27,190.71,16182.5,40577.1,190200,28081.5,469935,1.10795e+06,173235,410220,293780,330645,314235,291360,271125,73419,1.34104e+06,294690,67108.5,25259,107892,7843.15,261510,263245,6425.1,380195,272990,68436,332960,122045,165498,916745,209730,189170,151740,139490,138085,490140,698030,960000,478550,32122,134705,381365,219015,150240,633100,383275,177865,38169.5,148925
2018-09-28,193.375,17173.5,52697,223825,32140.5,595645,1.32125e+06,186870,410760,313975,489555,327575,319585,269070,88372.5,1.58085e+06,308340,71750.5,24317,100366,11309.2,300775,295780,6405.8,383040,275655,78854.5,329075,127150,242755,903440,210160,217880,163090,124215,134075,491570,698030,921630,452665,32258.5,136530,389170,203245,174435,673700,351935,165625,38871,147130
2018-09-29,247.775,17935.5,47442,245555,35242.5,718250,1.459e+06,202195,501135,356080,687350,341205,340890,267710,115674,1.71535e+06,294020,77156,23863,98421.5,12954,320945,274235,5653.4,394515,276550,76796,338055,127855,222065,885995,210590,234290,159635,170870,130185,469660,698030,884910,428265,37031,141660,397115,187715,172460,698975,323260,154900,38036,145360
2018-09-30,282.9,18103.5,56169.5,250215,36085,789560,1.5415e+06,213360,508510,400100,867290,356500,323310,265005,116415,1.8996e+06,312730,81060,21923,93496,13557,326465,256590,9581.05,400115,278355,74253.5,332685,128995,205245,868890,211450,224560,158570,191785,134195,439200,698030,846940,405100,38174.5,139570,382095,173375,164335,673660,297975,144245,36285,143260
2018-10-01,258.225,18216.5,55513,256075,36705,874935,1.5422e+06,237295,492665,434325,948705,386435,348405,261005,182640,1.9582e+06,349750,87525.5,19764.5,88480,13217,332400,291245,22886.2,398680,276550,70453.5,319580,127855,190615,875350,212320,219685,149820,199885,136090,408220,698030,813085,526090,35324.5,137975,372265,160960,159065,668450,274670,133750,34492,140510
2018-10-02,238.755,17878.5,49651.5,248775,35593,877765,1.53765e+06,250280,531475,463570,1.03183e+06,414290,379720,257065,172410,1.9474e+06,359315,87467,17987,83733.5,13011.5,326465,322575,20196,397210,274755,66847.5,306830,125995,177030,881815,211885,203715,139645,181425,134870,412025,698030,780685,615740,34223,131850,350305,149375,147810,638030,253190,124550,32552,137810
2018-10-03,222.035,17437.5,46163.5,237525,33691,883240,1.4657e+06,253175,492665,459885,1.01163e+06,414975,401995,253820,176360,1.9154e+06,355135,87741.5,16216,78620,11757,314850,298015,17964,390055,272095,62952,286980,123420,164415,873140,211455,188105,130185,172540,134075,399260,698030,955485,633960,40471,124095,321155,137960,135715,601865,233380,116480,30721,135160
2018-10-04,205.195,16901,40270,225470,31891,845630,1.36965e+06,256195,469825,525115,1.00409e+06,418655,380255,250625,168545,1.86335e+06,353830,84842.5,14619,73819,10570.2,301455,278835,16055,382995,268585,59730,266435,120555,152695,873140,210590,172160,120950,146110,131730,379430,697065,1.06974e+06,680060,42199,116375,295780,127420,123540,563520,214300,108005,28993,132565
2018-10-05,189.72,16433.5,34494.5,213440,29874.5,794670,1.26545e+06,249465,435365,535145,935450,411360,361935,246845,159870,1.8077e+06,341970,80806,13305,69858.5,9402.9,286545,256590,14260,373365,265975,56454.5,247355,117755,141810,862580,208875,157565,111980,118730,129030,365800,696100,1.1088e+06,675050,39321.5,108715,269935,118860,112510,527465,197540,100572,27266.5,130020
2018-10-06,175.33,15878,29279.5,202005,27992,742140,1.1692e+06,240020,398980,509985,852605,401835,344500,243120,150495,1.7536e+06,324355,76962,11995,65592,8364.35,272375,238090,12735.5,363940,263395,53370.5,229645,115015,131700,847975,208020,144205,104035,94763.5,125660,343075,696100,1.1805e+06,650525,38539.5,101920,247475,109780,102026,491875,182090,93656.5,25733,127520
2018-10-07,162.105,15389.5,25080.5,190650,26315.5,688800,1.0771e+06,230260,361600,493380,774055,389075,327905,241270,140605,1.69655e+06,309985,72855,10867.5,61586.5,7482.65,258905,219975,11311,356070,259995,50444,213200,112340,122310,831600,206325,132595,96655.5,75630,122735,319890,696100,1.1805e+06,620040,34769,95208,226885,101394,92875,456975,167845,87589,24195,125070
2018-10-08,150.75,14916,21289,179935,24570,639290,989585,219595,327845,466730,699995,376760,312105,239440,132360,1.6369e+06,294020,68967.5,9841.4,57825.5,6689.5,245185,203300,10109.3,347120,257470,47688,197170,109730,113595,815545,204640,121870,89510,60053.5,119175,295520,696100,1.15125e+06,588735,30762,88936,207065,93648.5,84220,426140,154715,81215.5,22834,122670
2018-10-09,140.96,14457,18160,182100,23098.5,591425,911850,210670,296105,439950,635505,365885,297070,238225,124115,1.82455e+06,279905,65287.5,8872.4,54723.5,5950.65,233060,188640,9235,338360,254975,45073,197170,107180,105500,797875,202970,111540,83160,47741.5,116050,273805,696100,1.11575e+06,559010,26986,83077.5,189050,87357.5,76371.5,397385,142615,75954,21474,120600
2018-10-10,135.08,18134.5,15478.5,222430,67883,792190,1.11804e+06,216580,377330,417620,576960,356325,285710,239445,118140,1.9201e+06,266515,76956,8110.75,51381.5,5323.35,220755,174285,8257.4,331040,251685,42610.5,189150,112880,97979,792000,205505,140060,126320,132034,114345,288385,696100,1.07115e+06,528775,30531,77605,173315,80683.5,69551,370575,131460,70427,25271.5,118570
2018-10-11,1289.49,25041,131656,326135,116564,1.17552e+06,1.9061e+06,240385,544950,469340,602820,355295,281685,256355,118185,1.969e+06,255610,121076,7516.5,48614.5,4735.4,209840,161075,7379.9,322715,248435,40429.5,177695,136710,90995,824475,207615,331390,273985,492525,118240,338280,696100,1.02845e+06,500275,31317.5,74962,188485,74519.5,63314,344180,141795,65864,27424,116575
2018-10-12,1421.45,25605,195040,391415,144935,1.4163e+06,2.55745e+06,249625,633765,486890,682570,350105,273840,261715,115910,2.03525e+06,249860,148195,6784.55,46363,4233.45,198720,149460,6554.45,314570,246020,38073.5,168085,136395,84509,842060,211455,403255,371905,734685,121375,369240,696100,987365,475020,28979,74129,201080,68826.5,57414,320955,170950,61333.5,27761.5,114615
2018-10-13,1299,25686,167520,405635,151455,1.4433e+06,2.47225e+06,244325,753690,510125,734900,343055,262600,265005,111255,2.196e+06,237970,177915,6174.5,43892.5,3765.85,188890,138085,5858.15,306660,243635,36125,156605,145945,78485.5,843845,214510,380470,459565,866630,120585,371370,696100,948045,449325,28195.5,71634.5,204345,64203,52063,299300,192250,57115,28891.5,112680
2018-10-14,1208,25847,161525,431000,163335,1.5313e+06,2.51455e+06,242880,765125,535010,689660,336080,252585,267710,107525,2.2547e+06,228260,185060,5908.75,41537.5,3368.9,179550,127620,5231.95,298925,240490,34144,145395,148105,72891,852115,215830,362305,464065,761355,121295,379430,696100,907365,425110,25437,68750.5,196550,59298,47414,279105,191775,52959,28477,110790
2018-10-15,1116.4,25367,142190,423580,161105,1.48885e+06,2.4099e+06,235110,784690,563290,659575,326380,241285,267710,101616,2.2727e+06,217345,194915,5718.05,39150,2996.75,170070,118420,4646.75,292460,238155,32278.5,134985,147675,67695.5,845930,216270,334545,481525,730635,119520,364640,696100,871100,402115,22492.5,66196.5,191490,54768,42995,260275,196080,49528,27362.5,109190
2018-10-16,1075.9,24587,121800,405635,153550,1.40785e+06,2.2586e+06,226205,745745,588820,612315,316955,229665,265005,95657.5,2.2979e+06,215645,190785,6014.35,39794,3248.2,161665,121575,4792.45,286130,235845,33982.5,130945,148535,62870.5,831600,215830,306185,457900,615555,117085,342075,696100,836390,380440,19659,62779.5,179450,50584,39139.5,242715,187560,46121.5,26011,107350
2018-10-17,1031.3,23907,103814,385055,144830,1.3109e+06,2.0924e+06,215725,688405,580440,826405,320765,221645,265685,90049,2.2727e+06,252520,182280,7685.2,44814.5,6296.45,153095,117840,4557.55,278915,233555,34554,128555,148095,60547,817560,214950,280230,428270,502780,114355,317945,696100,800500,359865,17182.5,58644,165955,47185.5,35492,226335,175470,42949,24639.5,105800
2018-10-18,948.375,23171.5,88121,363410,135705,1.2203e+06,1.93325e+06,206955,626300,573970,967365,323575,214710,264330,84439.5,2.2231e+06,258720,173065,7775.85,45655,14830.7,145525,110800,4055.75,272905,231295,35185,130565,146370,58893.5,801770,214070,256475,397885,401275,111035,294585,696100,768505,340470,15018.5,55197,152775,43580.5,32322.5,211065,162945,39994.5,23254,104270
2018-10-19,881.97,22459,75170.5,342990,127575,1.12555e+06,1.77615e+06,197370,569800,549085,861990,316045,206545,261665,79198.5,2.1626e+06,247125,164345,7418,45297,18005.5,138330,104955,3622.2,267000,228305,34020,135075,145090,56755.5,786290,212320,234730,367190,320260,108450,273005,696100,737880,323280,13127,51561,140060,40251.5,29310.5,196090,150200,37243.5,21945.5,102765
2018-10-20,849.78,22176.5,63806.5,323705,119935,1.04465e+06,1.63185e+06,188225,514635,517580,776780,312360,197330,259685,74555,2.3533e+06,239770,155575,7179.15,45297,17615.5,131485,97387.5,3217.05,260265,226085,33262.5,128640,142555,53234,769215,210590,214830,341145,254300,105300,252205,696100,706220,305795,11473.5,48354,128410,37176.5,26682,182860,138455,34682,20634,101280
2018-10-21,819.49,21696.5,65303,341875,111980,969550,1.49925e+06,179505,464820,484290,705220,305130,189155,257065,69655.5,2.45215e+06,239705,157515,6562.8,43547.5,17904.5,124545,90365.5,2991.65,254635,223895,31797.5,124390,139645,50362,754365,209730,211840,316935,202165,102245,232985,696100,675920,289315,10028.2,45334,117730,34678.5,24195.5,171155,127625,32296.5,19473.5,99815.5
2018-10-22,757.995,21163.5,61007.5,346170,105270,894285,1.3774e+06,171190,496665,493530,635505,296325,180045,253185,65571.5,2.4961e+06,231680,159485,5916.65,41212,16351,118390,83850.5,2706.3,248230,221720,30170.5,116350,136395,46772.5,738020,208020,200830,292490,160530,99565,215240,696100,650975,273665,8732.8,42347.5,107935,32029,22034.5,159015,117640,30075,18314,98612.5
2018-10-23,700.83,20707,53404,336080,98289,830010,1.26545e+06,164235,496470,487775,593720,286915,172580,249360,61262.5,2.5518e+06,223145,158370,5384.6,39000.5,14627.5,112115,77495,2420.05,241965,219575,28516,108430,133225,43438.5,721990,206325,186445,271740,127615,96961.5,198840,696100,690685,258915,7632.8,39558,98952,29582,19981,148840,108860,28006.5,17283.5,97425.5
2018-10-24,651.755,20131.5,48314,331285,92075,767865,1.28015e+06,156625,468210,463295,545385,278630,164270,245595,57670.5,2.5449e+06,215710,154145,4854.45,36619,13011.5,106570,71907.5,2149.4,236735,216740,28516,111395,130130,40536,708050,204640,173690,251585,100936,94146.5,183690,695135,716220,244910,6671.35,37097,90716.5,27464,18189,138795,99960,26080,16251,96018.5
2018-10-25,602.32,19512.5,41763.5,318140,86272.5,710545,1.24665e+06,149370,454785,444905,497245,269810,157440,241890,54078,2.4961e+06,206150,150905,5405.6,36768.5,11633,101300,66723.5,2058.4,241175,220340,31565,125145,126735,37647,694380,202970,160380,232985,80149,91413.5,169695,694170,715125,231710,5831.05,34780.5,83168.5,25487,16494,129430,92139.5,24286,15337,94631.5
2018-10-26,1275.34,20217.5,35774,326715,102836,733935,1.1825e+06,150745,425970,420875,458195,267420,154670,256275,63059,2.4282e+06,196255,144150,7151.1,39981.5,11969,118760,73697.5,2513.8,257230,224680,37866,164565,140505,40939.5,692675,203810,157465,216455,63393,93632.5,156765,694170,724145,220010,5074.95,32489,76248,29392,15021,120700,85261,22615.5,14423.5,93489.5
2018-10-27,1698.25,20130.5,30643.5,335480,112769,752420,1.1431e+06,148895,390370,425620,415980,265075,153595,263115,70296.5,2.66495e+06,190370,152165,7546.9,42642,12971,139455,74368,2591.8,270210,229810,39881,188120,136805,54704.5,694420,203385,156120,201100,50397,95593.5,144825,694170,710660,208110,8052.65,33810,70222.5,31737,13621,112560,78289.5,21060,13612,92364
2018-10-28,1557.5,19881.5,33034.5,343950,110450,782515,1.0742e+06,145010,355155,423905,377655,258970,152510,265005,75767.5,2.76855e+06,182650,155685,7143.6,42197,13291.5,168795,70136,2280.7,268955,232045,38790.5,196415,140890,72487,701220,204220,149925,186185,40017.5,98419,134180,694170,688740,196895,9014.4,34143,64379.5,31399,12400,104965,72445,19611.5,12798.5,91249.5
2018-10-29,1431,19758.5,35026,336080,111980,765575,998120,141610,321880,402630,342865,254460,146740,267710,76542.5,2.82585e+06,175230,150905,6944.5,42197,12268,190490,67280.5,2038.4,270920,233555,38360.5,194265,140890,76072,697770,204220,141080,172425,31651.5,98688.5,123960,694170,663330,186245,8732.8,32984.5,59268,32029,11244.5,97880.5,66778.5,18262.5,12078.5,90151
2018-10-30,1330.8,19270,34222.5,332215,107820,756115,924705,136660,290720,388030,311275,247830,142660,267710,77708,3.19085e+06,168115,148615,6320.05,40567.5,11698.5,200165,62679,1820.55,267000,234320,36530,192830,138825,74608.5,696090,204220,133155,160190,25162,98688.5,114515,694170,638855,176205,8975.65,32371,54336.5,30781.5,10240,91274.5,61555.5,17006,11359.5,88848.5
2018-10-31,1229.85,18737,31362,319035,102419,721590,852070,131110,263580,367165,282600,239985,135785,265005,74555,3.44435e+06,160045,142405,5751.7,38538.5,10517.6,207550,58160,1616.9,262165,232800,34660.5,181700,136395,74251,687645,203385,122955,148825,19979.5,97535,105790,694170,611445,166675,8226.85,30811.5,49815.5,29000.5,9285.8,85116,56741,15836,10720.5,87776.5
2018-11-01,1199.75,18854.5,29425,303750,96286,719020,784945,133540,238065,344775,256565,242115,138245,261005,78759.5,3.7262e+06,152390,135630,12457.5,46302.5,17804.2,209760,69714.5,2929.65,274280,243885,48574,290015,138040,69599,712015,203805,118560,137785,15884,95825.5,97729.5,694170,588880,157695,7305.4,29221.5,45670.5,27052.5,8453.05,79372.5,52303,14747,10117.5,86929.5
2018-11-02,1461.9,18854.5,25668,315870,105927,750570,930900,141990,284970,355465,272275,251890,161375,264385,85228.5,3.8275e+06,150635,138665,17378.5,63152.5,21879,203090,88228,3331.9,285445,246050,64524,455280,140095,115664,742540,203805,130685,143760,30149,93314.5,106094,694170,563615,149730,8254.1,27296.5,41870.5,28833,7665.3,74017,48211.5,13733,9512.85,85883
2018-11-03,1598.65,18446,24542.5,330070,116255,793405,1.02347e+06,144135,325395,363430,291585,258265,173200,265005,88754.5,3.92385e+06,150080,145810,16144,61352.5,25868,221645,91189.5,2909.65,292535,248430,66437,545665,142555,164110,783250,204640,134550,151280,41992.5,96477.5,121405,694170,539430,141635,10183.6,30081.5,44445,31636.5,6980.75,69023,48570,17145,8977.8,84846.5
2018-11-04,1466.05,18274.5,24267.5,340055,123835,824515,1.1287e+06,143300,354270,365625,304680,255955,166600,263665,88031.5,3.90225e+06,147250,148150,15992.5,63059,24637.5,239085,88139.5,2598.6,293540,250865,62709.5,501025,142970,178000,846975,204640,134835,160495,51860.5,97856,141360,694170,519530,134000,11560.9,31235.5,43911.5,33872,6330.2,64365.5,48383,19301,10396,83825.5
2018-11-05,1363.4,18504.5,24239,336080,123270,814670,1.13665e+06,142455,352580,352505,293300,255955,161970,266355,88031.5,3.8171e+06,142900,145490,14619,61103.5,24499,251510,86340.5,2631.65,293540,254155,59948.5,465150,146810,168285,911000,204220,129665,154925,48363,102911,182520,694170,595135,201295,16041,30579.5,42235.5,33996.5,5762.55,61168.5,57758.5,29522.5,12029,83621.5
2018-11-06,1389.65,18680,21590.5,362675,124120,809625,1.3199e+06,138290,355155,344775,286835,250750,155260,273290,84439.5,3.71325e+06,138650,143725,31267,64697,31625.5,255180,88206.5,2732.3,290335,254975,56673,430180,161515,220265,972460,205060,132450,152860,49051,108185,210160,694170,648395,274845,21630.5,30348.5,41149,34336,5225.5,61437,67233.5,34970,13879,83825.5
2018-11-07,1573.95,21872,24596,381135,139285,827160,1.3737e+06,140395,335080,327400,268270,243515,147780,280275,125800,3.60245e+06,133015,153595,31936.5,71496.5,55642.5,284000,86644,5478.55,302585,259155,56230,530540,169210,330425,995915,205905,171510,177355,100284,114080,217880,694170,740750,377230,24891,29221.5,38721.5,32672,4758.85,60458,76524.5,36586,14474,84850
2018-11-08,2671.2,23204,76688,421665,173030,848900,1.50115e+06,151795,309315,308615,271225,249440,155560,285965,185395,3.90715e+06,137760,177240,30067,76014.5,110513,321740,104776,6398.95,328675,263415,58742,657305,174110,359720,1.02055e+06,208885,235210,325295,156430,115035,225995,694170,838000,486665,24931,31666.5,35809.5,30781.5,8566.4,63138,77712,48020,15226.5,85883
2018-11-09,4253.25,23535,77652,458995,212270,919285,1.73595e+06,177950,384695,323395,288000,256920,180445,301775,222315,3.89135e+06,138140,213645,28811.5,83200,109110,368905,107215,5617.9,351740,270380,69359.5,728025,188055,331915,1.08325e+06,211025,267115,475870,258685,116735,218515,694170,868430,522990,25329,32785,33116.5,32081.5,14679.8,64085,79765,49514,15007.5,86508
2018-11-10,5120.75,24056.5,67669.5,501755,246080,1.01597e+06,1.86935e+06,191960,395565,332745,295495,259720,193150,314220,224580,3.94555e+06,134025,238840,30569,89940.5,106375,404690,102810,5021.05,373810,276585,73916.5,666845,193565,434495,1.12035e+06,213630,303170,556945,422320,115715,205595,694170,901700,567350,23216,31759.5,30361,34705,18050,62884.5,76298.5,49757.5,14474,86929.5
2018-11-11,4683.85,23758,62915,532370,239880,1.0637e+06,1.86885e+06,192740,380485,339720,282600,258970,185195,318090,233220,3.96735e+06,131025,233275,28909,89885,104724,414645,99448.5,4484.35,394515,280170,69926.5,616885,195255,465490,1.125e+06,214950,315770,534055,526805,113345,191090,694170,890470,563165,20616,31519.5,27961,36868.5,19027.5,61915.5,71380,49971,13759,86718
2018-11-12,9673.3,32128,92709.5,532370,238240,1.18895e+06,2.0332e+06,195045,452620,353855,366375,281755,207845,367355,422255,4.16085e+06,188740,230450,61303,131080,176455,542780,130278,17953.3,415080,293330,72956,572720,234050,503795,1.14155e+06,216715,304895,534055,587575,110705,177615,693210,868430,544665,18096,30348.5,25741.5,36808.5,20388.5,59336.5,66286,48016,13033.5,86090.5
2018-11-13,20697.5,35188,184118,614850,271950,1.52945e+06,2.38105e+06,221815,620300,398780,568735,314250,263990,411170,520930,4.3382e+06,233010,274680,91941.5,172065,325265,622650,189310,23348.5,436810,302010,86721,655535,266415,664095,1.1876e+06,218955,364690,585050,547440,107810,164080,692250,836390,519135,20453.5,28565,23599.5,37176.5,19574,55973,61318.5,45307,12300.5,85259.5
2018-11-14,20250,36333,267790,691650,306805,1.81825e+06,2.7802e+06,242755,756280,426070,682065,336675,326085,429200,517450,4.3335e+06,262480,312065,86248,180040,316480,682450,232035,20354,459675,310910,96488,728025,281135,708500,1.2167e+06,221655,410740,639615,528045,112480,179950,692250,878140,559085,21281,26886,21636,35374.5,18267,52602.5,56522.5,42386,11609,84436.5
2018-11-15,35533.5,45309,308930,760710,338895,2.10205e+06,3.2779e+06,259010,837220,456625,795535,362975,372700,456200,707655,4.5417e+06,261505,326965,99670,191045,284715,760125,213700,18178,462915,315960,93704.5,669420,321300,651725,1.21625e+06,223475,406185,671730,601445,122975,202910,692250,942550,617500,26934.5,32235.5,32859,42100,16765.5,68080.5,66660,39640,10955.5,83621.5
2018-11-16,36039,46813,336830,805770,361595,2.34225e+06,3.6591e+06,253175,938355,489750,906200,369095,358160,474910,735825,4.50405e+06,267500,346860,97953.5,192890,260010,778825,198290,16145,468025,321135,90583,616885,327580,705585,1.2252e+06,224850,382080,631275,600825,132850,224610,692250,1.06364e+06,699105,34323,37517,38048.5,45834.5,15268,72666.5,75131,36913.5,10301,82814
2018-11-17,33255.5,46940,300025,802760,351140,2.29365e+06,3.6305e+06,250190,937940,519435,904855,376760,350660,484575,713200,4.4793e+06,260545,344525,91815,188475,232600,795940,183995,14339.5,462915,322185,86279.5,572720,335395,715450,1.21625e+06,225315,363990,602400,504755,142820,225995,692250,1.1754e+06,790670,39435,40202.5,38386.5,45347,13899,75175,81980.5,34374.5,9721.65,81817
2018-11-18,30733,47084.5,281500,802760,349895,2.29365e+06,3.6305e+06,242180,937940,515740,911605,371265,334915,492005,699950,4.3815e+06,249000,345605,86768,185525,206910,778825,170730,12816,452900,320100,81251.5,529660,334425,660945,1.1957e+06,224855,334545,563420,461215,143900,231575,692250,1.21045e+06,871975,39011.5,40466.5,40273,46719.5,12604,78465.5,83067,32010,9174.8,80830
2018-11-19,28415.5,46357,244345,775375,335780,2.1824e+06,3.4598e+06,233005,884920,513770,852605,362670,318780,489515,666330,4.26235e+06,237970,332155,78965.5,176965,184980,745695,157740,11446,443105,318025,77093,489980,328570,613835,1.17545e+06,223935,307605,523450,383575,146890,221900,692250,1.25685e+06,894270,39466,40774,38721.5,44899,11478,76946.5,84306,29808,8628.45,80049.5
2018-11-20,26260,45069.5,208435,736040,315665,2.03815e+06,3.22425e+06,222215,810965,491500,779830,352200,303425,484575,624980,4.13515e+06,225710,316350,71190.5,166830,164550,713965,145780,10165.8,431965,313920,74499.5,454895,320005,567350,1.15275e+06,222565,281535,483070,311710,145605,208775,692250,1.2412e+06,914350,36041.5,39413.5,36286.5,42301,10408.2,73445,80643,27757.5,8143.1,79086
2018-11-21,24279.5,43683.5,176925,694670,296760,1.89165e+06,2.97905e+06,213185,737800,463295,710480,341050,288810,477260,586040,3.9893e+06,214875,300410,64181,157245,146375,678660,135270,9085.7,422620,309865,72841,420700,310735,524575,1.12775e+06,221200,256475,448795,248775,143055,194045,692250,1.21045e+06,891060,32004.5,37233,42463.5,39459,9475,69023,75444.5,25848.5,7656.45,78132
2018-11-22,22438,42340,150800,655625,278980,1.75e+06,2.74435e+06,203310,668670,435155,642765,330225,274895,472445,547530,3.85945e+06,204600,284380,58150,147640,130205,642705,125515,8114.5,411955,305860,70162,389185,301735,487185,1.10325e+06,219395,235820,414175,198550,139720,179790,692250,1.1658e+06,852355,28076,35044.5,43617,36444.5,8592,64867.5,70060,24070.5,7225.8,77377.5
2018-11-23,20746,41038,128005,618770,260475,1.61415e+06,2.51455e+06,193890,603940,408620,581265,319770,261650,465310,511550,3.7237e+06,194060,268365,52658.5,138625,116480,608770,115965,7206.9,401595,301910,66847.5,361315,292115,450290,1.08195e+06,217605,215830,384795,157040,136470,166090,692250,1.1228e+06,812245,24539,32984.5,42604.5,33996.5,7824.75,60490.5,64580.5,22415,6819.35,76630.5
2018-11-24,19405.5,40908,162800,599090,244870,1.56345e+06,2.30335e+06,196875,543600,442225,599650,328495,272350,465310,485015,3.60245e+06,211180,268365,47474,133730,117725,576515,147735,9711.95,415410,302905,67858.5,359830,291245,418195,1.06105e+06,217155,197535,355115,124700,132895,153435,692250,1.07795e+06,771235,21448.5,30811.5,42604.5,31399,7095.55,56636,59759,20873.5,6413.25,75708
2018-11-25,18046.5,40021,177500,588825,228630,1.53495e+06,2.3233e+06,197970,656825,484035,665975,338435,295290,462945,465210,3.4754e+06,227580,272630,43594.5,129580,126255,589645,169745,9580.4,432480,303885,66819.5,380385,281985,386665,1.0406e+06,216710,200220,351380,99135.5,129420,142195,692250,1.035e+06,729670,18747,29001,40440.5,29000.5,6459.2,53013,55084.5,19437.5,6052.55,74794.5
2018-11-26,16686,39647,150175,576990,213465,1.5205e+06,2.2894e+06,191605,680725,525855,746135,343055,302630,458285,436520,3.35315e+06,237320,274985,39515.5,123175,124650,598255,157740,8461.55,449950,306865,63904,389460,278690,359105,1.02055e+06,218955,198300,359130,78716,125660,164830,692250,990565,690205,25311.5,29345.5,37569.5,27052.5,5857.25,49436,50776.5,18184.5,5690.8,74072.5
2018-11-27,15420.5,38794,133415,554370,200675,1.44795e+06,2.1646e+06,188225,635480,497040,694810,340040,290850,455965,414045,3.2349e+06,232635,266735,35784,117490,114600,599760,150710,7557.05,464775,309865,61550.5,391825,272210,331915,1.00082e+06,219840,206690,364745,155148,137545,195890,692250,1.05452e+06,725955,34457.5,30658.5,40660.5,31748,8515.8,48654,46805,18518.5,5370.7,73357.5
2018-11-28,14257.5,38074,114755,536960,187365,1.39495e+06,2.0924e+06,181650,617255,471990,669455,338050,279810,449080,389770,3.1296e+06,229145,260315,32260.5,111185,108120,591375,139845,6711.8,462915,310870,58400,374985,264325,308255,979120,221655,205355,348055,170495,146450,221535,692250,1.1304e+06,786985,38885.5,31033.5,40978.5,33835,9466.8,47904.5,43144,18010,5050.9,72649.5
2018-11-29,13259,37020.5,97890,511240,175520,1.3148e+06,1.96635e+06,174795,573960,444905,616885,330225,267245,444550,364155,3.20135e+06,220655,249445,29229,104825,97204.5,580705,129760,5998.8,461255,311885,55197.5,361315,258185,286280,960220,222110,195790,335440,151475,143900,225995,692250,1.26605e+06,896905,38846,30579.5,39400,33660.5,9515.45,45573,39769.5,17392,4766.8,71948
2018-11-30,12182.5,35992,83090.5,483860,164460,1.2203e+06,1.82705e+06,167185,525990,417780,564230,321645,254370,437835,340225,3.3117e+06,210875,236875,27840,102310,86470,560040,120405,5357.55,454575,309865,52182,337945,252165,278275,939365,221655,188105,314830,151475,143900,234415,692250,1.4102e+06,1.00597e+06,39634.5,30120,38721.5,34336,9911.4,44345.5,36658.5,16855.5,4498.65,71082
2018-12-01,28249.5,43810,181212,485305,172400,1.2563e+06,1.85885e+06,188170,584935,444855,568445,331515,280600,456480,450790,3.5486e+06,263725,239825,46276.5,120139,147506,672705,174200,20572.1,480990,313940,56491.5,343115,255995,459720,941680,224870,210035,356285,205005,156830,285600,692250,1.5566e+06,1.0332e+06,44097.5,30572,36602.5,32998.5,11366.5,42000.5,33791.5,15978,4229.8,70224.5
2018-12-02,42441,45862.5,263180,555525,213475,1.63485e+06,2.63495e+06,214010,726770,485610,703070,347640,307550,483080,552445,3.8203e+06,307315,267295,103312,165095,301705,740235,242945,20391,504220,321270,60941,373140,266185,623345,1.05856e+06,227650,394550,483720,459555,166580,390475,691295,1.74425e+06,1.2319e+06,56008.5,30572,33990.5,31089,13072,39471.5,31148,15012.5,3991.9,69546.5
2018-12-03,38452,44788.5,303355,636145,236270,1.8058e+06,3.0951e+06,230990,840640,508955,874720,360770,338135,495850,562450,3.90225e+06,289615,300895,116070,184455,318200,719160,272850,17964,514710,325350,60844.5,370615,265095,761140,1.1185e+06,233315,525285,561700,839330,172320,518725,690340,1.9856e+06,1.44595e+06,79989,31768.5,31434.5,29000.5,14025.5,37095,28712,14044.5,3767.35,68875
2018-12-04,35535.5,44651.5,259350,693090,264540,1.82235e+06,2.94555e+06,230260,787710,529320,939270,357410,318780,502090,535265,3.9893e+06,276775,316885,103778,175570,283110,719160,250270,16055,514545,329590,58400,351990,269030,698640,1.136e+06,239615,487575,546790,1.41664e+06,181120,702235,690340,2.3622e+06,1.91625e+06,107320,32984.5,28819,33390,14012.5,34592,26560,15148.5,6094.55,68210
2018-12-05,32855.5,43683.5,224185,678780,267725,1.87995e+06,2.91245e+06,233005,767755,521415,855610,356350,303425,507210,519335,4.2191e+06,262520,304095,95342.5,171475,260010,698615,233155,14339.5,516400,331740,56673,337945,267450,648840,1.16405e+06,245565,479010,550460,1.669e+06,190985,896555,690340,3.01535e+06,2.48565e+06,149665,32244,26421,36312.5,14127.5,32388,32312.5,15877,7329.2,67551.5
2018-12-06,30363.5,42475,192035,670970,275180,1.8111e+06,2.7599e+06,227545,716650,517580,806200,349135,288810,504640,492595,4.31065e+06,249000,296775,86382.5,163560,232600,668900,215485,12735.5,508925,330670,53772.5,316085,262775,597050,1.16405e+06,250130,442305,519960,1.47085e+06,199605,1.08158e+06,690340,3.88855e+06,3.24095e+06,181100,32001,24434,35728,13344,30202.5,35792,15419,7910.8,66899.5
2018-12-07,28073.5,41295,163005,644345,265015,1.70195e+06,2.57205e+06,219595,654240,495140,737390,339060,274895,499550,463710,4.3096e+06,237050,283490,77877,154195,207945,635815,199945,11382.5,499755,328525,51020.5,293455,256665,554490,1.15e+06,254260,406525,486310,1.4372e+06,201345,1.24375e+06,690340,4.9564e+06,4.0879e+06,180545,30579.5,22400.5,36444.5,12299,28270,39839,15557,8754.2,66254
2018-12-08,29756.5,44384.5,213100,611655,251685,1.5843e+06,2.37645e+06,210670,595215,466730,669455,340040,276840,500830,467360,4.3335e+06,256820,269210,110177,206080,315330,741745,220845,21802,511090,333985,65352,402530,255900,565370,1.1305e+06,256350,372060,448795,1.21705e+06,203120,1.27265e+06,690340,6.0964e+06,5.03075e+06,185670,28782,20536.5,35025,11244.5,26362.5,40363,14948,8848.75,65614.5
2018-12-09,44519,50430,291945,643975,282285,1.91065e+06,2.77725e+06,239530,790595,519455,882190,369595,305390,552755,620320,4.8062e+06,299115,288935,236875,252245,688025,812650,349025,34842.5,532240,341700,80819,592050,286425,723220,1.1532e+06,260065,413860,517800,983945,200160,1.29985e+06,690340,7.2674e+06,6.06805e+06,170180,31989,18914,40495.5,12055,24584,41269,16510.5,10287,64981
2018-12-10,53944,51724,327260,682965,315345,2.1372e+06,3.15655e+06,261510,911060,546710,1.05468e+06,400970,346600,573255,699090,4.83945e+06,323240,320650,292610,274685,766830,850310,453010,32068.5,543575,349485,91522,685050,302210,847010,1.1642e+06,263280,472865,598900,789325,196650,1.4434e+06,690340,8.5198e+06,7.2126e+06,194525,39615,22168,47516.5,13944.5,29763,43311.5,18229.5,11816,64981
2018-12-11,48979,52688,281500,718220,348330,2.22655e+06,3.41035e+06,250190,980785,561540,1.11164e+06,425570,371240,572860,691970,4.93305e+06,319495,342505,258855,267630,681275,855745,419070,28530,559570,355160,87904.5,645010,314370,947920,1.1584e+06,267620,481245,657505,629970,192070,1.49695e+06,690340,9.74165e+06,8.4536e+06,201555,45752.5,23277,53672.5,14477.5,32192,44457,17780.5,13473.5,64981
2018-12-12,45549.5,53685,259350,694670,330105,2.1288e+06,3.31665e+06,242880,937940,582385,1.04582e+06,422325,353140,575770,705260,4.97425e+06,324355,348695,233370,269745,619065,868240,398675,25339,561580,358645,86594.5,600965,325680,880260,1.16125e+06,270370,444180,606440,500220,186495,1.4418e+06,690340,1.1001e+07,9.75655e+06,186350,45334,22793.5,54768,14477.5,32763,42510,18184.5,13960,64823
2018-12-13,41850.5,52855.5,224185,682715,317840,2.0765e+06,3.2794e+06,234395,1.12348e+06,606475,1.02678e+06,421110,334915,572860,676470,4.9197e+06,312335,346630,210395,258275,550690,849570,371540,22646.5,563605,358645,82480.5,557935,326650,840500,1.14715e+06,272590,417470,571010,397670,182150,1.4157e+06,690340,1.22375e+07,1.11845e+07,181315,46206.5,22992,56987.5,14477.5,34059,46152.5,17623,14579,64666.5
2018-12-14,41573,53699.5,304665,709280,341790,2.19905e+06,3.54635e+06,253565,1.1763e+06,626925,949465,445985,359520,564210,694900,4.79925e+06,360425,366235,190625,265710,608760,942400,398820,30561,555445,361000,93909,649480,334455,780590,1.13595e+06,273150,421185,593395,659665,193710,1.57405e+06,690340,1.35225e+07,1.26775e+07,201220,44652.5,22015,62465,13674,33275,46971,16634.5,14423.5,64354
2018-12-15,42691,53515.5,366445,748495,371655,2.2601e+06,3.76575e+06,271225,1.2309e+06,617970,1.13419e+06,464490,393350,572930,737420,4.65565e+06,389095,392535,198340,277810,717895,995235,442425,29182,583120,364550,104546,731955,351040,925570,1.136e+06,272595,441555,641020,1.25402e+06,196735,1.8313e+06,690340,1.5098e+07,1.43275e+07,319320,53866,34958,75633.5,22947,43235.5,50464,26665.5,16118,65143
2018-12-16,42341.5,52526.5,387205,800160,397015,2.2849e+06,3.872e+06,277610,1.1883e+06,608910,1.18185e+06,485135,411930,575800,734780,4.50405e+06,408825,405105,192195,280515,735120,1.03338e+06,462470,25947,600165,366905,98019.5,671815,363210,1.03564e+06,1.12765e+06,271480,434130,676585,1.77575e+06,204365,2.15465e+06,690340,1.6746e+07,1.61205e+07,507855,65881.5,43542,90312,27434,56461,54746,29411.5,17414,65620.5
2018-12-17,38920,51709.5,331635,818985,412780,2.2097e+06,3.75565e+06,270235,1.16265e+06,580440,1.11425e+06,476235,391130,572860,710605,4.3574e+06,403795,421245,174255,270775,649660,1.02568e+06,426095,23045,615285,368095,93004,621490,371735,952405,1.11405e+06,269265,406525,637735,1.97005e+06,213585,2.48145e+06,690340,1.8322e+07,1.7872e+07,646900,70801,52938.5,105366,27237,65641,57776,30075,17344.5,67066
2018-12-18,35759.5,50433.5,289295,800515,400050,2.14845e+06,3.67175e+06,267050,1.08475e+06,547130,1.08545e+06,473450,372290,569960,689455,4.20415e+06,403795,416145,160090,262375,586990,1.02954e+06,395375,20467.5,608460,369295,87584.5,576985,376160,880260,1.10325e+06,267620,383855,608560,1.4976e+06,214825,2.7574e+06,690340,1.99305e+07,1.95925e+07,646125,68750.5,54336.5,108695,28370,70102.5,57365.5,31590.5,17853.5,67715
2018-12-19,33255.5,48882.5,246785,784400,390505,2.0255e+06,3.4598e+06,257720,990325,513770,1.00409e+06,461115,354355,567075,651400,4.0559e+06,388830,413620,144325,250265,522160,1.0001e+06,363830,19958,608460,366905,83102,531705,371765,809995,1.08465e+06,265440,354445,567205,1.2218e+06,216095,2.71e+06,690340,2.1552e+07,2.12475e+07,675090,67717.5,67038,113105,27120.5,74315.5,63484,30889.5,17470.5,68375
2018-12-20,38816.5,48882.5,276870,797995,411770,2.09765e+06,3.2061e+06,284140,1.14364e+06,560605,1.14364e+06,476680,378930,571455,646240,4.41355e+06,433570,429305,139465,248245,569385,1.09124e+06,395870,28556.5,636205,375495,94719,643470,378415,752260,1.10355e+06,265440,360950,591555,980105,212305,2.71e+06,690340,2.30895e+07,2.14765e+07,623685,84582,121606,131880,61923.5,85603,64562.5,62162,24297,69724.5
2018-12-21,52539.5,50648.5,322640,861695,435435,2.3274e+06,3.5313e+06,306530,1.217e+06,579045,1.2937e+06,499865,416515,589415,728345,4.62595e+06,453250,450110,154145,250335,673500,1.1241e+06,423100,28215,642690,380295,104888,703000,398565,767015,1.14845e+06,264895,391525,698285,1.07452e+06,208585,2.57285e+06,691295,2.44975e+07,2.16355e+07,553830,90713,150115,165205,77379.5,112754,73664,87779.5,33166,71097.5
2018-12-22,54431,50906,368380,925090,448215,2.49375e+06,3.73895e+06,317505,1.23135e+06,591180,1.3195e+06,525290,449115,599685,777455,4.9358e+06,469890,458840,165595,247205,718580,1.1558e+06,390545,24901,654470,383970,108645,794285,413440,817250,1.1874e+06,265980,394040,798995,1.10232e+06,203730,2.399e+06,692250,2.47235e+07,2.10045e+07,485850,98632,182940,212960,94425,151140,85300.5,100298,41888.5,73735
2018-12-23,49575.5,50433.5,302770,955310,434390,2.38085e+06,3.82845e+06,313410,1.17965e+06,580440,1.3663e+06,543635,425675,599610,737955,5.071e+06,464410,471470,150615,238710,632380,1.1477e+06,363830,22239.5,654470,387730,102139,731850,424315,821470,1.1957e+06,266525,368780,854670,1.04455e+06,197815,2.2162e+06,692250,2.4959e+07,2.00925e+07,426460,99272,189050,267810,96740.5,208250,98243.5,101910,50786,76652.5
2018-12-24,46104,49966,254665,938465,426950,2.32235e+06,3.69255e+06,314365,1.15425e+06,571925,1.30255e+06,535425,405170,602660,715995,5.17005e+06,462610,463010,139680,231305,574635,1.14345e+06,334800,19752,654470,386480,96913,674415,431890,759245,1.2103e+06,265435,349695,781970,899080,192070,2.04085e+06,692250,2.4341e+07,1.91465e+07,371160,100390,197445,315680,100764,258210,110240,107045,54224,78321
2018-12-25,42360,48882.5,216170,927665,408370,2.196e+06,3.6198e+06,305180,1.0769e+06,545045,1.26435e+06,529190,385650,599610,676470,5.1277e+06,445465,457400,126490,218905,511160,1.10275e+06,310665,17653,645000,383975,91618.5,626125,426880,705125,1.20445e+06,263810,322900,724170,810980,187595,1.8799e+06,692250,2.35905e+07,1.8115e+07,324410,96661,189050,329125,95952,272680,111700,103745,57242.5,79855
2018-12-26,39394,47379,183490,888370,385185,2.03815e+06,3.4117e+06,293620,983135,513770,1.1738e+06,516935,367070,590555,634490,5.01585e+06,422520,438305,114035,206370,454705,1.05585e+06,285880,15679,631050,379020,86594.5,576985,416955,648840,1.18695e+06,262730,295525,668310,673665,182150,1.73115e+06,692250,2.272e+07,1.72e+07,283545,91337,176360,340700,88821.5,289070,113365,98345,56630.5,80243.5
2018-12-27,36195,52158,228995,840780,362110,1.89165e+06,3.17005e+06,280870,1.13534e+06,482565,1.06565e+06,502010,348190,584595,636805,4.8657e+06,446455,417455,134135,231440,511165,1.12635e+06,323350,29764.5,652755,386605,98655,572430,412010,658030,1.16405e+06,260585,270470,618740,545305,176865,1.59455e+06,692250,2.1882e+07,1.627e+07,246925,85632.5,162355,330695,81203,284620,108440,92398,54618,80049.5
2018-12-28,37130,58287,306450,830775,338090,2.02795e+06,3.4501e+06,308735,1.14195e+06,532820,1.2404e+06,535445,379440,647195,773570,5.32405e+06,478760,422655,257600,270800,853605,1.17055e+06,445870,41578,659345,389025,112568,740140,435490,805805,1.19945e+06,262205,275565,620900,435210,171730,1.4684e+06,693210,2.0943e+07,1.5393e+07,215820,80305.5,149520,311560,73921,272680,101450,86441,51920,79662.5
2018-12-29,38789.5,60690.5,338760,872695,377720,2.2988e+06,3.9608e+06,316520,1.20435e+06,545580,1.2722e+06,562190,435260,670990,840310,5.3902e+06,491850,443405,362340,291825,1.09872e+06,1.1898e+06,539095,50679,671350,399270,121055,854995,458975,921040,1.3007e+06,263280,371845,725990,766460,167230,1.3526e+06,694170,2.00445e+07,1.456e+07,273775,75290,137085,290630,67320,257300,105866,80841,49172,78893.5
2018-12-30,38676,61406,290735,932925,409140,2.463e+06,4.2124e+06,330635,1.27615e+06,565550,1.32155e+06,574575,474375,666995,826475,5.47815e+06,508470,463655,320065,286125,957635,1.2381e+06,499015,44248,686195,404460,115620,951590,491540,1.01408e+06,1.3968e+06,268175,540590,822165,1.0335e+06,162860,1.2456e+06,694170,1.93045e+07,1.37755e+07,341465,70330.5,125680,269820,61046,240840,105650,75280.5,46406,78322.5
2018-12-31,35759.5,62178,372480,966410,424780,2.35145e+06,4.6303e+06,329630,1.34255e+06,588820,1.3757e+06,593255,509275,666995,832740,5.5545e+06,502690,471550,287125,287290,884485,1.2931e+06,474730,39299,701365,407105,113045,1.0288e+06,513690,947820,1.4181e+06,272605,601975,869740,1.16932e+06,158130,1.1507e+06,694170,1.8476e+07,1.30305e+07,399395,65697.5,115220,250395,55572,225495,101091,70102,43642.5,77377.5
