gauge_id,date,labeled_bf_cms,pybfs_bf_cms,strict
2193340,2018-01-01,0.0911801,0.0872012,False
2193340,2018-01-02,0.0838177,0.0798432,False
2193340,2018-01-03,0.0900474,0.0742199,False
2193340,2018-01-04,0.0925959,0.06943,False
2193340,2018-01-05,0.0860831,0.0642176,False
2193340,2018-01-06,0.0866494,0.0597205,False
2193340,2018-01-07,0.0866494,0.055191,False
2193340,2018-01-08,0.0874989,0.0510289,False
2193340,2018-01-09,0.0951444,0.0491667,False
2193340,2018-01-10,0.0897643,0.0471273,False
2193340,2018-01-11,0.130257,0.0474554,False
2193340,2018-01-21,0.15914,0.0665914,False
2193340,2018-02-13,0.436079,0.366713,True
2193340,2018-02-14,0.399267,0.3389,True
2193340,2018-02-17,0.334138,0.267731,True
2193340,2018-02-18,0.305821,0.247425,True
2193340,2018-02-21,0.281469,0.195475,True
2193340,2018-04-30,0.288831,0.186238,True
2193340,2018-05-01,0.266461,0.171111,True
2193340,2018-05-02,0.249754,0.159132,True
2193340,2018-05-03,0.238144,0.14706,True
2193340,2018-05-04,0.224552,0.135972,True
2193340,2018-05-05,0.218606,0.12566,True
2193340,2018-05-10,0.183493,0.0848223,True
2193340,2018-05-13,0.152911,0.0674022,False
2193340,2018-05-14,0.144416,0.0622894,False
2193340,2018-06-18,0.143283,0.153461,False
2193340,2018-06-19,0.131673,0.141823,False
2193340,2018-06-20,0.121196,0.131128,False
2193340,2018-06-21,0.10902,0.121181,False
2193340,2018-06-22,0.114683,0.11204,False
2193340,2018-06-23,0.143849,0.105416,False
2193340,2018-06-24,0.132239,0.0986128,False
2193340,2018-06-26,0.114683,0.0900729,False
2193340,2018-06-30,0.13762,0.0957321,False
2193340,2018-07-01,0.115816,0.0884705,False
2193340,2018-07-02,0.139035,0.0842413,False
2193340,2018-07-03,0.122612,0.0797847,False
2193340,2018-07-05,0.112984,0.0733056,False
2193340,2018-07-06,0.100525,0.0674022,False
2193340,2018-07-07,0.0988256,0.0622894,False
2193340,2018-07-08,0.0971266,0.0575914,False
2193340,2018-07-09,0.0815524,0.053559,False
2193340,2018-07-10,0.0764554,0.0494965,False
2193340,2018-07-11,0.070792,0.0457633,False
2193340,2018-07-12,0.0857999,0.0440932,False
2193340,2018-07-13,0.0996751,0.0430457,False
2193340,2018-07-15,0.0891979,0.0451736,False
2193340,2018-07-18,0.095994,0.0492101,False
2193340,2018-07-19,0.0798534,0.0452135,False
2193340,2018-07-20,0.0798534,0.0420469,False
2193340,2018-07-21,0.100808,0.0412662,False
2193340,2018-07-22,0.10902,0.0412812,False
2193340,2018-07-23,0.0773049,0.0397836,False
2193340,2018-07-24,0.0722078,0.036577,False
2193340,2018-07-25,0.0705088,0.0338189,False
2193340,2018-07-26,0.0614475,0.0314502,True
2193340,2018-07-27,0.0546514,0.0288964,True
2193340,2018-07-28,0.0489881,0.0268733,False
2193340,2018-07-29,0.0464396,0.0248351,False
2193340,2018-07-30,0.0458732,0.0229618,False
2193340,2018-07-31,0.0597484,0.0228177,False
2193340,2018-08-04,0.141301,0.0611834,False
2193340,2018-08-05,0.0801365,0.0562147,False
2193340,2018-08-06,0.0591821,0.0522784,False
2193340,2018-08-07,0.0492712,0.0483131,False
2193340,2018-08-08,0.0450237,0.0446696,False
2193340,2018-08-09,0.0702257,0.042522,False
2193340,2018-08-10,0.0940118,0.0415116,False
2193340,2018-08-11,0.0484217,0.0386157,False
2193340,2018-08-12,0.0396435,0.0359277,False
2193340,2018-08-13,0.0348297,0.0332025,True
2193340,2018-08-14,0.031998,0.0306985,True
2193340,2018-08-15,0.0288831,0.0283698,False
2193340,2018-08-16,0.0286,0.0262303,False
2193340,2018-08-17,0.0263346,0.0243935,False
2193340,2018-08-18,0.0291663,0.0226753,False
2193340,2018-08-19,0.0328475,0.0215978,False
2193340,2018-08-20,0.0317148,0.0203299,False
2193340,2018-08-21,0.0286,0.0188015,False
2193340,2018-08-22,0.0257683,0.0173837,False
2193340,2018-08-23,0.0206713,0.0161667,True
2193340,2018-08-24,0.0175564,0.0148536,True
2193340,2018-08-25,0.0158574,0.0138137,True
2193340,2018-08-26,0.0155742,0.0127656,False
2193340,2018-08-27,0.0152911,0.0118028,False
2193340,2018-08-28,0.0147247,0.0109766,False
2193340,2018-08-29,0.0144416,0.0100852,False
2193340,2018-08-30,0.0150079,0.00937899,False
2193340,2018-08-31,0.0141584,0.00866759,False
2193340,2018-09-01,0.0130257,0.00801395,False
2193340,2018-09-02,0.0116099,0.00745278,False
2193340,2018-09-03,0.0113267,0.00684757,False
2193340,2018-09-04,0.0113267,0.006368,False
2193340,2018-09-05,0.0121762,0.00613565,False
2193340,2018-09-06,0.00991088,0.00584578,False
2193340,2018-09-07,0.00821187,0.00540706,False
2193340,2018-09-08,0.00877821,0.00514861,False
2193340,2018-09-09,0.00906138,0.00493484,False
2193340,2018-09-10,0.0104772,0.00481759,False
2193340,2018-09-11,0.0107604,0.00470243,False
2193340,2018-09-12,0.00566336,0.0043489,False
2193340,2018-09-13,0.0062297,0.00411638,False
2193340,2018-09-14,0.00538019,0.00385191,False
2193340,2018-09-15,0.00339802,0.00356273,False
2193340,2018-09-16,0.0118931,0.00367558,False
2193340,2018-09-17,0.0178396,0.00397402,False
2193340,2018-09-18,0.0121762,0.00402326,False
2193340,2018-09-19,0.00821187,0.00371597,False
2193340,2018-09-20,0.00538019,0.00343571,False
2193340,2018-09-21,0.00368118,0.00317512,True
2193340,2018-09-22,0.00283168,0.00293571,False
2193340,2018-09-23,0.00226534,0.00273009,False
2193340,2018-09-24,0.00226534,0.00252303,False
2193340,2018-09-25,0.00368118,0.00238814,False
2193340,2018-09-26,0.00481386,0.00231678,False
2193340,2018-09-27,0.00368118,0.00220729,False
2193340,2018-09-28,0.0070792,0.00223814,False
2193340,2018-09-29,0.0209544,0.00286777,False
2193340,2018-09-30,0.0175564,0.00327431,False
2193340,2018-10-01,0.00877821,0.00298872,False
2193340,2018-10-02,0.00906138,0.00276337,False
2193340,2018-10-03,0.00538019,0.00256985,True
2193340,2018-10-04,0.00396435,0.00237494,True
2193340,2018-10-05,0.00254851,0.00219583,True
2193340,2018-10-06,0.00198218,0.00202928,False
2193340,2018-10-07,0.00169901,0.00187622,False
2193340,2018-10-08,0.00141584,0.00174479,False
2193340,2018-10-09,0.00226534,0.00163148,False
2193340,2018-10-10,0.00283168,0.00156343,False
2193340,2018-10-12,0.0872157,0.016452,False
2193340,2018-10-13,0.0232198,0.0150347,False
2193340,2018-10-14,0.0147247,0.0139815,False
2193340,2018-10-15,0.0138752,0.0129213,False
2193340,2018-10-16,0.0237861,0.0124525,False
2193340,2018-10-17,0.0220871,0.0119363,False
2193340,2018-10-18,0.0201049,0.0109766,False
2193340,2018-10-19,0.0184059,0.010208,False
2193340,2018-10-20,0.0201049,0.00983542,False
2193340,2018-10-21,0.0186891,0.00948484,False
2193340,2018-10-22,0.0158574,0.00877309,False
2193340,2018-10-23,0.0164237,0.00811146,False
2193340,2018-10-24,0.0161406,0.00754346,False
2193340,2018-10-25,0.0164237,0.0069713,False
2193340,2018-10-28,0.0504039,0.0180266,False
2193340,2018-10-29,0.0308653,0.0165625,False
2193340,2018-10-30,0.0226534,0.0154028,False
2193340,2018-10-31,0.0212376,0.0142344,False
2193340,2018-11-01,0.0300158,0.013886,False
2193340,2018-11-02,0.107604,0.0169201,False
2193340,2018-11-03,0.0880652,0.0185029,False
2193340,2018-11-04,0.0410594,0.0169682,False
2193340,2018-11-05,0.037095,0.0157801,False
2193340,2018-11-06,0.0506871,0.0160839,False
2193340,2018-11-07,0.0957108,0.018217,False
2193340,2018-11-11,0.143566,0.0542112,False
2338523,2018-02-18,0.863662,0.645087,True
2338523,2018-02-19,0.832514,0.625249,True
2338523,2018-04-10,0.733405,0.476487,True
2338523,2018-05-02,0.671108,0.486997,True
2338523,2018-05-03,0.651286,0.47202,True
2338523,2018-05-04,0.628633,0.457506,True
2338523,2018-05-06,0.611643,0.429792,True
2338523,2018-05-07,0.577663,0.415301,True
2338523,2018-05-08,0.563504,0.402529,True
2338523,2018-05-11,0.521029,0.365359,True
2338523,2018-05-24,0.540851,0.302917,True
2338523,2018-07-13,0.472891,0.437928,True
2338523,2018-07-14,0.472891,0.424456,False
2338523,2018-07-15,0.464396,0.4114,False
2338523,2018-07-16,0.4559,0.39875,False
2338523,2018-07-19,0.436079,0.37695,False
2338523,2018-07-20,0.441742,0.36765,False
2338523,2018-07-23,0.441742,0.361968,False
2338523,2018-07-24,0.43891,0.356343,False
2338523,2018-07-25,0.416257,0.347546,True
2338523,2018-07-26,0.385108,0.337928,True
2338523,2018-07-27,0.373782,0.327541,False
2338523,2018-07-28,0.356792,0.317465,False
2338523,2018-07-29,0.345465,0.306725,False
2338523,2018-07-30,0.362455,0.297292,False
2338523,2018-08-04,0.450237,0.332674,False
2338523,2018-08-05,0.413425,0.327541,True
2338523,2018-08-06,0.385108,0.318443,False
2338523,2018-08-07,0.385108,0.30963,False
2338523,2018-08-08,0.379445,0.299155,False
2338523,2018-08-11,0.40493,0.305787,False
2338523,2018-08-12,0.373782,0.302917,False
2338523,2018-08-13,0.35396,0.297292,True
2338523,2018-08-14,0.33697,0.288148,False
2338523,2018-08-15,0.325643,0.279288,False
2338523,2018-08-16,0.31998,0.2707,False
2338523,2018-08-17,0.402099,0.272425,False
2338523,2018-08-18,0.467227,0.275891,False
2338523,2018-08-19,0.416257,0.277529,False
2338523,2018-08-20,0.368118,0.274977,False
2338523,2018-08-21,0.365287,0.272396,False
2338523,2018-08-22,0.334138,0.267338,True
2338523,2018-08-23,0.314316,0.259115,True
2338523,2018-08-24,0.308653,0.251146,False
2338523,2018-08-25,0.300158,0.24342,False
2338523,2018-08-26,0.294495,0.235937,False
2338523,2018-08-27,0.283168,0.228686,False
2338523,2018-08-28,0.282318,0.221649,False
2338523,2018-08-29,0.385108,0.226678,False
2338523,2018-08-31,0.342633,0.233003,False
2338523,2018-09-01,0.317148,0.234468,False
2338523,2018-09-02,0.305821,0.23011,False
2338523,2018-09-03,0.300158,0.223744,False
2338523,2018-09-04,0.300158,0.217529,False
2338523,2018-09-05,0.300158,0.210839,False
2338523,2018-09-06,0.300158,0.203733,False
2338523,2018-09-07,0.288831,0.197465,False
2338523,2018-09-08,0.275239,0.190787,False
2338523,2018-09-09,0.269576,0.184925,False
2338523,2018-09-10,0.280336,0.179236,False
2338523,2018-09-11,0.311485,0.183304,False
2338523,2018-09-12,0.33697,0.186765,False
2338523,2018-09-13,0.286,0.189005,False
2338523,2018-09-14,0.272974,0.18842,False
2338523,2018-09-15,0.257117,0.18842,True
2338523,2018-09-16,0.249754,0.183773,True
2338523,2018-09-17,0.246356,0.179236,False
2338523,2018-09-18,0.23956,0.173721,True
2338523,2018-09-19,0.234463,0.16838,True
2338523,2018-09-20,0.228517,0.1632,True
2338523,2018-09-21,0.224269,0.158177,False
2338523,2018-09-22,0.224269,0.153316,False
2338523,2018-09-23,0.221721,0.148148,False
2338523,2018-09-24,0.271275,0.152014,False
2338523,2018-09-26,0.308653,0.175388,False
2338523,2018-09-27,0.339802,0.187297,False
2338523,2018-09-28,0.37095,0.198767,False
2338523,2018-09-29,0.342633,0.207587,False
2338523,2018-09-30,0.300158,0.209531,False
2338523,2018-10-01,0.286,0.210839,False
2338523,2018-10-02,0.286,0.206927,False
2338523,2018-10-03,0.283168,0.201823,False
2338523,2018-10-04,0.272408,0.195613,True
2338523,2018-10-05,0.268726,0.190203,False
2338523,2018-10-06,0.260231,0.183773,False
2338523,2018-10-07,0.252869,0.178119,False
2338523,2018-10-08,0.247772,0.172639,False
2338523,2018-10-09,0.247206,0.167326,False
2338523,2018-10-12,0.467227,0.296354,False
2338523,2018-10-13,0.376613,0.297292,False
2338523,2018-10-14,0.339802,0.299155,False
2338523,2018-10-15,0.31998,0.2936,False
2338523,2018-10-16,0.314316,0.284572,False
2338523,2018-10-17,0.305821,0.276701,False
2338523,2018-10-18,0.291663,0.268189,False
2338523,2018-10-19,0.291663,0.259942,False
2338523,2018-10-20,0.328475,0.256672,False
2338523,2018-10-21,0.297326,0.251117,False
2338523,2018-10-22,0.286,0.244948,False
2338523,2018-10-23,0.286,0.239664,False
2338523,2018-10-24,0.280336,0.233003,False
2338523,2018-10-25,0.282885,0.225839,False
2338523,2018-10-26,0.433247,0.233999,False
2338523,2018-10-27,0.339802,0.232992,False
2338523,2018-10-28,0.305821,0.23011,False
2338523,2018-10-29,0.294495,0.228686,False
2338523,2018-10-30,0.281186,0.223032,False
2338523,2018-10-31,0.27892,0.216863,False
2338523,2018-11-01,0.322812,0.218223,False
2338523,2018-11-02,0.328475,0.218223,False
2338523,2018-11-03,0.305821,0.213495,False
2338523,2018-11-04,0.294495,0.21151,False
2338523,2018-11-05,0.331307,0.214172,False
2338523,2018-11-06,0.342633,0.216204,False
2338523,2018-11-11,0.430415,0.274977,False
2339495,2018-03-24,1.54893,0.692899,True
2339495,2018-03-25,1.50929,0.59059,True
2339495,2018-04-30,1.64521,1.11715,True
2339495,2018-05-01,1.51212,0.965694,True
2339495,2018-05-03,1.32523,0.702141,True
2339495,2018-05-04,1.22895,0.598953,True
2339495,2018-05-07,1.03356,0.369653,True
2339495,2018-05-08,0.942949,0.315069,True
2339495,2018-05-09,0.894811,0.267442,True
2339495,2018-05-10,0.835346,0.228137,True
2339495,2018-05-12,0.747564,0.165874,True
2339495,2018-05-13,0.665445,0.141389,True
2339495,2018-05-14,0.651286,0.120012,False
2339495,2018-05-15,0.614475,0.102373,False
2339495,2018-05-16,0.645623,0.0872575,False
2339495,2018-05-20,0.781544,0.395619,False
2339495,2018-06-09,0.722078,0.790376,False
2339495,2018-06-15,0.676772,0.522483,False
2339495,2018-06-16,0.583326,0.455775,False
2339495,2018-06-17,0.532356,0.390411,False
2339495,2018-06-18,0.588989,0.380527,False
2339495,2018-06-19,0.566336,0.360023,False
2339495,2018-06-20,0.447405,0.313767,False
2339495,2018-06-21,0.399267,0.282459,False
2339495,2018-06-22,0.433247,0.277772,False
2339495,2018-06-24,0.77588,0.360139,False
2339495,2018-06-25,0.557841,0.325405,False
2339495,2018-06-26,0.521029,0.312216,False
2339495,2018-07-26,0.855167,0.680388,True
2339495,2018-07-27,0.682435,0.582812,True
2339495,2018-07-28,0.566336,0.496759,True
2339495,2018-07-29,0.481386,0.421661,False
2339495,2018-07-30,0.413425,0.359687,False
2339495,2018-07-31,0.453069,0.331534,False
2339495,2018-08-07,0.688098,0.961696,False
2339495,2018-08-13,0.818356,0.601447,True
2339495,2018-08-14,0.620138,0.513056,True
2339495,2018-08-15,0.512534,0.437303,False
2339495,2018-08-16,0.43891,0.373032,False
2339495,2018-08-17,0.43891,0.317957,False
2339495,2018-08-26,0.72491,0.865729,False
2339495,2018-08-27,0.614475,0.738501,False
2339495,2018-08-28,0.557841,0.629456,False
2339495,2018-08-29,0.719247,0.562483,False
2339495,2018-09-01,0.77588,0.508663,False
2339495,2018-09-02,0.603148,0.459948,False
2339495,2018-09-03,0.489881,0.423756,False
2339495,2018-09-04,0.472891,0.36783,False
2339495,2018-09-05,0.472891,0.315069,False
2339495,2018-09-06,0.498376,0.311597,False
2339495,2018-09-07,0.433247,0.289225,False
2339495,2018-09-08,0.365287,0.253218,False
2339495,2018-09-09,0.31998,0.228137,False
2339495,2018-09-10,0.308653,0.197205,False
2339495,2018-09-11,0.368118,0.206979,False
2339495,2018-09-12,0.314316,0.192876,False
2339495,2018-09-13,0.294495,0.170469,False
2339495,2018-09-14,0.272691,0.155637,False
2339495,2018-09-15,0.240976,0.135093,True
2339495,2018-09-16,0.212942,0.115719,True
2339495,2018-09-17,0.202182,0.0991215,False
2339495,2018-09-18,0.179812,0.0841366,False
2339495,2018-09-19,0.15376,0.07207,True
2339495,2018-09-20,0.129691,0.0611748,True
2339495,2018-09-21,0.107321,0.0521846,True
2339495,2018-09-22,0.0923128,0.0444792,False
2339495,2018-09-23,0.0832514,0.0379421,False
2339495,2018-09-24,0.0818356,0.0323403,False
2339495,2018-09-25,0.112418,0.0446968,False
2339495,2018-09-26,0.161123,0.0590984,False
2339495,2018-10-01,1.12418,0.642512,True
2339495,2018-10-02,0.801365,0.57467,True
2339495,2018-10-03,0.557841,0.5343,True
2339495,2018-10-04,0.450237,0.466088,True
2339495,2018-10-05,0.399267,0.399242,True
2339495,2018-10-06,0.356792,0.338883,True
2339495,2018-10-07,0.311485,0.290284,False
2339495,2018-10-08,0.269293,0.2464,False
2339495,2018-10-09,0.225685,0.210185,False
2339495,2018-10-10,0.10279,0.179149,False
2339495,2018-10-24,0.659781,0.55919,False
2339495,2018-10-25,0.600316,0.483374,False
2339495,2018-10-26,0.600316,0.414051,False
2339495,2018-10-27,0.611643,0.35467,False
2339495,2018-10-28,0.716415,0.382344,False
2339495,2018-10-30,0.75889,0.396094,False
2339495,2018-10-31,0.637128,0.362986,False
2339495,2018-11-01,0.498376,0.340567,False
2339495,2018-11-02,0.368118,0.297083,False
2339495,2018-11-03,0.419089,0.284057,False
2339495,2018-11-04,0.481386,0.280874,False
2339495,2018-11-05,0.481386,0.280544,False
2339495,2018-11-06,0.481386,0.24989,False
2339495,2018-11-07,0.600316,0.284676,False
2343225,2018-01-20,6.20138,4.07407,True
2343225,2018-01-21,6.08811,3.84508,True
2343225,2018-01-24,5.77663,3.23247,True
2343225,2018-02-19,10.1091,6.56649,True
2343225,2018-02-20,9.5994,6.19745,True
2343225,2018-02-22,8.89148,5.50394,True
2343225,2018-04-03,6.31465,4.32963,True
2343225,2018-04-13,4.95544,2.5136,False
2343225,2018-04-14,4.84217,2.37234,False
2343225,2018-05-03,4.72891,5.03229,True
2343225,2018-05-04,4.50237,4.74948,True
2343225,2018-05-05,4.30415,4.46916,False
2343225,2018-05-06,4.16257,4.218,False
2343225,2018-05-07,3.90772,3.9809,True
2343225,2018-05-08,3.73782,3.75712,True
2343225,2018-05-09,3.56792,3.53605,True
2343225,2018-05-10,3.48297,3.33727,False
2343225,2018-05-11,3.3697,3.14971,True
2343225,2018-05-12,3.22812,2.97269,False
2343225,2018-05-13,3.14316,2.80556,False
2343225,2018-05-14,3.14316,2.64792,False
2343225,2018-05-15,3.25643,2.50613,False
2343225,2018-06-09,4.67227,5.73137,False
2343225,2018-06-21,4.87049,5.58455,True
2343225,2018-06-22,4.41742,5.30127,True
2343225,2018-06-23,4.24752,5.0033,False
2343225,2018-06-24,3.93604,4.72205,False
2343225,2018-06-25,3.76613,4.45666,False
2343225,2018-06-27,4.67227,4.06267,False
2343225,2018-06-28,4.27584,3.86742,False
2343225,2018-06-30,4.95544,3.73397,False
2343225,2018-07-03,4.72891,3.5651,False
2343225,2018-07-04,4.84217,3.44485,False
2343225,2018-07-06,4.81386,3.46348,False
2343225,2018-07-10,4.559,3.80087,False
2343225,2018-07-11,3.8794,3.66088,True
2343225,2018-07-12,3.7095,3.48495,False
2343225,2018-07-13,3.39802,3.2989,False
2343225,2018-07-14,3.59623,3.12222,False
2343225,2018-07-16,4.95544,3.16701,False
2343225,2018-07-17,4.30415,3.06852,False
2343225,2018-07-18,4.19089,2.99832,False
2343225,2018-07-27,4.81386,4.35469,False
2343225,2018-07-28,4.16257,4.12147,False
2343225,2018-07-29,4.10594,3.90145,False
2343225,2018-07-30,4.30415,3.68218,False
2343225,2018-08-25,4.84217,5.0173,False
2343225,2018-08-26,4.33247,4.76285,False
2343225,2018-08-27,3.99267,4.50856,False
2343225,2018-08-28,3.85108,4.26707,False
2343225,2018-08-31,4.89881,3.82292,False
2343225,2018-09-01,4.24752,3.68218,False
2343225,2018-09-02,4.02099,3.49537,False
2343225,2018-09-03,4.2192,3.30816,False
2343225,2018-09-04,4.19089,3.12222,False
2343225,2018-09-05,4.3891,2.94676,False
2343225,2018-09-06,4.36079,2.78113,False
2343225,2018-09-07,3.93604,2.62483,False
2343225,2018-09-08,3.59623,2.48466,False
2343225,2018-09-09,3.45465,2.34497,False
2343225,2018-09-10,3.42633,2.21319,False
2343225,2018-09-11,3.96435,2.2735,False
2343225,2018-09-12,4.27584,2.31262,False
2343225,2018-09-13,4.98376,2.47558,False
2343225,2018-09-14,4.61564,2.58015,False
2343225,2018-09-15,3.82277,2.57245,False
2343225,2018-09-16,3.3697,2.57245,False
2343225,2018-09-17,3.14316,2.47731,True
2343225,2018-09-18,3.0299,2.36528,False
2343225,2018-09-19,2.91663,2.23895,True
2343225,2018-09-20,2.7977,2.11904,True
2343225,2018-09-21,2.70709,1.99994,False
2343225,2018-09-22,2.67027,1.88756,False
2343225,2018-09-23,2.68443,1.78148,False
2343225,2018-09-24,2.94495,1.80289,False
2343225,2018-09-25,2.97326,1.81296,False
2343225,2018-09-26,3.3697,1.88877,False
2343225,2018-10-01,4.30415,2.96383,False
2343225,2018-10-02,3.93604,2.87934,True
2343225,2018-10-03,3.68118,2.74913,True
2343225,2018-10-04,3.51128,2.60961,True
2343225,2018-10-05,3.42633,2.47037,False
2343225,2018-10-06,3.28475,2.33802,False
2343225,2018-10-07,3.14316,2.2066,False
2343225,2018-10-08,3.1998,2.08258,False
2343225,2018-10-09,3.45465,2.10764,False
2343940,2018-01-01,0.461564,0.445291,False
2343940,2018-01-02,0.441742,0.414792,False
2343940,2018-01-03,0.424752,0.38728,False
2343940,2018-01-04,0.42192,0.364074,False
2343940,2018-01-05,0.416257,0.339925,True
2343940,2018-01-06,0.413425,0.319566,False
2343940,2018-01-07,0.407762,0.298368,False
2343940,2018-01-08,0.407762,0.280498,False
2343940,2018-01-09,0.413425,0.261892,False
2343940,2018-01-10,0.413425,0.246204,False
2343940,2018-01-11,0.416257,0.230637,False
2343940,2018-01-12,0.518197,0.258825,False
2343940,2018-01-13,0.614475,0.287737,False
2343940,2018-01-14,0.495544,0.282431,False
2343940,2018-01-15,0.453069,0.291256,False
2343940,2018-01-16,0.43891,0.284375,True
2343940,2018-01-17,0.433247,0.270075,True
2343940,2018-01-18,0.427584,0.254803,True
2343940,2018-01-19,0.424752,0.239537,True
2343940,2018-01-20,0.419089,0.225191,True
2343940,2018-01-21,0.419089,0.210255,True
2343940,2018-01-22,0.416257,0.197656,False
2343940,2018-01-23,0.416257,0.185162,False
2343940,2018-01-24,0.410594,0.173495,False
2343940,2018-01-25,0.402099,0.162523,False
2343940,2018-01-26,0.396435,0.15228,False
2343940,2018-01-27,0.399267,0.14316,False
2343940,2018-01-28,0.470059,0.181655,False
2343940,2018-01-29,0.645623,0.23235,False
2343940,2018-01-30,0.549346,0.2686,False
2343940,2018-01-31,0.509702,0.283368,False
2343940,2018-02-01,0.506871,0.298368,False
2343940,2018-02-02,0.518197,0.293258,False
2343940,2018-02-03,0.521029,0.280498,False
2343940,2018-02-04,0.60598,0.310966,False
2343940,2018-02-05,0.756059,0.351782,False
2343940,2018-02-06,0.662613,0.378507,False
2343940,2018-02-07,0.685267,0.38463,False
2343940,2018-02-08,0.988256,0.477679,False
2343940,2018-02-09,0.835346,0.497894,False
2343940,2018-02-10,0.756059,0.500897,False
2343940,2018-02-19,1.91422,1.26094,True
2343940,2018-02-20,1.77546,1.18124,True
2343940,2018-02-21,1.68202,1.1068,True
2343940,2018-02-22,1.60839,1.03682,True
2343940,2018-02-23,1.52061,0.971487,False
2343940,2018-02-24,1.45832,0.910064,False
2343940,2018-02-25,1.40734,0.852714,False
2343940,2018-02-26,1.66786,0.921076,False
2343940,2018-02-28,1.68485,1.03682,False
2343940,2018-03-01,1.4838,1.03339,False
2343940,2018-03-02,1.3762,1.03339,False
2343940,2018-03-03,1.26293,0.998524,False
2343940,2018-03-04,1.19497,0.945179,False
2343940,2018-03-05,1.16099,0.888559,False
2343940,2018-03-06,1.41301,0.911175,False
2343940,2018-03-08,1.74431,1.04794,False
2343940,2018-03-09,1.3762,1.04396,False
2343940,2018-03-10,1.27426,1.04767,False
2343940,2018-03-11,1.40168,1.05436,False
2343940,2018-03-14,1.43,1.12985,False
2343940,2018-03-15,1.30257,1.11813,False
2343940,2018-03-16,1.24594,1.06946,False
2343940,2018-03-17,1.22895,1.01233,False
2343940,2018-03-18,1.33655,1.00151,False
2343940,2018-03-21,1.61123,1.17731,False
2343940,2018-03-22,1.38469,1.17731,False
2343940,2018-03-23,1.28841,1.13361,True
2343940,2018-03-24,1.2516,1.07683,True
2343940,2018-03-25,1.23178,1.01233,True
2343940,2018-03-26,1.21479,0.948322,False
2343940,2018-03-27,1.1978,0.888559,False
2343940,2018-03-28,1.16948,0.835336,False
2343940,2018-03-29,1.144,0.779925,False
2343940,2018-04-01,1.46115,0.96805,False
2343940,2018-04-02,1.26859,0.978171,False
2343940,2018-04-03,1.19497,0.945179,False
2343940,2018-04-04,1.24311,0.900845,False
2343940,2018-04-05,1.26576,0.846875,False
2343940,2018-04-06,1.13267,0.796152,False
2343940,2018-04-07,1.11002,0.743345,False
2343940,2018-04-08,1.16099,0.698814,False
2343940,2018-04-09,1.09303,0.65463,False
2343940,2018-04-10,1.04772,0.61338,False
2343940,2018-04-11,0.985425,0.574595,True
2343940,2018-04-12,0.937286,0.538385,False
2343940,2018-04-13,0.900474,0.504346,False
2343940,2018-04-14,0.880652,0.472564,False
2343940,2018-04-18,1.56592,1.08424,False
2343940,2018-04-19,1.38752,1.12985,False
2343940,2018-04-20,1.28841,1.09923,False
2343940,2018-04-21,1.24028,1.04767,False
2343940,2018-04-22,1.42434,1.04011,False
2343940,2018-04-30,1.80661,1.74097,True
2343940,2018-05-01,1.67069,1.63669,True
2343940,2018-05-02,1.56875,1.52812,True
2343940,2018-05-03,1.45265,1.43657,True
2343940,2018-05-04,1.38752,1.34126,True
2343940,2018-05-05,1.32239,1.26094,True
2343940,2018-05-06,1.26576,1.17731,True
2343940,2018-05-07,1.20346,1.1068,True
2343940,2018-05-08,1.14966,1.03339,False
2343940,2018-05-09,1.09586,0.971487,False
2343940,2018-05-10,1.03923,0.907043,True
2343940,2018-05-11,0.97693,0.852714,True
2343940,2018-05-12,0.968435,0.796152,False
2343940,2018-05-13,0.934454,0.745816,False
2343940,2018-05-14,0.931623,0.698814,False
2343940,2018-05-15,0.962771,0.65463,False
2343940,2018-05-16,0.979761,0.61338,False
2343940,2018-05-17,1.09303,0.647407,False
2343940,2018-05-18,1.63671,0.719005,False
2343940,2018-05-20,1.38752,0.870266,False
2343940,2018-06-07,1.58291,1.89045,False
2343940,2018-06-08,1.4215,1.7772,False
2343940,2018-06-09,1.33372,1.67072,False
2343940,2018-06-10,1.73582,1.5809,False
2343940,2018-06-13,1.47247,1.49167,False
2343940,2018-06-14,1.36204,1.41701,False
2343940,2018-06-15,1.47814,1.34549,False
2343940,2018-06-18,1.69334,1.27836,False
2343940,2018-06-19,1.53477,1.2353,False
2343940,2018-06-20,1.2516,1.17315,True
2343940,2018-06-21,1.09869,1.1068,True
2343940,2018-06-22,1.07321,1.03682,False
2343940,2018-06-23,0.996751,0.971487,False
2343940,2018-06-24,0.928791,0.913293,False
2343940,2018-06-25,0.889148,0.852714,False
2343940,2018-06-26,0.931623,0.801632,False
2343940,2018-06-27,1.20913,0.813171,False
2343940,2018-06-28,1.01657,0.784838,False
2343940,2018-06-29,1.14117,0.804149,False
2343940,2018-06-30,1.04772,0.801157,False
2343940,2018-07-01,1.15816,0.817905,False
2343940,2018-07-02,1.02224,0.7907,False
2343940,2018-07-03,1.18931,0.829618,False
2343940,2018-07-04,1.41301,0.859375,False
2343940,2018-07-05,1.13267,0.829618,False
2343940,2018-07-06,1.00241,0.81831,False
2343940,2018-07-07,0.934454,0.785295,False
2343940,2018-07-08,0.982593,0.743345,False
2343940,2018-07-09,1.33655,0.7875,False
2343940,2018-07-10,1.3677,0.811175,False
2343940,2018-07-11,0.996751,0.787905,False
2343940,2018-07-12,0.872157,0.785295,False
2343940,2018-07-13,0.75889,0.753617,False
2343940,2018-07-14,0.702257,0.710828,False
2343940,2018-07-15,0.957108,0.705735,False
2343940,2018-07-16,1.29691,0.7482,False
2343940,2018-07-17,1.24311,0.775029,False
2343940,2018-07-18,0.948613,0.758808,False
2343940,2018-07-19,0.951444,0.758808,False
2343940,2018-07-20,0.925959,0.728194,False
2343940,2018-07-21,0.996751,0.727917,False
2343940,2018-07-22,0.965603,0.713003,False
2343940,2018-07-23,0.889148,0.684572,False
2343940,2018-07-24,0.877821,0.661476,False
2343940,2018-07-25,0.832514,0.630451,False
2343940,2018-07-26,0.7419,0.592691,False
2343940,2018-07-27,0.744732,0.557182,False
2343940,2018-07-28,0.807029,0.559167,False
2343940,2018-07-29,0.962771,0.583779,False
2343940,2018-07-30,0.982593,0.60974,False
2343940,2018-08-04,1.60839,1.18124,False
2343940,2018-08-05,1.2601,1.21412,False
2343940,2018-08-06,1.1355,1.17731,False
2343940,2018-08-09,1.51778,1.31834,False
2343940,2018-08-10,1.21479,1.29606,False
2343940,2018-08-11,1.52061,1.27332,False
2343940,2018-08-12,1.45265,1.22622,False
2343940,2018-08-13,1.15249,1.1613,False
2343940,2018-08-14,1.0279,1.1068,False
2343940,2018-08-15,0.951444,1.04767,False
2343940,2018-08-16,0.911801,0.981424,False
2343940,2018-08-17,0.97693,0.922639,False
2343940,2018-08-18,1.0817,0.891094,False
2343940,2018-08-19,1.27992,0.891516,False
2343940,2018-08-20,1.61972,0.933941,False
2343940,2018-08-21,1.40451,0.951331,False
2343940,2018-08-22,1.43566,0.938715,False
2343940,2018-08-23,1.14683,0.925914,False
2343940,2018-08-24,0.988256,0.885417,True
2343940,2018-08-25,0.917464,0.835336,True
2343940,2018-08-26,0.841009,0.785295,False
2343940,2018-08-27,0.804197,0.738252,False
2343940,2018-08-28,0.773049,0.694039,False
2343940,2018-08-29,0.869326,0.677199,False
2343940,2018-08-30,1.09303,0.694676,False
2343940,2018-08-31,0.954276,0.691285,False
2343940,2018-09-01,0.999583,0.675243,False
2343940,2018-09-02,0.942949,0.661476,False
2343940,2018-09-03,0.829682,0.630451,False
2343940,2018-09-04,0.821187,0.592691,False
2343940,2018-09-05,0.872157,0.598895,False
2343940,2018-09-06,0.821187,0.592465,False
2343940,2018-09-07,0.75889,0.568773,False
2343940,2018-09-08,0.713583,0.553374,False
2343940,2018-09-09,0.682435,0.527419,True
2343940,2018-09-10,0.668276,0.499242,False
2343940,2018-09-11,0.659781,0.467674,False
2343940,2018-09-12,0.642791,0.4382,False
2343940,2018-09-13,0.72491,0.454103,False
2343940,2018-09-14,0.716415,0.460029,False
2343940,2018-09-15,0.625801,0.447321,False
2343940,2018-09-16,0.60598,0.441221,False
2343940,2018-09-17,0.60598,0.421927,False
2343940,2018-09-18,0.591821,0.398056,False
2343940,2018-09-19,0.580494,0.375457,False
2343940,2018-09-20,0.555009,0.3518,True
2343940,2018-09-21,0.540851,0.330723,False
2343940,2018-09-22,0.523861,0.309809,False
2343940,2018-09-23,0.532356,0.290289,False
2343940,2018-09-24,0.535188,0.271939,False
2343940,2018-09-25,0.540851,0.254803,False
2343940,2018-09-26,0.651286,0.296429,False
2343940,2018-09-27,0.676772,0.325017,False
2343940,2018-09-28,0.733405,0.371997,False
2343940,2018-09-29,0.668276,0.407899,False
2343940,2018-09-30,0.645623,0.41765,False
2343940,2018-10-01,0.67394,0.424826,False
2343940,2018-10-02,0.603148,0.411956,False
2343940,2018-10-03,0.574831,0.389942,False
2343940,2018-10-04,0.560673,0.369109,False
2343940,2018-10-05,0.546514,0.34577,True
2343940,2018-10-06,0.521029,0.323981,False
2343940,2018-10-07,0.521029,0.304578,False
2343940,2018-10-08,0.512534,0.284375,False
2343940,2018-10-09,0.506871,0.267344,False
2343940,2018-10-17,7.13583,1.67627,True
2343940,2018-10-18,6.2297,1.57066,True
2343940,2018-10-19,5.26692,1.47656,True
2343940,2018-10-20,4.61564,1.38814,True
2343940,2018-10-21,4.07762,1.29606,True
2343940,2018-10-22,3.62455,1.2184,True
2343940,2018-10-23,3.34138,1.1376,True
2361000,2018-01-03,13.1107,11.8677,False
2361000,2018-01-04,12.4028,10.9461,False
2361000,2018-01-05,11.978,10.1593,True
2361000,2018-01-06,11.6665,9.37066,False
2361000,2018-01-07,11.5249,8.69705,False
2361000,2018-01-08,11.6099,8.07193,False
2361000,2018-01-09,11.8364,7.46759,False
2361000,2018-01-10,12.1479,6.91019,False
2361000,2018-01-11,12.516,6.41348,False
2361000,2018-01-17,12.6293,8.9985,True
2361000,2018-01-18,12.2895,8.48356,True
2361000,2018-01-19,12.1762,7.9228,False
2361000,2018-01-20,12.1196,7.3533,False
2361000,2018-01-21,12.0063,6.82477,True
2361000,2018-01-22,11.8081,6.31383,False
2361000,2018-01-23,11.7515,5.86001,False
2361000,2018-01-24,11.4966,5.43877,False
2361000,2018-01-25,11.1002,5.03275,False
2361000,2018-01-26,10.817,4.67101,False
2361000,2018-01-27,10.7038,4.33524,False
2361000,2018-01-28,13.1673,5.55608,False
2361000,2018-02-01,12.2329,7.9228,False
2361000,2018-02-02,11.6948,7.68038,False
2361000,2018-02-03,11.44,7.2625,False
2361000,2018-02-04,13.0257,7.7533,False
2361000,2018-02-18,37.095,21.4201,True
2361000,2018-02-19,33.1307,19.8802,True
2361000,2018-02-20,30.299,18.3368,True
2361000,2018-02-22,27.5522,15.6979,True
2361000,2018-04-03,16.7069,13.1904,True
2361000,2018-04-11,13.3655,9.54699,False
2361000,2018-04-12,12.516,9.0276,False
2361000,2018-04-13,11.7515,8.43096,False
2361000,2018-04-14,11.2135,7.82494,False
2361000,2018-04-21,12.7142,14.3003,False
2361000,2018-04-30,14.8946,13.522,True
2361000,2018-05-01,12.7426,12.5503,True
2361000,2018-05-02,11.4683,11.5762,True
2361000,2018-05-03,10.5622,10.7439,True
2361000,2018-05-04,9.88256,9.90984,True
2361000,2018-05-05,9.28791,9.19757,False
2361000,2018-05-06,8.91979,8.5364,False
2361000,2018-05-07,8.21187,7.89728,True
2361000,2018-05-08,7.73049,7.30775,True
2361000,2018-05-09,7.36237,6.78247,False
2361000,2018-05-10,7.02257,6.29497,False
2361000,2018-05-11,6.62613,5.82367,True
2361000,2018-05-12,6.2297,5.38895,True
2361000,2018-05-13,5.88989,5.00162,False
2361000,2018-05-14,5.83326,4.64207,False
2361000,2018-05-15,5.83326,4.30839,False
2361000,2018-05-16,6.3996,4.36348,False
2361000,2018-05-17,11.4683,5.0761,False
2361000,2018-06-21,11.0152,11.2552,False
2361000,2018-06-22,9.79761,10.48,True
2361000,2018-06-23,9.08969,9.72674,False
2361000,2018-06-24,8.52336,8.97164,False
2361000,2018-06-25,8.60831,8.32679,False
2361000,2018-06-26,9.03306,7.7283,False
2361000,2018-06-27,11.6382,7.82946,False
2361000,2018-06-28,10.0525,7.55579,False
2361000,2018-07-07,12.8841,11.2216,False
2361000,2018-07-11,12.7709,11.1524,False
2361000,2018-07-12,10.279,10.8783,False
2361000,2018-07-13,8.83484,10.3505,False
2361000,2018-07-14,10.2507,9.66649,False
2361000,2018-07-18,12.4877,9.97164,False
2361000,2018-07-19,12.2329,9.84844,False
2361000,2018-07-23,12.4028,11.3619,False
2361000,2018-07-24,10.5622,11.2216,False
2361000,2018-07-25,9.51444,10.6455,False
2361000,2018-07-26,9.79761,9.97164,False
2361000,2018-07-27,9.57108,9.28252,False
2361000,2018-07-28,8.57999,8.61534,False
2361000,2018-07-29,8.04197,7.97222,False
2361000,2018-07-30,7.13583,7.39919,False
2361000,2018-07-31,8.66494,7.12251,False
2361000,2018-08-07,11.6099,10.9461,False
2361000,2018-08-08,13.0257,10.5368,False
2361000,2018-08-12,12.1762,11.1524,False
2361000,2018-08-13,10.9303,10.5454,False
2361000,2018-08-14,9.85425,9.90984,False
2361000,2018-08-15,10.4489,9.30862,False
2361000,2018-08-18,13.3372,9.54699,False
2361000,2018-08-25,11.44,9.42905,True
2361000,2018-08-26,9.62771,8.80584,True
2361000,2018-08-27,8.55167,8.17297,False
2361000,2018-08-28,7.78712,7.56105,False
2361000,2018-08-29,7.67385,7.01753,False
2361000,2018-08-30,9.51444,6.95029,False
2361000,2018-08-31,10.817,7.02135,False
2361000,2018-09-01,11.4683,7.28814,False
2361000,2018-09-02,12.0913,7.70752,False
2361000,2018-09-03,10.5338,7.53848,False
2361000,2018-09-04,9.88256,7.49178,False
2361000,2018-09-05,11.3834,7.75336,False
2361000,2018-09-06,12.3744,7.87581,False
2361000,2018-09-07,12.4594,8.19948,False
2361000,2018-09-08,10.4489,7.97222,False
2361000,2018-09-09,9.06138,7.87373,False
2361000,2018-09-10,8.29682,7.49178,False
2361000,2018-09-11,10.4772,7.51128,False
2361000,2018-09-12,8.97643,7.18935,False
2361000,2018-09-13,8.24019,6.86736,False
2361000,2018-09-14,8.35346,6.5537,False
2361000,2018-09-15,7.70217,6.15874,True
2361000,2018-09-16,6.88098,5.75168,True
2361000,2018-09-17,6.25801,5.33825,True
2361000,2018-09-18,6.08811,4.95457,False
2361000,2018-09-19,6.03148,4.59844,False
2361000,2018-09-20,5.66336,4.26788,True
2361000,2018-09-21,5.32356,3.96111,False
2361000,2018-09-22,5.01207,3.67639,False
2361000,2018-09-23,4.84217,3.41215,False
2361000,2018-09-24,5.69168,3.56111,False
2361000,2018-09-25,7.22078,3.83733,False
2361000,2018-09-26,10.9869,4.70451,False
2361000,2018-09-27,11.1002,5.43906,False
2361000,2018-10-02,14.7814,10.1593,True
2361000,2018-10-05,11.0152,9.19757,True
2361000,2018-10-06,8.74989,8.58958,True
2361000,2018-10-07,7.84375,7.97222,False
2361000,2018-10-08,7.27742,7.39919,False
2361000,2018-10-09,6.79603,6.8452,False
2361000,2018-10-19,13.677,13.0272,True
2361000,2018-10-20,12.7142,12.0909,False
2361000,2018-10-21,12.0346,11.2216,False
2361000,2018-10-22,11.7798,10.3505,False
2361000,2018-10-23,12.3461,9.6066,False
2361000,2018-10-24,12.0063,8.88733,False
2361000,2018-10-25,11.44,8.2239,False
2361000,2018-10-26,13.1956,8.49462,False
2361000,2018-10-29,12.7992,8.86082,False
2361000,2018-10-30,11.5533,8.75133,False
2361000,2018-10-31,10.7038,8.35174,False
2361000,2018-11-01,11.4966,8.32199,False
2361000,2018-11-05,13.1956,9.42905,False
2361000,2018-11-06,12.4594,9.37066,False
2364500,2018-01-05,25.7966,21.6302,True
2364500,2018-02-22,44.1742,26.8108,True
2364500,2018-04-30,21.096,15.9421,True
2364500,2018-05-01,18.8307,14.6858,True
2364500,2018-05-02,16.7352,13.5324,True
2364500,2018-05-03,15.1212,12.4329,True
2364500,2018-05-04,13.762,11.4226,True
2364500,2018-05-05,12.7426,10.5227,True
2364500,2018-05-06,12.0063,9.66759,True
2364500,2018-05-07,11.1568,8.90822,True
2364500,2018-05-08,10.4772,8.18426,True
2364500,2018-05-09,10.0241,7.53958,False
2364500,2018-05-10,9.40118,6.92685,True
2364500,2018-05-11,8.66494,6.38275,True
2364500,2018-05-12,8.24019,5.87992,False
2364500,2018-05-13,7.9287,5.41806,False
2364500,2018-05-14,7.50395,4.99126,False
2364500,2018-05-15,7.0792,4.58565,False
2364500,2018-05-16,8.60831,5.15382,False
2364500,2018-05-17,17.4431,7.11372,False
2364500,2018-06-23,23.6162,31.4062,True
2364500,2018-06-26,17.075,24.3547,False
2364500,2018-07-11,22.3986,18.4647,True
2364500,2018-07-13,16.5936,15.6742,False
2364500,2018-07-14,15.6592,14.4005,False
2364500,2018-07-15,16.6503,13.8669,False
2364500,2018-07-18,17.0184,13.7234,False
2364500,2018-07-24,18.9439,16.9641,True
2364500,2018-07-25,16.0556,15.8524,True
2364500,2018-07-26,15.1778,14.6858,False
2364500,2018-07-27,14.7531,13.5689,False
2364500,2018-07-28,12.8558,12.5035,False
2364500,2018-07-29,11.0152,11.4871,False
2364500,2018-07-30,10.817,10.5823,False
2364500,2018-07-31,14.6398,10.7084,False
2364500,2018-08-10,17.4998,17.7488,False
2364500,2018-08-14,16.5936,15.9421,False
2364500,2018-08-15,16.3671,14.9369,False
2364500,2018-08-26,23.7295,25.195,True
2364500,2018-08-27,19.2271,23.5428,True
2364500,2018-08-28,16.7069,21.8762,False
2364500,2018-08-29,16.9618,20.0978,False
2364500,2018-08-30,16.5936,18.5694,False
2364500,2018-08-31,17.8962,17.0602,False
2364500,2018-09-01,17.6414,15.8883,False
2364500,2018-09-02,17.5564,14.5642,False
2364500,2018-09-03,16.4521,13.4925,False
2364500,2018-09-04,16.537,12.4329,False
2364500,2018-09-11,16.2538,19.7604,False
2364500,2018-09-14,15.9707,16.0324,False
2364500,2018-09-15,15.2061,14.9815,False
2364500,2018-09-16,13.9885,13.8796,False
2364500,2018-09-17,12.0913,12.7894,False
2364500,2018-09-18,11.2984,11.7814,False
2364500,2018-09-19,15.8008,11.8134,False
2364500,2018-09-20,11.6382,10.8242,False
2364500,2018-09-21,10.1374,10.3458,False
2364500,2018-09-22,9.37286,9.66759,False
2364500,2018-09-23,8.77821,8.98287,False
2364500,2018-09-24,13.0824,9.2515,False
2364500,2018-10-03,19.2271,16.9641,True
2364500,2018-10-04,16.3671,15.8524,True
2364500,2018-10-05,14.3283,14.6464,True
2364500,2018-10-06,12.7142,13.5324,True
2364500,2018-10-07,11.5249,12.4664,False
2364500,2018-10-08,10.5055,11.4535,False
2364500,2018-10-09,10.279,10.5538,False
2364500,2018-10-19,24.0126,20.5573,True
2364500,2018-10-20,21.3226,18.8872,True
2364500,2018-10-30,17.4998,10.7026,False
2364500,2018-10-31,16.1406,9.86192,False
2364500,2018-11-01,16.8485,9.08501,False
2369800,2018-01-07,2.34463,2.15289,False
2369800,2018-01-16,2.66461,2.09635,True
2369800,2018-01-17,2.61647,2.01696,True
2369800,2018-01-18,2.574,1.9235,True
2369800,2018-01-21,2.49188,1.67836,True
2369800,2018-01-24,2.31915,1.46447,True
2369800,2018-01-25,2.25968,1.39659,False
2369800,2018-01-26,2.26251,1.33571,False
2369800,2018-01-27,2.20588,1.27772,False
2369800,2018-02-03,2.31631,1.4386,False
2369800,2018-02-18,5.43683,2.93027,True
2369800,2018-02-19,4.75722,2.81111,True
2369800,2018-02-20,4.24752,2.6809,True
2369800,2018-02-21,3.90772,2.55671,True
2369800,2018-02-22,3.62455,2.43831,True
2369800,2018-04-12,2.33897,2.01696,False
2369800,2018-04-13,2.21437,1.93501,False
2369800,2018-04-14,2.16057,1.84537,False
2369800,2018-04-20,2.35313,2.10243,False
2369800,2018-04-21,2.16907,2.01117,False
2369800,2018-04-22,2.14925,1.9235,False
2369800,2018-04-25,2.16624,1.82888,False
2369800,2018-04-26,2.01899,1.78084,False
2369800,2018-04-27,1.97085,1.71863,False
2369800,2018-04-28,1.87174,1.64878,False
2369800,2018-04-29,1.75564,1.5724,True
2369800,2018-04-30,1.6537,1.49954,True
2369800,2018-05-01,1.59424,1.4386,True
2369800,2018-05-02,1.53194,1.37199,True
2369800,2018-05-03,1.4838,1.30845,True
2369800,2018-05-04,1.43283,1.25521,False
2369800,2018-05-05,1.39035,1.19711,False
2369800,2018-05-06,1.33938,1.14166,True
2369800,2018-05-07,1.28841,1.09523,True
2369800,2018-05-08,1.24877,1.04449,False
2369800,2018-05-09,1.21196,0.996105,True
2369800,2018-05-10,1.17232,0.955619,True
2369800,2018-05-11,1.13834,0.911354,False
2369800,2018-05-12,1.10719,0.869138,False
2369800,2018-05-13,1.08453,0.833808,False
2369800,2018-05-14,1.11002,0.795185,False
2369800,2018-05-15,1.29125,0.809925,False
2369800,2018-05-16,1.29408,0.814398,False
2369800,2018-05-17,1.45548,0.846649,False
2369800,2018-05-19,1.81511,1.00219,False
2369800,2018-05-20,1.57441,1.01693,False
2369800,2018-05-21,2.36162,1.1307,False
2369800,2018-05-25,1.9935,1.39659,False
2369800,2018-05-26,1.74148,1.40486,False
2369800,2018-05-27,1.61406,1.36782,False
2369800,2018-06-04,2.70425,1.94647,True
2369800,2018-06-05,2.25402,1.85631,True
2369800,2018-06-06,2.05014,1.78084,True
2369800,2018-06-07,1.80378,1.69838,False
2369800,2018-06-08,1.60273,1.61968,False
2369800,2018-06-09,1.47247,1.55388,False
2369800,2018-06-10,1.80944,1.5081,False
2369800,2018-06-21,2.1719,2.47488,False
2369800,2018-06-22,1.92554,2.40955,False
2369800,2018-06-23,1.72166,2.31163,False
2369800,2018-06-24,1.54893,2.21765,False
2369800,2018-06-25,1.46964,2.12749,False
2369800,2018-06-26,1.37336,2.02899,False
2369800,2018-06-27,1.57441,1.93501,False
2369800,2018-06-28,1.7075,1.84537,False
2369800,2018-06-29,1.50079,1.77031,False
2369800,2018-06-30,1.38752,1.68831,False
2369800,2018-07-01,2.02182,1.6434,False
2369800,2018-07-05,2.22853,1.72882,False
2369800,2018-07-06,1.8859,1.67836,False
2369800,2018-07-07,2.10394,1.6581,False
2369800,2018-07-13,2.23703,2.11493,False
2369800,2018-07-14,1.84626,2.06539,False
2369800,2018-07-15,1.64521,1.98137,False
2369800,2018-07-17,2.2795,1.91175,False
2369800,2018-07-18,1.94253,1.84537,False
2369800,2018-07-19,1.79812,1.79144,False
2369800,2018-07-23,2.24552,1.88958,False
2369800,2018-07-24,1.84059,1.83443,False
2369800,2018-07-25,1.99067,1.77529,False
2369800,2018-07-26,1.94253,1.71325,False
2369800,2018-07-27,1.73299,1.639,False
2369800,2018-07-28,1.52911,1.58171,False
2369800,2018-07-29,1.70467,1.51725,False
2369800,2018-08-08,2.06996,2.38119,False
2369800,2018-08-09,1.88307,2.27089,False
2369800,2018-08-10,2.30216,2.17853,False
2369800,2018-08-15,2.21721,1.94647,False
2369800,2018-08-26,2.2342,2.78646,False
2369800,2018-08-27,2.06429,2.66505,False
2369800,2018-08-28,2.33047,2.54161,False
2369800,2018-09-15,2.35879,2.77801,False
2369800,2018-09-16,2.05863,2.64931,False
2369800,2018-09-17,1.88024,2.52656,True
2369800,2018-09-18,1.78962,2.40955,True
2369800,2018-09-19,1.75564,2.29797,False
2369800,2018-09-20,1.66503,2.19155,True
2369800,2018-09-21,1.59424,2.09635,False
2369800,2018-09-22,1.54893,2.00503,False
2369800,2018-09-23,1.58008,1.91215,False
2369800,2018-10-07,2.22287,2.66505,False
2369800,2018-10-08,2.0473,2.54161,False
2369800,2018-10-09,1.93687,2.43831,False
2369800,2018-10-18,2.33614,2.39531,True
2369800,2018-10-19,2.15491,2.28437,True
2369800,2018-10-20,2.09261,2.17853,False
2369800,2018-10-21,1.98501,2.0776,True
2369800,2018-10-22,1.86325,1.98137,False
2369800,2018-10-23,1.82927,1.90087,False
2369800,2018-10-24,1.85758,1.81279,False
2369800,2018-10-25,1.84059,1.72882,False
2369800,2018-10-28,2.12376,1.67836,False
2369800,2018-10-29,1.95386,1.639,False
2369800,2018-10-30,1.84909,1.58171,False
2369800,2018-10-31,1.7698,1.51748,False
2369800,2018-11-04,2.36162,1.65856,False
2369800,2018-11-05,2.20022,1.64878,False
2369800,2018-11-06,2.27101,1.60058,False
2371500,2018-01-05,9.00474,7.1717,True
2371500,2018-01-25,7.70217,2.39057,True
2371500,2018-04-28,9.85425,6.99005,True
2371500,2018-04-30,7.78712,5.87049,True
2371500,2018-05-01,6.62613,5.30214,True
2371500,2018-05-02,5.74831,4.80538,True
2371500,2018-05-03,5.18197,4.34022,True
2371500,2018-05-04,4.72891,3.92002,True
2371500,2018-05-05,4.33247,3.55411,True
2371500,2018-05-06,4.07762,3.21001,False
2371500,2018-05-07,3.82277,2.89931,True
2371500,2018-05-08,3.5396,2.61863,True
2371500,2018-05-09,3.28475,2.37326,True
2371500,2018-05-10,3.08653,2.14352,True
2371500,2018-05-11,2.94495,1.9434,False
2371500,2018-05-12,2.77505,1.75527,False
2371500,2018-05-13,2.56833,1.59086,False
2371500,2018-05-14,2.41542,1.43686,False
2371500,2018-05-15,3.11485,1.77292,False
2371500,2018-05-16,3.45465,1.9809,False
2371500,2018-06-06,8.91979,7.19635,True
2371500,2018-06-24,5.94653,6.88906,True
2371500,2018-06-25,4.89881,6.26759,True
2371500,2018-06-26,4.27584,5.66082,False
2371500,2018-06-27,4.10594,5.11279,False
2371500,2018-06-28,3.73782,4.60017,False
2371500,2018-06-29,4.89881,4.28825,False
2371500,2018-07-08,5.40851,5.18767,True
2371500,2018-07-09,4.67227,4.77054,False
2371500,2018-07-10,4.89881,4.35683,False
2371500,2018-07-11,4.36079,3.93507,False
2371500,2018-07-14,4.41742,4.02182,False
2371500,2018-07-24,5.69168,6.49965,True
2371500,2018-07-26,4.92712,5.55995,True
2371500,2018-07-27,4.44574,5.05637,True
2371500,2018-07-28,3.82277,4.58437,True
2371500,2018-07-29,3.48297,4.14057,False
2371500,2018-07-30,3.1998,3.73976,False
2371500,2018-07-31,3.11485,3.38935,False
2371500,2018-08-01,3.76613,3.20527,False
2371500,2018-08-02,4.36079,3.20885,False
2371500,2018-08-07,4.98376,4.55116,False
2371500,2018-08-08,4.33247,4.27755,False
2371500,2018-08-09,3.8794,3.93507,False
2371500,2018-08-10,3.7095,3.59242,False
2371500,2018-08-11,3.96435,3.39751,False
2371500,2018-08-12,4.67227,3.42714,False
2371500,2018-08-13,4.10594,3.28796,False
2371500,2018-08-14,4.10594,3.12876,False
2371500,2018-08-15,4.02099,2.9849,False
2371500,2018-08-16,4.10594,2.77546,False
2371500,2018-08-17,4.78554,3.08652,False
2371500,2018-08-18,5.18197,3.24427,False
2371500,2018-08-28,4.89881,6.49965,True
2371500,2018-08-29,4.27584,5.91331,True
2371500,2018-08-30,3.96435,5.3408,False
2371500,2018-08-31,3.82277,4.82384,False
2371500,2018-09-01,3.90772,4.35683,False
2371500,2018-09-02,3.85108,3.93507,False
2371500,2018-09-03,3.73782,3.55411,False
2371500,2018-09-04,4.98376,3.63576,False
2371500,2018-09-14,5.80494,5.18767,True
2371500,2018-09-16,4.98376,4.45295,False
2371500,2018-09-17,4.27584,4.05122,True
2371500,2018-09-18,3.7095,3.67164,True
2371500,2018-09-19,3.34138,3.32894,True
2371500,2018-09-20,3.00158,3.00666,True
2371500,2018-09-21,2.80053,2.71557,True
2371500,2018-09-22,2.67594,2.46117,False
2371500,2018-09-23,2.55134,2.22292,False
2371500,2018-09-24,2.59099,2.01539,False
2371500,2018-10-03,6.51286,5.70214,True
2371500,2018-10-04,5.40851,5.43779,True
2371500,2018-10-05,4.72891,5.03895,True
2371500,2018-10-06,4.16257,4.61782,True
2371500,2018-10-07,3.76613,4.18519,False
2371500,2018-10-08,3.45465,3.7945,False
2371500,2018-10-09,3.25643,3.42714,False
2371500,2018-10-26,6.11643,4.93021,True
2371500,2018-10-31,5.06871,3.05069,False
2371500,2018-11-01,5.01207,2.75538,False
2372250,2018-01-05,7.87207,7.96209,True
2372250,2018-01-25,7.19247,3.40498,True
2372250,2018-02-22,9.82593,4.23339,True
2372250,2018-03-23,9.91088,5.83837,True
2372250,2018-04-30,8.15524,4.7827,True
2372250,2018-05-01,6.7394,4.47512,True
2372250,2018-05-02,5.77663,4.18733,True
2372250,2018-05-03,5.15366,3.918,True
2372250,2018-05-04,4.67227,3.67905,True
2372250,2018-05-05,4.27584,3.44242,True
2372250,2018-05-06,3.96435,3.22101,True
2372250,2018-05-07,3.68118,3.01383,True
2372250,2018-05-08,3.3697,2.81997,True
2372250,2018-05-09,3.11485,2.6386,True
2372250,2018-05-10,2.88831,2.46892,True
2372250,2018-05-11,2.64479,2.31898,True
2372250,2018-05-12,2.44657,2.17755,True
2372250,2018-05-13,2.23703,2.0375,True
2372250,2018-05-14,2.06996,1.90642,True
2372250,2018-05-15,1.9935,1.7838,False
2372250,2018-05-16,1.90855,1.6691,False
2372250,2018-05-17,1.95103,1.56175,False
2372250,2018-05-18,2.15208,1.54965,False
2372250,2018-05-19,3.62455,1.69155,False
2372250,2018-05-20,4.02099,1.81707,False
2372250,2018-05-21,3.14316,1.89201,False
2372250,2018-06-21,7.33405,5.36221,True
2372250,2018-06-24,5.66336,4.40949,True
2372250,2018-06-25,4.64396,4.12593,False
2372250,2018-06-26,4.16257,3.86047,False
2372250,2018-06-27,4.58732,3.73177,False
2372250,2018-06-28,4.53069,3.58328,False
2372250,2018-07-09,4.13425,3.39196,False
2372250,2018-07-10,4.27584,3.19734,False
2372250,2018-07-13,4.16257,3.29323,False
2372250,2018-07-14,3.22812,3.22101,False
2372250,2018-07-15,4.02099,3.1603,False
2372250,2018-07-17,4.64396,3.17222,False
2372250,2018-07-29,3.59623,4.21834,False
2372250,2018-07-30,2.83168,4.02002,False
2372250,2018-07-31,2.69859,3.78935,False
2372250,2018-08-07,4.44574,4.31285,True
2372250,2018-08-08,3.45465,4.11019,True
2372250,2018-08-09,2.97326,3.87431,False
2372250,2018-08-10,2.55701,3.639,False
2372250,2018-08-11,2.62497,3.41713,False
2372250,2018-08-12,4.16257,3.30359,False
2372250,2018-08-13,3.42633,3.09323,False
2372250,2018-08-14,2.6901,2.9261,False
2372250,2018-08-15,2.48622,2.75822,False
2372250,2018-08-16,3.17148,2.64699,False
2372250,2018-08-17,2.91663,2.51418,False
2372250,2018-08-18,3.28475,2.46759,False
2372250,2018-08-29,4.81386,3.72054,False
2372250,2018-09-04,4.75722,3.7338,False
2372250,2018-09-17,5.43683,5.16777,True
2372250,2018-09-18,4.44574,4.92616,True
2372250,2018-09-19,3.76613,4.64352,True
2372250,2018-09-20,3.31307,4.36036,True
2372250,2018-09-21,2.97326,4.07992,False
2372250,2018-09-22,2.74673,3.83212,False
2372250,2018-09-23,2.54568,3.59838,False
2372250,2018-09-24,2.76938,3.36696,False
2372250,2018-09-25,2.91663,3.15041,False
2372250,2018-10-08,4.70059,5.40197,False
2372250,2018-10-09,3.96435,5.09201,False
2372250,2018-11-01,4.95544,3.99045,False
2373000,2018-01-05,8.24019,7.19311,True
2373000,2018-01-17,11.0719,8.34635,True
2373000,2018-01-24,8.43841,4.24294,True
2373000,2018-01-25,7.78712,3.85203,True
2373000,2018-02-20,11.9497,8.22315,True
2373000,2018-02-21,10.5338,7.46563,True
2373000,2018-02-22,9.42949,6.7276,True
2373000,2018-03-26,6.9093,7.13987,True
2373000,2018-04-30,5.83326,4.94062,True
2373000,2018-05-01,4.92712,4.48547,True
2373000,2018-05-02,4.3891,4.05787,True
2373000,2018-05-03,4.02099,3.68403,True
2373000,2018-05-04,3.76613,3.34462,True
2373000,2018-05-05,3.5396,3.03646,True
2373000,2018-05-06,3.34138,2.75677,True
2373000,2018-05-07,3.14316,2.50278,True
2373000,2018-05-08,3.00158,2.28021,False
2373000,2018-05-09,2.86,2.07014,False
2373000,2018-05-10,2.67027,1.8794,True
2373000,2018-05-11,2.49471,1.70625,True
2373000,2018-05-12,2.35029,1.54907,True
2373000,2018-05-13,2.2257,1.41186,True
2373000,2018-05-14,2.12659,1.28183,True
2373000,2018-05-15,2.02465,1.1637,False
2373000,2018-05-16,1.93687,1.0565,False
2373000,2018-05-17,2.002,0.959167,False
2373000,2018-05-18,2.70992,1.1526,False
2373000,2018-05-19,3.62455,1.36146,False
2373000,2018-05-20,3.65287,1.56042,False
2373000,2018-05-21,3.0299,1.54358,False
2373000,2018-05-22,4.02099,1.9173,False
2373000,2018-05-23,3.56792,1.97286,False
2373000,2018-05-24,2.33047,1.90758,False
2373000,2018-05-25,3.7095,2.11123,False
2373000,2018-06-08,4.47405,6.38646,False
2373000,2018-06-09,3.8794,5.79803,False
2373000,2018-06-25,4.78554,6.57922,False
2373000,2018-06-26,4.07762,5.97309,False
2373000,2018-07-12,5.97484,7.24682,True
2373000,2018-07-13,4.67227,6.57922,False
2373000,2018-07-14,4.13425,5.97309,False
2373000,2018-07-15,4.16257,5.4228,False
2373000,2018-07-16,5.09702,4.92321,False
2373000,2018-07-25,5.35188,4.67355,False
2373000,2018-07-26,4.24752,4.46968,False
2373000,2018-07-27,3.59623,4.14942,True
2373000,2018-07-28,2.97326,3.78044,False
2373000,2018-07-29,2.60798,3.4456,False
2373000,2018-07-30,2.6193,3.12812,False
2373000,2018-07-31,3.00158,2.83993,False
2373000,2018-08-10,4.95544,6.29219,False
2373000,2018-08-11,4.67227,5.75515,True
2373000,2018-08-12,4.27584,5.24334,False
2373000,2018-08-13,4.0493,4.7603,False
2373000,2018-08-14,3.5396,4.32176,False
2373000,2018-08-15,3.08653,3.92361,False
2373000,2018-08-16,2.78071,3.54959,False
2373000,2018-08-29,5.38019,8.10179,False
2373000,2018-08-30,5.55009,7.35538,False
2373000,2018-09-19,4.98376,7.24682,False
2373000,2018-09-20,4.30415,6.57922,False
2373000,2018-09-21,3.79445,5.95214,True
2373000,2018-09-22,3.3697,5.38264,True
2373000,2018-09-23,3.28475,4.88675,False
2373000,2018-09-24,3.14316,4.43652,False
2373000,2018-09-25,3.11485,4.02784,False
2373000,2018-09-26,4.50237,3.74931,False
2373000,2018-10-08,5.29524,8.10179,False
2373000,2018-10-09,4.84217,7.35538,False
2373000,2018-10-10,5.74831,6.67778,False
2373000,2018-10-24,7.30573,6.31233,True
2373000,2018-10-25,5.97484,5.75515,True
2373000,2018-10-26,5.66336,5.30318,True
2373000,2018-10-27,5.57841,4.81458,False
2373000,2018-10-28,5.55009,4.37101,False
2373000,2018-10-29,5.43683,3.96834,False
2373000,2018-10-30,5.01207,3.60272,False
2373000,2018-10-31,4.44574,3.27083,False
2373000,2018-11-01,4.58732,2.9695,False
2373000,2018-11-02,5.71999,3.15133,False
2373000,2018-11-06,5.12534,3.31985,False
2373000,2018-11-07,4.67227,3.10498,False
2373000,2018-11-08,4.98376,3.13918,False
2373000,2018-11-21,15.6026,8.22315,True
2374500,2018-02-19,5.55009,3.78877,True
2374500,2018-02-20,5.35188,3.66846,True
2374500,2018-02-21,5.23861,3.55231,True
2374500,2018-05-01,3.62455,3.55231,True
2374500,2018-05-02,3.48297,3.44983,True
2374500,2018-05-03,3.3697,3.34028,True
2374500,2018-05-04,3.25643,3.23449,True
2374500,2018-05-05,3.17148,3.1412,False
2374500,2018-05-06,3.14316,3.04144,False
2374500,2018-05-07,3.0299,2.94514,True
2374500,2018-05-08,2.88831,2.85168,True
2374500,2018-05-09,2.81469,2.7614,False
2374500,2018-05-10,2.72124,2.67373,True
2374500,2018-05-11,2.63629,2.59659,True
2374500,2018-05-12,2.54285,2.51435,True
2374500,2018-05-13,2.47772,2.43449,True
2374500,2018-05-14,2.41542,2.35741,False
2374500,2018-05-15,2.37578,2.28258,False
2374500,2018-05-16,2.34463,2.21672,False
2374500,2018-05-17,2.61364,2.16522,False
2374500,2018-05-18,3.0299,2.14624,False
2374500,2018-05-20,3.62455,2.19722,False
2374500,2018-05-22,3.62455,2.29578,False
2374500,2018-05-23,3.00158,2.28941,False
2374500,2018-05-24,2.88831,2.27598,False
2374500,2018-05-25,3.65287,2.30284,False
2374500,2018-06-06,4.19089,3.49045,True
2374500,2018-06-08,3.3697,3.28212,False
2374500,2018-06-09,3.31307,3.17818,False
2374500,2018-06-21,3.42633,3.42969,False
2374500,2018-06-24,3.28475,3.20608,False
2374500,2018-06-25,3.42633,3.1228,False
2374500,2018-06-26,2.97326,3.0327,False
2374500,2018-06-27,3.56792,2.97078,False
2374500,2018-07-12,3.42633,3.35023,True
2374500,2018-07-13,3.17148,3.25353,False
2374500,2018-07-14,2.88831,3.15029,False
2374500,2018-07-15,2.73823,3.05052,False
2374500,2018-07-24,3.59623,3.20608,True
2374500,2018-07-25,3.28475,3.10457,True
2374500,2018-07-26,3.11485,3.01499,True
2374500,2018-07-27,2.82035,2.91927,False
2374500,2018-07-28,2.66744,2.82685,False
2374500,2018-07-29,2.48905,2.73709,False
2374500,2018-07-30,2.94495,2.6581,False
2374500,2018-08-06,3.39802,3.23449,False
2374500,2018-10-30,3.56792,2.8684,False
2374500,2018-10-31,3.48297,2.7776,False
2374500,2018-11-20,6.17306,4.07639,True
2374745,2018-01-24,4.2192,2.74363,True
2374745,2018-02-18,7.0792,3.41412,True
2374745,2018-02-19,6.37128,3.24965,True
2374745,2018-02-20,5.86158,3.09311,True
2374745,2018-02-22,5.32356,2.80226,True
2374745,2018-04-29,3.14316,2.43362,True
2374745,2018-04-30,2.66178,2.31644,True
2374745,2018-05-01,2.31915,2.2048,True
2374745,2018-05-02,2.07562,2.09855,True
2374745,2018-05-03,1.90572,1.99745,True
2374745,2018-05-04,1.75281,1.90127,True
2374745,2018-05-05,1.61689,1.80972,False
2374745,2018-05-06,1.51495,1.72876,False
2374745,2018-05-07,1.3677,1.65116,True
2374745,2018-05-08,1.23461,1.57159,False
2374745,2018-05-09,1.11002,1.49583,True
2374745,2018-05-10,0.97693,1.42378,True
2374745,2018-05-11,0.869326,1.35521,True
2374745,2018-05-12,0.815524,1.28993,False
2374745,2018-05-13,0.719247,1.23652,True
2374745,2018-05-14,0.634296,1.17694,False
2374745,2018-05-15,0.555009,1.12023,False
2374745,2018-05-16,0.515366,1.06627,False
2374745,2018-05-17,0.733405,1.0149,False
2374745,2018-05-18,2.82885,1.07293,False
2374745,2018-05-19,2.37578,1.0623,False
2374745,2018-05-20,1.98784,1.02209,False
2374745,2018-05-21,1.98501,0.993652,False
2374745,2018-05-22,1.92554,0.952477,False
2374745,2018-05-23,1.88307,0.906597,False
2374745,2018-05-26,2.288,1.02932,False
2374745,2018-05-27,2.45507,1.07824,False
2374745,2018-05-28,2.79204,1.08928,False
2374745,2018-06-08,2.64479,2.45087,False
2374745,2018-06-09,2.20305,2.34126,False
2374745,2018-06-10,2.2795,2.23611,False
2374745,2018-06-21,2.62214,2.45978,False
2374745,2018-06-22,2.52869,2.34931,False
2374745,2018-06-23,2.70709,2.25162,False
2374745,2018-06-24,2.20305,2.14346,False
2374745,2018-06-25,1.88873,2.04016,False
2374745,2018-06-26,1.91422,1.9419,False
2374745,2018-06-27,1.53194,1.86146,False
2374745,2018-06-28,2.43524,1.80278,False
2374745,2018-07-11,2.69576,2.09855,False
2374745,2018-07-12,2.2342,2.04016,True
2374745,2018-07-13,1.84909,1.9419,False
2374745,2018-07-14,1.57158,1.86146,False
2374745,2018-07-15,1.80378,1.77176,False
2374745,2018-07-23,2.42675,2.1739,True
2374745,2018-07-24,2.00766,2.08385,True
2374745,2018-07-25,1.74148,1.98345,True
2374745,2018-07-26,1.48663,1.88791,True
2374745,2018-07-27,1.46115,1.79699,False
2374745,2018-07-28,1.29974,1.71042,False
2374745,2018-07-29,1.02507,1.62801,False
2374745,2018-07-30,1.04772,1.54959,False
2374745,2018-08-06,2.34746,1.98345,False
2374745,2018-08-27,4.87049,3.70295,True
2374745,2018-10-20,2.71558,2.28391,False
2374745,2018-10-21,2.5202,2.18929,False
2374745,2018-10-22,2.26251,2.08385,False
2374745,2018-10-23,2.05014,1.99745,False
2374745,2018-10-24,2.00483,1.90127,False
2374745,2018-10-25,2.14358,1.82222,False
2374745,2018-10-29,2.60515,1.69838,False
2374745,2018-10-30,2.37578,1.65116,False
2374745,2018-10-31,1.96235,1.57159,False
2388975,2018-01-01,3.65287,3.61654,False
2388975,2018-01-02,3.51128,3.55318,False
2388975,2018-01-03,3.59623,3.49954,False
2388975,2018-01-04,3.68118,3.4467,False
2388975,2018-01-05,3.82277,3.39468,False
2388975,2018-01-06,3.90772,3.3434,False
2388975,2018-01-07,3.76613,3.29288,False
2388975,2018-01-08,3.59623,3.24317,False
2388975,2018-01-09,3.45465,3.19421,False
2388975,2018-01-10,3.39802,3.14601,False
2388975,2018-01-11,3.82277,3.12211,False
2388975,2018-01-15,5.21029,3.46424,False
2388975,2018-01-16,4.64396,3.49954,True
2388975,2018-01-17,4.3891,3.48183,True
2388975,2018-01-18,4.07762,3.4467,True
2388975,2018-01-19,4.0493,3.40324,False
2388975,2018-01-20,3.93604,3.36042,False
2388975,2018-01-21,3.8794,3.30966,False
2388975,2018-01-22,3.90772,3.25966,False
2388975,2018-01-23,4.81386,3.27639,False
2388975,2018-01-24,4.13425,3.25127,False
2388975,2018-01-25,3.8794,3.22674,False
2388975,2018-01-26,3.73782,3.20226,False
2388975,2018-01-27,3.7095,3.16198,False
2388975,2018-01-28,4.87049,3.19439,False
2388975,2018-01-30,4.75722,3.25133,False
2388975,2018-01-31,4.36079,3.25966,False
2388975,2018-02-01,4.19089,3.25133,False
2388975,2018-02-02,4.16257,3.22674,False
2388975,2018-02-03,3.90772,3.17807,False
2388975,2018-04-10,6.99425,5.52384,True
2388975,2018-04-11,6.76772,5.44045,True
2388975,2018-05-03,9.20296,6.27054,True
2388975,2018-05-04,8.89148,6.17581,True
2388975,2018-05-07,8.29682,5.90029,True
2388975,2018-05-08,8.01365,5.81123,True
2388975,2018-05-09,7.87207,5.7235,True
2388975,2018-05-12,7.419,5.49589,True
2388975,2018-07-10,5.71999,5.22413,False
2388975,2018-07-11,5.46514,5.17141,False
2388975,2018-07-12,5.38019,5.09329,False
2388975,2018-07-13,5.63504,5.0419,False
2388975,2018-07-15,5.55009,4.94068,False
2388975,2018-07-18,5.74831,4.91563,False
2388975,2018-07-19,5.32356,4.8908,False
2388975,2018-07-20,5.15366,4.84144,False
2388975,2018-07-27,5.26692,5.19769,False
2388975,2018-07-28,4.98376,5.11916,False
2388975,2018-07-29,4.70059,5.06753,False
2388975,2018-07-30,4.559,4.99097,False
2388975,2018-07-31,4.81386,4.91563,False
2388975,2018-08-09,8.01365,5.96047,True
2388975,2018-08-10,7.419,5.87049,True
2388975,2018-08-11,6.93762,5.78183,True
2388975,2018-08-12,6.59781,5.6945,True
2388975,2018-08-13,6.2297,5.60851,True
2388975,2018-08-14,5.97484,5.52384,True
2388975,2018-08-16,5.60673,5.35828,False
2388975,2018-08-17,5.49346,5.27737,False
2388975,2018-08-18,5.71999,5.19769,False
2388975,2018-08-20,5.69168,5.09329,False
2388975,2018-08-21,5.57841,5.0419,False
2388975,2018-08-22,5.40851,4.9658,False
2388975,2018-08-23,5.15366,4.8908,True
2388975,2018-08-24,4.92712,4.84144,True
2388975,2018-08-25,4.81386,4.76834,True
2388975,2018-08-26,4.75722,4.69635,False
2388975,2018-08-27,4.67227,4.62546,False
2388975,2018-08-28,4.58732,4.55561,False
2388975,2018-08-29,4.53069,4.48681,False
2388975,2018-08-30,4.61564,4.41904,False
2388975,2018-08-31,4.3891,4.35231,False
2388975,2018-09-01,4.3891,4.28657,False
2388975,2018-09-02,4.27584,4.22182,False
2388975,2018-09-03,4.19089,4.1581,False
2388975,2018-09-04,4.13425,4.09537,False
2388975,2018-09-05,4.19089,4.03351,False
2388975,2018-09-06,4.16257,3.97257,False
2388975,2018-09-07,4.30415,3.91262,False
2388975,2018-09-08,4.10594,3.85353,False
2388975,2018-09-09,5.32356,3.85353,False
2388975,2018-09-10,4.58732,3.82419,False
2388975,2018-09-11,4.53069,3.79531,False
2388975,2018-09-12,4.36079,3.75706,False
2388975,2018-09-13,4.41742,3.71916,False
2388975,2018-09-14,4.50237,3.66296,False
2388975,2018-09-15,4.16257,3.60764,False
2388975,2018-09-16,4.13425,3.55318,False
2388975,2018-09-17,4.07762,3.49954,False
2388975,2018-09-18,3.90772,3.4467,True
2388975,2018-09-19,3.73782,3.39468,True
2388975,2018-09-20,3.62455,3.3434,True
2388975,2018-09-21,3.5396,3.29288,True
2388975,2018-09-22,3.48297,3.25966,False
2388975,2018-09-23,3.45465,3.21042,False
2388975,2018-09-24,3.45465,3.16198,False
2388975,2018-09-25,3.90772,3.13796,False
2388975,2018-09-26,4.27584,3.13009,False
2388975,2018-09-27,4.3891,3.13802,False
2388975,2018-09-28,4.61564,3.11424,False
2388975,2018-09-29,4.02099,3.0985,False
2388975,2018-09-30,3.73782,3.06719,False
2388975,2018-10-01,3.62455,3.02089,True
2388975,2018-10-02,3.51128,2.97529,True
2388975,2018-10-03,3.45465,2.93773,False
2388975,2018-10-04,3.39802,2.90075,False
2388975,2018-10-05,3.31307,2.857,False
2388975,2018-10-06,3.28475,2.81389,False
2388975,2018-10-07,3.48297,2.79248,False
2388975,2018-10-08,3.28475,2.7713,False
2388975,2018-10-09,3.48297,2.75723,False
2388975,2018-10-10,4.02099,2.77135,False
2388975,2018-10-13,4.44574,3.06719,False
2388975,2018-10-14,3.99267,3.0985,False
2388975,2018-10-15,3.79445,3.0985,False
2388975,2018-10-16,3.79445,3.06719,False
2388975,2018-10-17,4.41742,3.07506,False
2388975,2018-10-18,3.79445,3.05938,False
2388975,2018-10-19,3.59623,3.02853,False
2388975,2018-10-20,3.59623,3.00561,False
2388975,2018-10-21,3.51128,2.97529,True
2388975,2018-10-22,3.42633,2.93038,True
2388975,2018-10-23,3.39802,2.88611,False
2388975,2018-10-24,3.3697,2.84253,False
2388975,2018-10-25,3.34138,2.79965,False
2388975,2018-10-28,5.52178,3.06719,False
2388975,2018-10-29,4.70059,3.0985,False
2388975,2018-10-30,4.24752,3.0985,False
2388975,2018-10-31,4.02099,3.06719,False
2388975,2018-11-01,4.2192,3.02089,False
2388975,2018-11-02,5.18197,3.06001,False
2388975,2018-11-03,4.50237,3.06719,False
2388975,2018-11-04,4.16257,3.05168,False
2388975,2018-11-05,4.3891,3.08281,False
2388975,2018-11-08,5.63504,3.30978,False
2408540,2018-01-06,4.89881,4.12031,False
2408540,2018-01-07,4.81386,3.84954,False
2408540,2018-01-16,6.68276,4.2467,True
2408540,2018-01-17,6.31465,4.04381,True
2408540,2018-01-18,5.94653,3.80671,True
2408540,2018-01-26,5.12534,3.00035,False
2408540,2018-02-18,13.2239,11.0417,True
2408540,2018-02-19,12.2612,10.3161,True
2408540,2018-02-20,11.355,9.63819,True
2408540,2018-02-21,10.6754,8.96968,True
2408540,2018-03-17,12.3178,7.34363,True
2408540,2018-03-21,10.1374,5.59543,True
2408540,2018-03-22,9.48613,5.22772,True
2408540,2018-05-03,6.7394,5.12922,True
2408540,2018-05-04,6.37128,4.79219,True
2408540,2018-05-08,5.32356,3.67905,True
2408540,2018-05-09,5.01207,3.43727,True
2408540,2018-05-10,4.81386,3.23571,False
2408540,2018-05-11,4.61564,3.02309,False
2408540,2018-05-12,4.3891,2.83478,True
2408540,2018-05-13,4.16257,2.65885,False
2408540,2018-05-14,3.96435,2.48409,False
2408540,2018-05-15,3.8794,2.33848,False
2408540,2018-05-16,3.99267,2.18478,False
2408540,2018-05-17,4.58732,2.30127,False
2408540,2018-05-20,4.70059,2.57969,False
2408540,2018-06-05,9.5994,7.59653,True
2408540,2018-06-06,8.66494,7.09734,True
2408540,2018-06-07,7.78712,6.63096,True
2408540,2018-06-08,7.13583,6.1952,True
2408540,2018-06-28,5.06871,3.2603,False
2408540,2018-06-30,5.09702,3.20972,False
2408540,2018-07-01,4.81386,3.0691,False
2408540,2018-07-02,4.78554,2.95538,False
2408540,2018-07-04,4.70059,2.98762,False
2408540,2018-07-05,4.2192,2.86742,False
2408540,2018-07-06,3.90772,2.78212,False
2408540,2018-07-07,4.84217,2.83547,False
2408540,2018-07-10,4.559,3.1158,False
2408540,2018-07-11,3.99267,3.08032,False
2408540,2018-07-12,3.7095,2.9331,False
2408540,2018-07-13,3.51128,2.76117,False
2408540,2018-07-14,4.30415,2.76053,False
2408540,2018-07-16,4.95544,2.87731,False
2408540,2018-07-17,4.3891,2.80318,False
2408540,2018-07-18,3.82277,2.74034,False
2408540,2018-07-19,3.8794,2.59931,False
2408540,2018-07-20,3.99267,2.44687,False
2408540,2018-07-21,3.65287,2.30336,False
2408540,2018-07-22,5.04039,2.44624,False
2408540,2018-07-23,4.07762,2.41852,False
2408540,2018-07-24,3.76613,2.33848,False
2408540,2018-07-25,3.8794,2.2772,False
2408540,2018-07-26,3.5396,2.16834,True
2408540,2018-07-27,3.14316,2.0412,True
2408540,2018-07-28,2.83168,1.90706,False
2408540,2018-07-29,2.61081,1.79525,False
2408540,2018-07-30,2.50887,1.67726,False
2408540,2018-08-05,4.78554,3.65133,False
2408540,2018-08-06,4.13425,3.43727,False
2408540,2018-08-07,3.7095,3.23571,True
2408540,2018-08-08,3.7095,3.02309,False
2408540,2018-08-09,3.42633,2.84583,False
2408540,2018-08-10,3.45465,2.65885,False
2408540,2018-08-11,3.85108,2.61794,False
2408540,2018-08-12,3.39802,2.52049,False
2408540,2018-08-13,3.11485,2.41013,False
2408540,2018-08-14,3.25643,2.30336,False
2408540,2018-08-15,3.14316,2.16834,False
2408540,2018-08-16,2.76938,2.0412,False
2408540,2018-08-17,2.59665,1.91406,False
2408540,2018-08-18,2.53719,1.79525,False
2408540,2018-08-19,3.08653,1.82373,False
2408540,2018-08-22,4.02099,2.26887,False
2408540,2018-08-23,3.28475,2.30336,False
2408540,2018-08-24,2.91663,2.20133,True
2408540,2018-08-25,2.70425,2.08796,True
2408540,2018-08-26,2.55134,1.95793,True
2408540,2018-08-27,2.45507,1.8364,False
2408540,2018-08-28,2.33897,1.72876,False
2408540,2018-08-29,2.37861,1.61516,False
2408540,2018-08-30,3.82277,1.74988,False
2408540,2018-08-31,2.63629,1.69543,False
2408540,2018-09-01,2.50604,1.65214,False
2408540,2018-09-02,2.40693,1.61516,False
2408540,2018-09-03,2.29649,1.53194,True
2408540,2018-09-04,2.2342,1.44213,True
2408540,2018-09-05,2.16624,1.35231,False
2408540,2018-09-06,2.22004,1.26834,False
2408540,2018-09-07,2.13792,1.18933,False
2408540,2018-09-08,1.99067,1.11554,True
2408540,2018-09-09,1.84342,1.05013,True
2408540,2018-09-10,1.716,0.981123,True
2408540,2018-09-11,1.65936,0.9236,True
2408540,2018-09-12,1.60556,0.862905,True
2408540,2018-09-13,1.58574,0.812309,False
2408540,2018-09-14,1.56592,0.758929,False
2408540,2018-09-15,1.50645,0.714433,False
2408540,2018-09-16,1.41584,0.669931,False
2408540,2018-09-17,1.29125,0.628351,True
2408540,2018-09-18,1.1355,0.589207,True
2408540,2018-09-19,1.07038,0.552639,True
2408540,2018-09-20,1.00241,0.520231,True
2408540,2018-09-21,0.945781,0.486047,False
2408540,2018-09-22,0.925959,0.457546,False
2408540,2018-09-23,0.911801,0.429045,False
2408540,2018-09-24,1.16099,0.479039,False
2408540,2018-09-25,2.82602,0.674005,False
2408540,2018-09-26,1.66786,0.71838,False
2408540,2018-09-27,2.1634,0.849757,False
2408540,2018-09-28,3.28475,1.02283,False
2408540,2018-09-29,4.87049,1.33882,False
2408540,2018-09-30,2.81186,1.3474,False
2408540,2018-10-02,3.62455,1.99549,False
2408540,2018-10-03,2.65895,2.0412,False
2408540,2018-10-04,2.28233,1.95075,False
2408540,2018-10-05,2.08695,1.85035,True
2408540,2018-10-06,1.97085,1.74184,False
2408540,2018-10-07,1.84909,1.62737,False
2408540,2018-10-08,1.66786,1.53194,False
2408540,2018-10-09,1.53477,1.43652,False
2408540,2018-10-10,1.61689,1.36736,False
2408540,2018-10-11,2.19738,1.36788,False
2408540,2018-10-12,2.03315,1.34155,False
2408540,2018-10-13,1.72732,1.28767,False
2408540,2018-10-14,1.61123,1.2445,False
2408540,2018-10-15,1.51212,1.17611,True
2408540,2018-10-16,1.44416,1.10715,True
2408540,2018-10-17,1.41867,1.04223,False
2408540,2018-10-18,1.40168,0.977309,False
2408540,2018-10-19,1.36204,0.916649,False
2408540,2018-10-20,1.35354,0.862905,False
2408540,2018-10-21,1.41301,0.806198,False
2408540,2018-10-22,1.35354,0.758929,False
2408540,2018-10-23,1.3054,0.709057,False
2408540,2018-10-24,1.29974,0.667483,False
2408540,2018-10-25,1.32806,0.625903,False
2408540,2018-10-26,1.9935,0.72985,False
2408540,2018-10-27,2.27101,0.813617,False
2408540,2018-10-28,1.90006,0.876939,False
2408540,2018-10-29,1.74431,0.885909,False
2408540,2018-10-30,1.57158,0.899398,False
2408540,2018-10-31,1.47531,0.862905,False
2408540,2018-11-01,1.78396,0.911568,False
2408540,2018-11-02,2.38711,0.986441,False
2408540,2018-11-03,2.06146,1.02725,False
2408540,2018-11-04,1.89439,1.01888,False
2408540,2018-11-05,1.89439,1.01888,False
2408540,2018-11-06,1.98218,0.977309,False
2408540,2018-11-11,4.58732,2.69931,False
2422500,2018-01-01,5.09702,4.96425,False
2422500,2018-01-02,4.84217,4.70654,False
2422500,2018-01-03,4.89881,4.49277,False
2422500,2018-01-04,5.01207,4.27419,False
2422500,2018-01-05,4.81386,4.08015,False
2422500,2018-01-06,4.67227,3.88235,False
2422500,2018-01-07,4.61564,3.70602,False
2422500,2018-01-08,6.28633,3.74427,False
2422500,2018-01-11,6.3996,4.02633,False
2422500,2018-01-14,5.49346,4.13472,False
2422500,2018-01-15,5.15366,4.06696,False
2422500,2018-01-16,5.09702,3.92083,False
2422500,2018-01-17,4.89881,3.74277,False
2422500,2018-01-18,4.75722,3.5728,False
2422500,2018-01-19,4.81386,3.41059,False
2422500,2018-01-20,4.84217,3.25573,False
2422500,2018-01-21,4.75722,3.10793,False
2422500,2018-01-22,4.84217,2.95723,False
2422500,2018-01-23,5.23861,3.01806,False
2422500,2018-01-24,4.64396,2.9761,False
2422500,2018-01-25,4.30415,2.89884,False
2422500,2018-01-26,4.19089,2.83212,False
2422500,2018-01-27,4.30415,2.73073,False
2422500,2018-02-18,12.7709,8.0048,True
2422500,2018-02-19,11.6382,7.59074,True
2422500,2018-02-20,10.7887,7.24606,True
2422500,2018-02-21,10.2224,6.89358,True
2422500,2018-05-08,6.42791,5.70573,False
2422500,2018-05-09,5.88989,5.50069,True
2422500,2018-05-10,5.63504,5.26881,False
2422500,2018-05-11,5.32356,5.02957,True
2422500,2018-05-12,5.01207,4.7849,True
2422500,2018-05-13,4.70059,4.56759,True
2422500,2018-05-14,4.44574,4.34612,False
2422500,2018-05-15,4.16257,4.14878,False
2422500,2018-05-16,4.16257,3.94693,False
2422500,2018-05-18,6.59781,3.98571,False
2422500,2018-05-19,5.06871,3.86916,False
2422500,2018-05-20,4.64396,3.78056,False
2422500,2018-05-21,4.72891,3.63293,False
2422500,2018-05-22,5.83326,3.65718,False
2422500,2018-05-28,6.68276,5.06308,False
2422500,2018-06-05,12.0346,6.55932,True
2422500,2018-06-06,10.7038,6.26146,True
2422500,2018-06-07,9.54276,5.95683,True
2422500,2018-06-25,6.2297,5.93762,False
2422500,2018-06-26,5.60673,5.70573,False
2422500,2018-06-27,5.12534,5.44664,False
2422500,2018-06-28,4.89881,5.19936,False
2422500,2018-06-29,6.42791,5.06134,False
2422500,2018-07-02,6.42791,4.88113,False
2422500,2018-07-04,5.94653,4.75324,False
2422500,2018-07-06,5.57841,4.69057,False
2422500,2018-07-07,4.75722,4.56759,False
2422500,2018-07-08,5.21029,4.43235,False
2422500,2018-07-09,5.29524,4.30174,False
2422500,2018-07-10,5.04039,4.13472,False
2422500,2018-07-11,4.41742,3.97321,False
2422500,2018-07-12,4.02099,3.80579,False
2422500,2018-07-13,4.24752,3.66852,False
2422500,2018-07-14,6.11643,3.6941,False
2422500,2018-07-15,6.03148,3.69346,False
2422500,2018-07-16,6.88098,3.79352,False
2422500,2018-07-17,5.74831,3.8044,False
2422500,2018-07-18,6.3996,3.89439,False
2422500,2018-07-20,5.09702,3.9342,False
2422500,2018-07-21,4.36079,3.88235,False
2422500,2018-07-22,3.82277,3.7555,False
2422500,2018-07-23,3.5396,3.59664,False
2422500,2018-07-24,3.45465,3.43333,False
2422500,2018-07-25,3.5396,3.27743,False
2422500,2018-07-26,3.39802,3.12859,False
2422500,2018-07-27,3.14316,2.97691,False
2422500,2018-07-28,2.91663,2.84172,False
2422500,2018-07-29,2.70142,2.70347,False
2422500,2018-07-30,2.48622,2.58067,False
2422500,2018-07-31,2.83168,2.47957,False
2422500,2018-08-03,6.82435,3.73009,False
2422500,2018-08-04,5.69168,3.70602,False
2422500,2018-08-05,4.19089,3.69346,False
2422500,2018-08-06,3.68118,3.5728,False
2422500,2018-08-07,3.56792,3.43333,False
2422500,2018-08-08,3.68118,3.27743,False
2422500,2018-08-09,4.10594,3.20127,False
2422500,2018-08-11,4.81386,3.26684,False
2422500,2018-08-12,4.02099,3.21279,False
2422500,2018-08-13,3.7095,3.10793,False
2422500,2018-08-14,3.45465,2.96684,True
2422500,2018-08-15,3.42633,2.84172,False
2422500,2018-08-16,3.1998,2.70347,False
2422500,2018-08-17,3.28475,2.58067,False
2422500,2018-08-18,3.62455,2.55469,False
2422500,2018-08-19,5.55009,2.66412,False
2422500,2018-08-20,6.3996,2.80822,False
2422500,2018-08-21,6.31465,2.95932,False
2422500,2018-08-22,4.19089,2.94716,False
2422500,2018-08-23,3.42633,2.94716,False
2422500,2018-08-24,3.0299,2.86991,True
2422500,2018-08-25,2.88831,2.7489,True
2422500,2018-08-26,2.80336,2.63264,False
2422500,2018-08-27,2.80053,2.51314,False
2422500,2018-08-28,2.70425,2.39126,False
2422500,2018-08-29,3.17148,2.3511,False
2422500,2018-08-30,4.87049,2.43524,False
2422500,2018-08-31,4.58732,2.48889,False
2422500,2018-09-01,6.20138,2.66296,False
2422500,2018-09-02,4.16257,2.62413,False
2422500,2018-09-03,3.28475,2.62413,False
2422500,2018-09-04,3.08653,2.54664,False
2422500,2018-09-05,3.65287,2.52928,False
2422500,2018-09-06,4.44574,2.56464,False
2422500,2018-09-07,3.79445,2.54601,False
2422500,2018-09-08,3.3697,2.49647,False
2422500,2018-09-09,3.22812,2.44722,False
2422500,2018-09-10,3.05821,2.35162,False
2422500,2018-09-11,3.1998,2.25984,False
2422500,2018-09-12,3.14316,2.15718,False
2422500,2018-09-13,3.3697,2.15718,False
2422500,2018-09-14,3.59623,2.15718,False
2422500,2018-09-15,3.31307,2.15677,False
2422500,2018-09-16,2.72974,2.10781,False
2422500,2018-09-17,2.56267,2.06632,True
2422500,2018-09-18,2.4579,1.99201,False
2422500,2018-09-19,2.33047,1.90804,False
2422500,2018-09-20,2.2795,1.82141,False
2422500,2018-09-21,3.90772,1.91834,False
2422500,2018-09-22,3.73782,1.95405,False
2422500,2018-09-23,2.83168,1.91424,False
2422500,2018-09-24,2.97326,1.89543,False
2422500,2018-09-25,4.41742,2.0375,False
2422500,2018-09-26,6.5695,2.26782,False
2422500,2018-09-30,6.34296,4.13472,False
2422500,2018-10-01,5.38019,3.99971,False
2422500,2018-10-02,4.70059,3.83108,False
2422500,2018-10-03,4.19089,3.65718,False
2422500,2018-10-04,3.8794,3.49109,True
2422500,2018-10-05,3.7095,3.33258,False
2422500,2018-10-06,3.62455,3.17043,False
2422500,2018-10-07,3.42633,3.02645,True
2422500,2018-10-08,3.22812,2.889,False
2422500,2018-10-09,3.11485,2.7489,False
2422500,2018-10-10,3.17148,2.62413,False
2422500,2018-10-11,3.28475,2.49647,False
2422500,2018-10-12,3.14316,2.3831,False
2422500,2018-10-13,3.00158,2.27488,False
2422500,2018-10-14,2.88831,2.17159,False
2422500,2018-10-15,2.78637,2.07303,False
2422500,2018-10-16,2.83168,1.97888,False
2422500,2018-10-17,2.86,1.88287,False
2422500,2018-10-18,2.86,1.7974,False
2422500,2018-10-19,2.75806,1.70995,False
2422500,2018-10-20,2.83168,1.63235,False
2422500,2018-10-21,2.83168,1.55822,False
2422500,2018-10-22,2.74956,1.48744,False
2422500,2018-10-23,2.70425,1.41991,False
2422500,2018-10-24,2.73823,1.35544,False
2422500,2018-10-25,2.91663,1.42807,False
2422500,2018-10-26,4.02099,1.55104,False
2422500,2018-10-27,4.2192,1.68073,False
2422500,2018-10-28,3.42633,1.68744,False
2422500,2018-10-29,3.08653,1.70995,False
2422500,2018-10-30,2.86,1.67083,False
2422500,2018-10-31,2.7439,1.60561,False
2422500,2018-11-01,4.75722,1.77917,False
2422500,2018-11-03,4.19089,2.12153,False
2422500,2018-11-04,3.48297,2.15023,False
2422500,2018-11-05,3.65287,2.17159,False
2422500,2018-11-06,4.36079,2.29306,False
2422500,2018-11-10,5.91821,3.65718,False
2422500,2018-11-11,4.70059,3.68154,False
2422500,2018-11-19,7.7588,5.44664,True
2422500,2018-11-20,7.22078,5.19936,True
2422500,2018-11-21,6.71108,4.94641,False
2422500,2018-11-22,6.3996,4.70654,False
2422500,2018-11-23,6.2297,4.49277,False
2422500,2018-11-28,6.59781,4.73785,False
2422500,2018-11-29,6.37128,4.65949,False
2422500,2018-11-30,6.31465,4.50735,False
2422500,2018-12-07,6.9093,5.1474,False
2427250,2018-02-18,7.7588,4.92737,True
2427250,2018-02-19,6.99425,4.67355,True
2427250,2018-02-20,6.42791,4.43287,True
2427250,2018-02-21,5.97484,4.20457,True
2427250,2018-04-30,3.39802,2.90382,True
2427250,2018-05-01,3.11485,2.77512,True
2427250,2018-05-02,2.91663,2.65214,True
2427250,2018-05-03,2.76655,2.51557,True
2427250,2018-05-04,2.61081,2.39479,True
2427250,2018-05-05,2.48338,2.28027,True
2427250,2018-05-06,2.40976,2.16285,False
2427250,2018-05-07,2.30499,2.06701,False
2427250,2018-05-08,2.16907,1.96053,True
2427250,2018-05-09,2.05297,1.86644,True
2427250,2018-05-10,1.94536,1.7772,True
2427250,2018-05-11,1.84059,1.69184,True
2427250,2018-05-12,1.73582,1.61094,True
2427250,2018-05-13,1.64804,1.53362,True
2427250,2018-05-14,1.57725,1.46024,True
2427250,2018-05-15,1.49796,1.39016,False
2427250,2018-05-16,1.44133,1.32367,False
2427250,2018-05-17,1.46964,1.26013,False
2427250,2018-05-18,1.61972,1.22697,False
2427250,2018-05-19,2.41542,1.2467,False
2427250,2018-05-20,1.83493,1.21771,False
2427250,2018-05-21,1.5914,1.18623,False
2427250,2018-05-22,1.51495,1.15536,False
2427250,2018-05-23,1.52911,1.10827,False
2427250,2018-05-24,1.46398,1.05916,False
2427250,2018-05-25,1.84909,1.06741,False
2427250,2018-05-26,2.02748,1.07157,False
2427250,2018-05-28,2.64479,1.2276,False
2427250,2018-06-05,4.02099,2.49664,True
2427250,2018-06-06,3.42633,2.37679,True
2427250,2018-06-07,3.00158,2.26308,False
2427250,2018-06-08,2.6278,2.15446,False
2427250,2018-06-09,2.35313,2.05145,False
2427250,2018-06-20,3.1998,2.83872,True
2427250,2018-06-21,2.67311,2.69253,True
2427250,2018-06-22,2.91663,2.5827,False
2427250,2018-06-23,2.48055,2.4592,True
2427250,2018-06-24,2.09544,2.33252,False
2427250,2018-06-25,1.84342,2.22917,False
2427250,2018-06-26,1.71033,2.11435,False
2427250,2018-06-27,2.76089,2.06626,False
2427250,2018-06-29,2.57117,2.02066,False
2427250,2018-06-30,2.11526,1.96777,False
2427250,2018-07-01,2.12093,1.88785,False
2427250,2018-07-02,2.02748,1.80417,False
2427250,2018-07-03,2.66178,1.77662,False
2427250,2018-07-04,3.25643,1.78409,False
2427250,2018-07-05,2.91663,1.78345,False
2427250,2018-07-06,2.14075,1.73733,False
2427250,2018-07-07,2.22853,1.69838,False
2427250,2018-07-10,2.67877,1.85955,False
2427250,2018-07-11,2.18606,1.84554,False
2427250,2018-07-12,1.88873,1.7772,False
2427250,2018-07-13,1.77263,1.69838,False
2427250,2018-07-14,2.50321,1.67245,False
2427250,2018-07-25,2.80053,3.06146,False
2427250,2018-07-26,2.2795,2.92581,True
2427250,2018-07-27,1.93121,2.77512,True
2427250,2018-07-28,1.67919,2.65214,False
2427250,2018-07-29,1.48097,2.51557,False
2427250,2018-07-30,1.46964,2.39479,False
2427250,2018-07-31,1.62255,2.28027,False
2427250,2018-08-05,2.60231,2.46829,True
2427250,2018-08-06,2.27667,2.35023,False
2427250,2018-08-07,1.82077,2.24606,False
2427250,2018-08-08,1.98784,2.13038,False
2427250,2018-08-12,2.97326,2.0827,False
2427250,2018-08-13,2.18323,2.036,False
2427250,2018-08-14,1.69901,1.96053,False
2427250,2018-08-15,2.02748,1.87367,False
2427250,2018-08-16,1.97934,1.78374,False
2427250,2018-08-17,1.5999,1.69838,False
2427250,2018-08-18,2.06713,1.6474,False
2427250,2018-08-19,2.70425,1.64149,False
2427250,2018-08-26,2.94495,2.97037,False
2427250,2018-08-27,2.51736,2.82778,True
2427250,2018-08-28,2.17756,2.69253,False
2427250,2018-08-29,1.96802,2.55388,False
2427250,2018-08-30,2.05297,2.44068,False
2427250,2018-08-31,2.42392,2.31499,False
2427250,2018-09-01,2.91663,2.24531,False
2427250,2018-09-02,3.3697,2.21175,False
2427250,2018-09-03,2.7977,2.14595,False
2427250,2018-09-04,2.55134,2.07465,False
2427250,2018-09-17,3.28475,3.45475,False
2427250,2018-09-18,2.7354,3.31389,False
2427250,2018-09-19,2.4041,3.15538,False
2427250,2018-09-20,2.15208,3.00394,False
2427250,2018-09-24,2.91663,3.40301,False
2427250,2018-09-25,2.82318,3.2522,False
2427250,2018-09-26,3.08653,3.1081,False
2427250,2018-10-06,2.88831,3.75411,False
2427250,2018-10-07,2.5117,3.58779,False
2427250,2018-10-08,2.22853,3.40301,False
2427250,2018-10-09,2.11526,3.23964,False
2427250,2018-10-10,2.47489,3.08466,False
2427250,2018-10-13,2.66461,2.75428,False
2427250,2018-10-14,2.16624,2.6419,False
2427250,2018-10-15,1.9482,2.51557,False
2427250,2018-10-20,3.17148,2.77512,False
2427250,2018-10-23,2.73257,2.5827,False
2427250,2018-10-24,2.4579,2.49664,False
2427250,2018-10-25,2.31065,2.386,False
2427250,2018-10-26,2.50604,2.27147,False
2427250,2018-10-27,2.7892,2.20336,False
2427250,2018-10-28,2.49188,2.114,False
2427250,2018-10-29,2.19455,2.02813,False
2427250,2018-10-30,2.002,1.94578,False
2427250,2018-10-31,1.86891,1.85237,False
2427250,2018-11-01,1.89723,1.76377,False
2427250,2018-11-02,2.60231,1.74346,False
2427250,2018-11-03,3.00158,1.73704,False
2427250,2018-11-04,2.4579,1.70428,False
2427250,2018-11-05,2.20022,1.65394,False
2427250,2018-11-06,2.10394,1.60475,False
2427250,2018-11-07,2.18606,1.53953,False
2427250,2018-11-08,3.25643,1.59444,False
2427250,2018-11-09,3.00158,1.59884,False
2427250,2018-11-10,2.74956,1.55122,False
2427250,2018-11-11,2.3956,1.51649,False
2427250,2018-11-19,6.85267,2.75428,True
2427250,2018-11-20,6.00316,2.61238,True
2350600,2018-01-20,3.25643,2.25596,True
2350600,2018-01-21,3.17148,2.13553,True
2350600,2018-02-19,4.92712,3.42413,True
2350600,2018-02-20,4.67227,3.24144,True
2350600,2018-05-04,2.12376,2.90475,True
2350600,2018-05-05,1.95952,2.74971,True
2350600,2018-05-06,1.89723,2.60301,False
2350600,2018-05-07,1.74715,2.45689,True
2350600,2018-05-08,1.58291,2.32569,True
2350600,2018-05-09,1.4838,2.20162,True
2350600,2018-05-10,1.40734,2.0842,False
2350600,2018-05-11,1.34222,1.96678,False
2350600,2018-05-12,1.26576,1.86181,True
2350600,2018-05-13,1.19497,1.76244,False
2350600,2018-05-14,1.17232,1.6684,False
2350600,2018-05-15,1.17798,1.5794,False
2350600,2018-07-08,2.32198,2.74971,True
2350600,2018-07-10,2.01899,2.47917,False
2350600,2018-07-11,1.74998,2.34687,False
2350600,2018-07-12,1.57441,2.22164,False
2350600,2018-07-13,1.46398,2.10312,False
2350600,2018-07-14,1.95669,1.99091,False
2350600,2018-07-28,1.82927,2.71644,False
2350600,2018-07-29,1.61689,2.57153,False
2350600,2018-07-30,1.53194,2.43432,False
2350600,2018-07-31,1.73865,2.3044,False
2350600,2018-08-14,1.75564,1.79502,False
2350600,2018-08-24,2.01332,1.84508,False
2350600,2018-08-25,1.67919,1.77326,True
2350600,2018-08-26,1.48946,1.68889,True
2350600,2018-08-27,1.34222,1.59878,True
2350600,2018-08-28,1.24028,1.51348,False
2350600,2018-08-29,1.22045,1.43721,False
2350600,2018-08-30,1.23744,1.36053,False
2350600,2018-08-31,1.22895,1.28796,False
2350600,2018-09-01,1.85192,1.268,False
2350600,2018-09-03,1.67635,1.23027,False
2350600,2018-09-04,1.61123,1.19711,False
2350600,2018-09-05,1.56026,1.14713,False
2350600,2018-09-06,1.77546,1.15053,False
2350600,2018-09-07,1.59424,1.12241,False
2350600,2018-09-08,1.35921,1.08252,False
2350600,2018-09-09,1.25443,1.05005,False
2350600,2018-09-10,1.27142,1.00009,False
2350600,2018-09-14,1.97368,1.31557,False
2350600,2018-09-15,1.63388,1.32355,False
2350600,2018-09-16,1.37903,1.28391,True
2350600,2018-09-17,1.24028,1.2228,True
2350600,2018-09-18,1.17232,1.16118,True
2350600,2018-09-19,1.11285,1.10249,False
2350600,2018-09-20,1.05905,1.04366,False
2350600,2018-09-21,0.985425,0.987975,False
2350600,2018-09-22,0.920296,0.935255,False
2350600,2018-09-23,0.925959,0.885353,False
2350600,2018-09-24,0.951444,0.838113,False
2350600,2018-09-25,0.988256,0.793391,False
2350600,2018-09-26,1.06188,0.773999,False
2350600,2018-09-27,1.27992,0.776719,False
2350600,2018-09-28,1.8774,0.830446,False
2350600,2018-09-29,1.97934,0.893009,False
2350600,2018-09-30,1.76414,0.938194,False
2350600,2018-10-01,2.05863,1.01303,False
2350600,2018-10-02,1.64237,1.01235,False
2350600,2018-10-03,1.39319,1.01553,False
2350600,2018-10-04,1.27992,0.981973,True
2350600,2018-10-05,1.22329,0.935255,False
2350600,2018-10-06,1.16382,0.890764,True
2350600,2018-10-07,1.10719,0.843229,False
2350600,2018-10-08,1.0902,0.798235,False
2350600,2018-10-09,1.04489,0.755642,False
2450250,2018-01-16,3.48297,1.2831,True
2450250,2018-01-17,2.91663,1.16248,True
2450250,2018-05-03,2.68443,2.31267,True
2450250,2018-05-04,2.30216,2.09433,True
2450250,2018-05-05,2.08978,1.88808,True
2450250,2018-05-07,1.8321,1.53455,True
2450250,2018-05-09,1.45265,1.25353,True
2450250,2018-05-10,1.24311,1.13511,True
2450250,2018-05-11,1.06188,1.02336,True
2450250,2018-05-12,0.942949,0.927199,True
2450250,2018-05-13,0.841009,0.835903,True
2450250,2018-05-14,0.778712,0.756973,False
2450250,2018-05-15,0.736237,0.682442,False
2450250,2018-05-16,0.764554,0.61831,False
2450250,2018-05-18,0.815524,0.551418,False
2450250,2018-05-19,0.719247,0.504792,False
2450250,2018-05-20,0.886316,0.49724,False
2450250,2018-05-21,0.671108,0.459034,False
2450250,2018-05-22,0.571999,0.418084,False
2450250,2018-05-23,0.532356,0.384091,False
2450250,2018-05-24,0.492712,0.349554,False
2450250,2018-05-25,0.535188,0.334612,False
2450250,2018-05-26,0.716415,0.34342,False
2450250,2018-05-27,0.798534,0.346273,False
2450250,2018-05-28,0.781544,0.342662,False
2450250,2018-06-05,1.81511,1.18461,True
2450250,2018-06-06,1.50079,1.06796,True
2450250,2018-06-07,1.21479,0.967112,True
2450250,2018-06-08,1.01091,0.871892,True
2450250,2018-06-09,0.852336,0.786047,True
2450250,2018-06-10,0.824019,0.712176,False
2450250,2018-06-11,0.727742,0.644925,True
2450250,2018-06-12,0.668276,0.581424,True
2450250,2018-06-13,0.659781,0.526788,True
2450250,2018-06-14,0.611643,0.477049,False
2450250,2018-06-15,0.608811,0.430081,False
2450250,2018-06-16,0.603148,0.389659,False
2450250,2018-06-17,0.617306,0.352865,False
2450250,2018-06-18,0.631465,0.318125,False
2450250,2018-06-19,0.60598,0.2868,False
2450250,2018-06-20,0.600316,0.261013,False
2450250,2018-06-29,1.10719,0.971927,True
2450250,2018-06-30,0.900474,0.880145,True
2450250,2018-07-01,0.744732,0.793484,True
2450250,2018-07-02,0.824019,0.718571,False
2450250,2018-07-03,0.736237,0.656904,True
2450250,2018-07-04,0.645623,0.592488,True
2450250,2018-07-05,0.642791,0.539213,False
2450250,2018-07-06,0.611643,0.486123,False
2450250,2018-07-07,0.611643,0.44044,False
2450250,2018-07-08,0.625801,0.398848,False
2450250,2018-07-09,0.563504,0.359578,False
2450250,2018-07-10,0.487049,0.325787,False
2450250,2018-07-11,0.4559,0.295023,False
2450250,2018-07-12,0.492712,0.286493,False
2450250,2018-07-13,0.410594,0.266916,False
2450250,2018-07-14,0.498376,0.268374,False
2450250,2018-07-21,0.872157,0.725729,False
2450250,2018-07-22,0.665445,0.657199,True
2450250,2018-07-23,0.566336,0.592488,True
2450250,2018-07-24,0.526692,0.534149,False
2450250,2018-07-25,0.447405,0.483964,True
2450250,2018-07-26,0.379445,0.438258,True
2450250,2018-07-27,0.30299,0.39511,False
2450250,2018-07-28,0.283168,0.35798,False
2450250,2018-07-29,0.253152,0.324172,False
2450250,2018-07-30,0.441742,0.305943,False
2450250,2018-07-31,0.552178,0.303351,False
2450250,2018-08-01,0.33697,0.2736,False
2450250,2018-08-02,0.286,0.25261,False
2450250,2018-08-03,0.245507,0.228756,True
2450250,2018-08-04,0.211526,0.207257,True
2450250,2018-08-05,0.186041,0.187685,False
2450250,2018-08-06,0.175564,0.169201,False
2450250,2018-08-07,0.16537,0.153993,False
2450250,2018-08-08,0.181794,0.142002,False
2450250,2018-08-09,0.251453,0.141406,False
2450250,2018-08-10,0.264196,0.136719,False
2450250,2018-08-11,0.236728,0.125162,False
2450250,2018-08-12,0.214641,0.116072,False
2450250,2018-08-13,0.195386,0.105634,False
2450250,2018-08-14,0.178113,0.0957072,False
2450250,2018-08-15,0.169051,0.0866696,False
2450250,2018-08-16,0.236728,0.0930966,False
2450250,2018-08-17,0.427584,0.119412,False
2450250,2018-08-18,0.464396,0.132419,False
2450250,2018-08-19,0.334138,0.141013,False
2450250,2018-08-20,0.294495,0.134959,False
2450250,2018-08-21,0.317148,0.149213,False
2450250,2018-08-22,0.291663,0.143293,False
2450250,2018-08-23,0.222853,0.132436,True
2450250,2018-08-24,0.193404,0.123987,True
2450250,2018-08-25,0.186891,0.112837,False
2450250,2018-08-26,0.184342,0.101727,False
2450250,2018-08-27,0.172449,0.0921672,False
2450250,2018-08-28,0.158008,0.0834635,False
2450250,2018-08-29,0.153477,0.0752459,False
2450250,2018-08-30,0.240126,0.0846991,False
2450250,2018-08-31,0.206996,0.0850966,False
2450250,2018-09-01,0.17613,0.078136,False
2450250,2018-09-02,0.159424,0.0738409,False
2450250,2018-09-03,0.131107,0.0672008,False
2450250,2018-09-04,0.0906138,0.0605845,False
2450250,2018-09-05,0.0968435,0.0588229,False
2450250,2018-09-06,0.127992,0.06039,False
2450250,2018-09-07,0.14923,0.0627569,False
2450250,2018-09-08,0.152911,0.0625573,False
2450250,2018-09-09,0.143849,0.0586343,False
2450250,2018-09-10,0.532356,0.101591,False
2450250,2018-09-11,0.261081,0.104473,False
2450250,2018-09-12,0.181511,0.0988912,False
2450250,2018-09-13,0.20473,0.106108,False
2450250,2018-09-14,0.270142,0.113234,False
2450250,2018-09-15,0.199067,0.109545,False
2450250,2018-09-16,0.160839,0.10269,False
2450250,2018-09-17,0.143566,0.0970446,True
2450250,2018-09-18,0.124311,0.0883183,True
2450250,2018-09-19,0.116948,0.0796227,False
2450250,2018-09-20,0.10902,0.0724624,False
2450250,2018-09-21,0.103073,0.0653281,False
2450250,2018-09-22,0.120913,0.0649797,False
2450250,2018-09-23,0.154893,0.0673802,False
2450250,2018-09-24,0.185475,0.0735579,False
2450250,2018-09-25,0.238994,0.0787477,False
2450250,2018-09-28,0.475722,0.281447,False
2450250,2018-09-29,0.277505,0.276192,False
2450250,2018-09-30,0.189156,0.253738,True
2450250,2018-10-01,0.149796,0.228756,True
2450250,2018-10-02,0.134222,0.208183,True
2450250,2018-10-03,0.125443,0.187685,True
2450250,2018-10-04,0.116948,0.169201,True
2450250,2018-10-05,0.112135,0.153993,True
2450250,2018-10-06,0.107604,0.138831,True
2450250,2018-10-07,0.105622,0.125781,False
2450250,2018-10-08,0.104206,0.113905,False
2450250,2018-10-09,0.103639,0.10269,False
2450250,2018-10-10,0.111002,0.0938744,False
2450250,2018-10-11,0.113834,0.0869965,False
2450250,2018-10-12,0.116099,0.0785249,False
2450250,2018-10-13,0.0965603,0.0714641,False
2450250,2018-10-14,0.105905,0.0683883,False
2450250,2018-10-15,0.1144,0.0661811,False
2450250,2018-10-16,0.162822,0.0696105,False
2450250,2018-10-17,0.325643,0.0889491,False
2450250,2018-10-18,0.213792,0.0899983,False
2450250,2018-10-19,0.154043,0.0858565,False
2450250,2018-10-20,0.149513,0.083092,False
2450250,2018-10-21,0.151778,0.0759583,False
2450250,2018-10-22,0.141301,0.0684797,False
2450250,2018-10-23,0.135354,0.0623218,False
2450250,2018-10-24,0.135921,0.0561858,False
2450250,2018-10-25,0.171317,0.0625648,False
2450250,2018-10-26,0.31998,0.0827674,False
2450250,2018-10-27,0.288831,0.0873484,False
2450250,2018-10-28,0.212942,0.0826806,False
2450250,2018-10-29,0.173582,0.0803762,False
2450250,2018-10-30,0.164521,0.0731487,False
2450250,2018-10-31,0.167635,0.0665706,False
2450250,2018-11-02,0.894811,0.20114,False
2450250,2018-11-03,0.450237,0.186852,False
2450250,2018-11-04,0.334138,0.185098,False
2450250,2018-11-05,0.322812,0.169201,False
2450250,2018-11-08,0.767385,0.347998,False
2450250,2018-11-09,0.710752,0.333466,False
2450250,2018-11-10,0.821187,0.353808,False
2450250,2018-11-11,0.617306,0.334595,False
2450250,2018-11-19,0.764554,0.913953,True
2450250,2018-11-20,0.648455,0.823964,True
2450250,2018-11-21,0.535188,0.742836,False
2450250,2018-11-22,0.472891,0.673032,False
2450250,2018-11-23,0.447405,0.609473,False
2450250,2018-11-24,0.591821,0.549468,False
2450250,2018-11-25,0.594653,0.504566,False
2450250,2018-11-26,0.506871,0.457355,False
2450250,2018-11-27,0.453069,0.414167,False
2450250,2018-11-28,0.427584,0.373385,False
2450250,2018-11-29,0.424752,0.338299,False
2450250,2018-11-30,0.484217,0.322222,False
2450825,2018-03-23,3.51128,2.67714,True
2450825,2018-05-03,4.559,3.58304,True
2450825,2018-05-04,4.13425,3.36418,True
2450825,2018-05-07,3.45465,2.77413,True
2450825,2018-05-08,3.08653,2.60475,True
2450825,2018-05-09,2.80053,2.44566,True
2450825,2018-05-10,2.61081,2.2963,True
2450825,2018-05-11,2.43524,2.15602,True
2450825,2018-05-20,1.92271,1.56696,True
2450825,2018-05-23,1.73865,1.30729,False
2450825,2018-05-24,1.69901,1.22743,False
2450825,2018-05-25,1.73582,1.16164,False
2450825,2018-06-08,2.16907,1.89306,True
2450825,2018-06-09,1.97368,1.77743,True
2450825,2018-06-14,1.67635,1.30729,False
2450825,2018-06-15,1.69618,1.22743,False
2450825,2018-07-05,1.7783,1.7088,False
2450825,2018-07-10,1.716,1.49462,False
2450825,2018-07-11,1.65087,1.42564,False
2450825,2018-07-12,1.67069,1.34404,False
2450825,2018-07-13,1.5376,1.26678,False
2450825,2018-07-14,1.61406,1.1894,False
2450825,2018-07-15,1.72732,1.1751,False
2450825,2018-07-20,1.76414,1.29711,True
2450825,2018-07-21,1.54893,1.22743,True
2450825,2018-07-22,1.41018,1.16164,True
2450825,2018-07-23,1.28558,1.09068,True
2450825,2018-07-24,1.16382,1.02407,True
2450825,2018-07-25,1.07321,0.969138,True
2450825,2018-07-26,1.0194,0.909954,True
2450825,2018-07-27,0.982593,0.854387,False
2450825,2018-07-28,0.948613,0.802205,False
2450825,2018-07-29,0.900474,0.759167,False
2450825,2018-07-30,0.883484,0.712807,False
2450825,2018-07-31,0.948613,0.693084,False
2450825,2018-08-01,0.996751,0.679653,False
2450825,2018-08-02,0.945781,0.643426,False
2450825,2018-08-03,0.866494,0.623472,False
2450825,2018-08-04,0.798534,0.590029,False
2450825,2018-08-05,0.744732,0.553993,False
2450825,2018-08-06,0.744732,0.524271,False
2450825,2018-08-07,0.911801,0.532928,False
2450825,2018-08-08,0.855167,0.526181,False
2450825,2018-08-09,0.883484,0.508015,False
2450825,2018-08-10,0.965603,0.532928,False
2450825,2018-08-11,0.784375,0.519896,False
2450825,2018-08-12,0.702257,0.504022,False
2450825,2018-08-13,0.651286,0.49026,False
2450825,2018-08-14,0.611643,0.465851,False
2450825,2018-08-15,0.586158,0.440856,False
2450825,2018-08-16,0.642791,0.433802,False
2450825,2018-08-17,0.730573,0.43397,False
2450825,2018-08-18,0.736237,0.439074,False
2450825,2018-08-19,0.829682,0.453235,False
2450825,2018-08-20,0.79287,0.460179,False
2450825,2018-08-21,0.764554,0.451395,False
2450825,2018-08-22,0.7419,0.444346,False
2450825,2018-08-23,0.65695,0.425451,True
2450825,2018-08-24,0.580494,0.401094,True
2450825,2018-08-25,0.546514,0.379583,True
2450825,2018-08-26,0.518197,0.3564,True
2450825,2018-08-27,0.504039,0.33728,False
2450825,2018-08-28,0.495544,0.316678,False
2450825,2018-08-29,0.492712,0.297338,False
2450825,2018-08-30,0.577663,0.308455,False
2450825,2018-08-31,0.659781,0.321007,False
2450825,2018-09-01,0.583326,0.325434,False
2450825,2018-09-02,0.529524,0.321707,False
2450825,2018-09-03,0.487049,0.316678,False
2450825,2018-09-04,0.4559,0.30445,False
2450825,2018-09-05,0.512534,0.305613,False
2450825,2018-09-06,0.710752,0.325307,False
2450825,2018-09-07,1.01657,0.372587,False
2450825,2018-09-08,0.7419,0.384045,False
2450825,2018-09-09,0.855167,0.417321,False
2450825,2018-09-10,1.71033,0.521887,False
2450825,2018-09-11,1.21196,0.558947,False
2450825,2018-09-12,0.835346,0.571725,False
2450825,2018-09-13,0.719247,0.580804,False
2450825,2018-09-14,0.671108,0.562784,False
2450825,2018-09-15,0.727742,0.547216,False
2450825,2018-09-16,0.634296,0.516082,False
2450825,2018-09-17,0.569168,0.492251,False
2450825,2018-09-18,0.540851,0.465851,False
2450825,2018-09-19,0.540851,0.440856,False
2450825,2018-09-20,0.501207,0.413929,False
2450825,2018-09-21,0.489881,0.388652,False
2450825,2018-09-22,0.472891,0.367801,False
2450825,2018-09-23,0.489881,0.345341,False
2450825,2018-09-24,0.620138,0.3525,False
2450825,2018-09-25,0.733405,0.365463,False
2450825,2018-09-29,1.35637,1.13914,False
2450825,2018-09-30,1.05905,1.08213,False
2450825,2018-10-01,0.911801,1.02407,False
2450825,2018-10-02,0.824019,0.969138,True
2450825,2018-10-03,0.804197,0.909954,False
2450825,2018-10-04,0.753227,0.854387,True
2450825,2018-10-05,0.705088,0.808547,True
2450825,2018-10-06,0.67394,0.759167,True
2450825,2018-10-07,0.648455,0.712807,True
2450825,2018-10-08,0.617306,0.669277,False
2450825,2018-10-09,0.591821,0.633374,False
2450825,2018-10-10,0.603148,0.594693,False
2450825,2018-10-11,0.648455,0.562668,False
2450825,2018-10-12,0.65695,0.536609,False
2450825,2018-10-13,0.597484,0.508015,False
2450825,2018-10-14,0.571999,0.480758,False
2450825,2018-10-15,0.566336,0.453125,False
2450825,2018-10-16,0.79287,0.460579,False
2450825,2018-10-17,1.39319,0.518686,False
2450825,2018-10-18,1.04206,0.528414,False
2450825,2018-10-19,0.750395,0.524271,False
2450825,2018-10-20,0.730573,0.524271,False
2450825,2018-10-21,0.739068,0.504022,False
2450825,2018-10-22,0.69093,0.476991,False
2450825,2018-10-23,0.659781,0.451395,False
2450825,2018-10-24,0.654118,0.423831,False
2450825,2018-10-25,0.693762,0.425561,False
2450825,2018-10-26,1.11285,0.462749,False
2450825,2018-10-27,1.11851,0.493542,False
2450825,2018-10-28,0.846672,0.488391,False
2450825,2018-10-29,0.7419,0.488391,False
2450825,2018-10-30,0.69093,0.469531,False
2450825,2018-10-31,0.65695,0.446047,False
2450825,2018-11-01,1.60556,0.535909,False
2450825,2018-11-03,1.52344,0.710098,False
2450825,2018-11-04,1.09869,0.72985,False
2450825,2018-11-05,1.04206,0.707216,False
2450825,2018-11-06,1.48097,0.748808,False
2450825,2018-11-19,2.04164,2.04821,True
2450825,2018-11-21,1.68768,1.81997,False
2450825,2018-11-22,1.52911,1.7088,False
2450825,2018-11-23,1.48946,1.60446,False
2450825,2018-11-26,1.74431,1.42564,False
2450825,2018-11-27,1.56875,1.35984,False
2450825,2018-11-28,1.45265,1.28686,False
2450825,2018-11-29,1.39035,1.21325,False
2450825,2018-11-30,1.62822,1.18414,False
2464000,2018-03-17,9.17464,5.09745,True
2464000,2018-03-18,8.21187,4.51198,True
2464000,2018-03-19,7.30573,3.99091,True
2464000,2018-03-21,5.86158,3.15804,True
2464000,2018-03-22,5.06871,2.8092,True
2464000,2018-03-23,4.58732,2.4989,True
2464000,2018-05-03,4.95544,4.07674,True
2464000,2018-05-04,4.36079,3.62645,True
2464000,2018-05-05,3.96435,3.22593,True
2464000,2018-05-08,3.08653,2.27072,True
2464000,2018-05-09,2.74107,2.01991,True
2464000,2018-05-10,2.43524,1.79682,True
2464000,2018-05-11,2.18039,1.60637,True
2464000,2018-05-12,1.95952,1.42894,True
2464000,2018-05-13,1.76414,1.27106,True
2464000,2018-05-14,1.62255,1.13711,False
2464000,2018-05-15,1.49513,1.01152,False
2464000,2018-05-16,1.43283,0.899792,False
2464000,2018-05-17,1.84909,0.935845,False
2464000,2018-05-18,2.03031,0.928397,False
2464000,2018-05-19,1.92271,0.902766,False
2464000,2018-05-20,1.67352,0.830509,False
2464000,2018-05-21,1.47531,0.77526,False
2464000,2018-05-22,1.39885,0.69309,False
2464000,2018-05-23,1.67352,0.760052,False
2464000,2018-05-24,1.7698,0.75467,False
2464000,2018-05-27,1.82077,1.00582,False
2464000,2018-05-28,1.56875,0.974225,False
2464000,2018-06-05,3.56792,3.20775,True
2464000,2018-06-06,2.97326,2.85347,True
2464000,2018-06-07,2.50321,2.53831,True
2464000,2018-06-08,2.10394,2.25793,True
2464000,2018-06-09,1.81228,2.00851,True
2464000,2018-06-10,1.59424,1.78669,False
2464000,2018-06-11,1.4838,1.58935,False
2464000,2018-06-12,1.40734,1.41377,False
2464000,2018-06-14,1.97934,1.37714,False
2464000,2018-06-15,1.58574,1.27106,False
2464000,2018-06-16,1.3054,1.13711,False
2464000,2018-06-17,1.69901,1.0994,False
2464000,2018-06-19,1.80095,1.14127,False
2464000,2018-06-20,1.39885,1.06078,False
2464000,2018-07-06,2.0473,2.85347,False
2464000,2018-07-07,1.89723,2.53831,False
2464000,2018-07-14,2.09827,1.67622,False
2464000,2018-07-22,1.77263,1.94543,True
2464000,2018-07-23,1.44416,1.73056,True
2464000,2018-07-24,1.20063,1.54815,True
2464000,2018-07-25,1.03639,1.37714,True
2464000,2018-07-26,0.908969,1.22502,True
2464000,2018-07-27,0.770217,1.08976,True
2464000,2018-07-28,0.676772,0.969369,False
2464000,2018-07-29,0.614475,0.86662,False
2464000,2018-07-30,0.591821,0.770897,False
2464000,2018-07-31,0.733405,0.689635,False
2464000,2018-08-01,1.07321,0.670405,False
2464000,2018-08-02,0.838177,0.6157,False
2464000,2018-08-03,0.699425,0.554311,False
2464000,2018-08-04,0.580494,0.506539,False
2464000,2018-08-05,0.489881,0.452847,False
2464000,2018-08-06,0.467227,0.40283,False
2464000,2018-08-07,0.523861,0.377321,False
2464000,2018-08-08,0.518197,0.350237,False
2464000,2018-08-09,0.42192,0.313814,False
2464000,2018-08-10,0.382277,0.283553,False
2464000,2018-08-11,0.30299,0.253663,False
2464000,2018-08-12,0.30299,0.226777,False
2464000,2018-08-13,0.31998,0.214659,False
2464000,2018-08-14,0.267877,0.195191,False
2464000,2018-08-15,0.209544,0.175666,False
2464000,2018-08-16,0.184909,0.158831,False
2464000,2018-08-17,0.196802,0.147159,False
2464000,2018-08-18,0.230216,0.141765,False
2464000,2018-08-19,0.18859,0.130231,False
2464000,2018-08-20,0.216624,0.124109,False
2464000,2018-08-21,0.256267,0.123484,False
2464000,2018-08-22,0.229649,0.122847,False
2464000,2018-08-23,0.234463,0.112994,False
2464000,2018-08-24,0.188024,0.105411,False
2464000,2018-08-25,0.153477,0.0947714,True
2464000,2018-08-26,0.125727,0.0847813,False
2464000,2018-08-27,0.111285,0.075794,False
2464000,2018-08-28,0.101374,0.0674225,False
2464000,2018-08-29,0.135354,0.0681441,False
2464000,2018-08-30,0.351128,0.0961429,False
2464000,2018-08-31,0.342633,0.102079,False
2464000,2018-09-01,0.18859,0.0963275,False
2464000,2018-09-02,0.142717,0.0937679,False
2464000,2018-09-03,0.120346,0.0852054,False
2464000,2018-09-04,0.111002,0.0762234,False
2464000,2018-09-05,0.24579,0.0895255,False
2464000,2018-09-06,0.628633,0.144816,False
2464000,2018-09-07,0.42192,0.154583,False
2464000,2018-09-08,0.33697,0.148166,False
2464000,2018-09-09,0.484217,0.185486,False
2464000,2018-09-10,0.685267,0.212054,False
2464000,2018-09-11,0.914633,0.253466,False
2464000,2018-09-12,0.826851,0.293929,False
2464000,2018-09-13,0.529524,0.279149,False
2464000,2018-09-14,0.379445,0.273275,False
2464000,2018-09-15,0.288831,0.248322,True
2464000,2018-09-16,0.226534,0.222002,True
2464000,2018-09-17,0.187174,0.197483,True
2464000,2018-09-18,0.148663,0.176661,True
2464000,2018-09-19,0.130824,0.157934,True
2464000,2018-09-20,0.129408,0.140492,False
2464000,2018-09-21,0.120063,0.125683,False
2464000,2018-09-22,0.106471,0.111798,True
2464000,2018-09-23,0.0942949,0.0999497,False
2464000,2018-09-24,0.0883484,0.0889103,False
2464000,2018-09-25,0.0917464,0.0790897,False
2464000,2018-09-26,0.170184,0.0827251,False
2464000,2018-09-27,0.230216,0.0907772,False
2464000,2018-09-28,0.489881,0.130894,False
2464000,2018-09-29,0.577663,0.149931,False
2464000,2018-09-30,0.373782,0.15691,False
2464000,2018-10-01,0.277505,0.152975,False
2464000,2018-10-02,0.215491,0.150596,True
2464000,2018-10-03,0.185192,0.136076,True
2464000,2018-10-04,0.167635,0.12234,True
2464000,2018-10-05,0.142717,0.10883,True
2464000,2018-10-06,0.128275,0.0968096,True
2464000,2018-10-07,0.11355,0.0866047,True
2464000,2018-10-08,0.104772,0.0774248,False
2464000,2018-10-09,0.0920296,0.0688733,True
2464000,2018-10-10,0.0818356,0.0616128,True
2464000,2018-10-11,0.0866494,0.0548079,False
2464000,2018-10-12,0.0778712,0.0489983,False
2464000,2018-10-13,0.0693762,0.0435862,False
2464000,2018-10-14,0.0679603,0.0389919,False
2464000,2018-10-15,0.0696593,0.0346846,False
2464000,2018-10-16,0.0928791,0.0375949,False
2464000,2018-10-17,0.348297,0.0728756,False
2464000,2018-10-18,0.985425,0.171652,False
2464000,2018-10-19,0.685267,0.208397,False
2464000,2018-10-20,0.42192,0.203883,False
2464000,2018-10-21,0.297326,0.207228,False
2464000,2018-10-22,0.23418,0.189248,True
2464000,2018-10-23,0.199067,0.1693,False
2464000,2018-10-24,0.183493,0.150596,False
2464000,2018-10-25,0.176697,0.134641,False
2464000,2018-10-26,0.276655,0.13853,False
2464000,2018-10-27,0.365287,0.150127,False
2464000,2018-10-28,0.328475,0.153837,False
2464000,2018-10-29,0.334138,0.141991,False
2464000,2018-10-30,0.282035,0.135399,False
2464000,2018-10-31,0.23956,0.121731,False
2464000,2018-11-01,0.838177,0.206067,False
2464000,2018-11-02,1.03356,0.253229,False
2464000,2018-11-03,0.894811,0.299398,False
2464000,2018-11-04,0.72491,0.285156,False
2464000,2018-11-05,0.631465,0.283553,False
2464000,2018-11-06,1.08737,0.366036,False
2464000,2018-11-19,2.47772,2.14097,True
2464000,2018-11-20,2.12376,1.90451,True
2464000,2018-11-21,1.88307,1.69416,False
2464000,2018-11-22,1.64804,1.507,False
2464000,2018-11-23,1.53477,1.34815,False
2464000,2018-11-28,2.13792,1.25139,False
2464000,2018-11-29,1.98501,1.12505,False
2464000,2018-11-30,1.89723,1.00081,False
2467500,2018-01-01,5.06871,4.9156,False
2467500,2018-01-02,4.87049,4.62841,False
2467500,2018-01-03,4.58732,4.38316,False
2467500,2018-01-04,4.44574,4.15174,False
2467500,2018-01-05,4.50237,3.94641,False
2467500,2018-01-06,4.58732,3.73733,False
2467500,2018-01-07,4.44574,3.53999,False
2467500,2018-01-08,5.01207,3.64722,False
2467500,2018-01-09,6.37128,3.84427,False
2467500,2018-01-15,7.87207,5.31152,True
2467500,2018-01-16,6.96593,5.08553,True
2467500,2018-01-17,6.37128,4.83403,True
2467500,2018-01-18,6.00316,4.59497,False
2467500,2018-01-19,5.57841,4.36777,False
2467500,2018-01-20,5.46514,4.13634,False
2467500,2018-01-21,5.71999,3.91794,False
2467500,2018-01-22,5.88989,3.72419,False
2467500,2018-01-23,6.48455,3.97535,False
2467500,2018-01-27,7.13583,5.01238,False
2467500,2018-02-18,19.8501,8.38414,True
2467500,2018-02-19,18.3776,7.91198,True
2467500,2018-02-20,17.1317,7.46644,True
2467500,2018-02-21,15.7158,7.09716,True
2467500,2018-03-26,14.2717,10.4955,True
2467500,2018-05-01,16.8202,10.9619,True
2467500,2018-05-02,14.9513,10.3832,True
2467500,2018-05-03,13.5637,9.83299,True
2467500,2018-05-04,12.3744,9.27922,True
2467500,2018-05-05,11.5533,8.78941,True
2467500,2018-05-09,9.51444,7.04595,True
2467500,2018-05-10,8.74989,6.64913,True
2467500,2018-05-11,8.12692,6.32031,True
2467500,2018-05-12,7.61722,5.96435,True
2467500,2018-05-13,7.16415,5.64832,True
2467500,2018-05-14,6.79603,5.35012,False
2467500,2018-05-15,6.54118,5.06667,False
2467500,2018-05-16,6.34296,4.79913,False
2467500,2018-05-21,7.13583,5.96435,False
2467500,2018-05-22,6.51286,5.96435,False
2467500,2018-05-23,6.3996,5.79398,False
2467500,2018-05-24,6.28633,5.54751,False
2467500,2018-06-04,6.62613,7.52072,True
2467500,2018-06-05,6.08811,7.20075,True
2467500,2018-06-06,5.55009,6.86881,True
2467500,2018-06-07,5.15366,6.50613,True
2467500,2018-06-08,4.95544,6.18438,False
2467500,2018-06-09,4.61564,5.87853,False
2467500,2018-06-10,4.84217,5.54751,False
2467500,2018-06-11,5.91821,5.34844,False
2467500,2018-06-17,6.76772,7.25312,False
2467500,2018-06-18,5.74831,7.09716,True
2467500,2018-06-19,5.15366,6.81921,True
2467500,2018-06-20,4.78554,6.50613,False
2467500,2018-06-21,4.58732,6.18438,False
2467500,2018-06-22,4.50237,5.87853,False
2467500,2018-06-23,4.61564,5.56707,False
2467500,2018-06-24,4.92712,5.27315,False
2467500,2018-06-25,4.84217,5.01238,False
2467500,2018-06-26,4.44574,4.73009,False
2467500,2018-06-27,3.99267,4.49612,False
2467500,2018-06-28,3.79445,4.25793,False
2467500,2018-06-29,3.76613,4.03316,False
2467500,2018-06-30,3.73782,3.83368,False
2467500,2018-07-01,3.85108,3.63056,False
2467500,2018-07-02,3.5396,3.43889,False
2467500,2018-07-03,5.55009,3.63993,False
2467500,2018-07-04,5.86158,3.77043,False
2467500,2018-07-05,6.82435,4.05376,False
2467500,2018-07-06,5.12534,4.0474,False
2467500,2018-07-07,4.19089,4.09201,False
2467500,2018-07-08,4.98376,4.15012,False
2467500,2018-07-10,5.94653,4.49473,False
2467500,2018-07-11,4.92712,4.47946,False
2467500,2018-07-12,4.30415,4.46372,False
2467500,2018-07-13,4.19089,4.32008,False
2467500,2018-07-14,4.47405,4.13634,False
2467500,2018-07-15,4.30415,3.96036,False
2467500,2018-07-16,4.58732,3.88814,False
2467500,2018-07-17,5.49346,3.96221,False
2467500,2018-07-22,7.05088,6.18438,False
2467500,2018-07-23,5.83326,6.0728,True
2467500,2018-07-24,4.98376,5.85671,True
2467500,2018-07-25,4.3891,5.58785,True
2467500,2018-07-26,4.02099,5.31152,True
2467500,2018-07-27,3.68118,5.04884,True
2467500,2018-07-28,3.45465,4.79913,True
2467500,2018-07-29,3.25643,4.54485,False
2467500,2018-07-30,3.14316,4.30492,False
2467500,2018-07-31,3.1998,4.09201,False
2467500,2018-08-01,3.31307,3.87523,False
2467500,2018-08-02,3.65287,3.6706,False
2467500,2018-08-03,4.16257,3.5772,False
2467500,2018-08-04,4.78554,3.60509,False
2467500,2018-08-05,5.55009,3.74167,False
2467500,2018-08-06,4.64396,3.76331,False
2467500,2018-08-07,3.76613,3.73733,False
2467500,2018-08-08,3.31307,3.69728,False
2467500,2018-08-09,3.31307,3.57836,False
2467500,2018-08-10,3.3697,3.4261,False
2467500,2018-08-11,3.17148,3.25666,False
2467500,2018-08-12,3.42633,3.10654,False
2467500,2018-08-13,3.31307,2.97436,False
2467500,2018-08-14,3.08653,2.82784,False
2467500,2018-08-15,3.0299,2.68796,False
2467500,2018-08-16,3.11485,2.55503,False
2467500,2018-08-17,2.88831,2.4287,False
2467500,2018-08-18,2.79204,2.30856,False
2467500,2018-08-19,3.51128,2.42587,False
2467500,2018-08-20,4.19089,2.56209,False
2467500,2018-08-21,3.99267,2.69878,False
2467500,2018-08-22,4.61564,2.98003,False
2467500,2018-08-23,3.8794,2.99659,False
2467500,2018-08-24,3.14316,3.0511,False
2467500,2018-08-25,2.80336,2.98542,True
2467500,2018-08-26,2.63346,2.87922,False
2467500,2018-08-27,2.58816,2.75677,False
2467500,2018-08-28,2.63063,2.62043,False
2467500,2018-08-29,2.60515,2.4908,False
2467500,2018-08-30,2.69859,2.36765,False
2467500,2018-08-31,2.66178,2.25058,False
2467500,2018-09-01,2.76655,2.13177,False
2467500,2018-09-02,2.97326,2.02633,False
2467500,2018-09-03,2.94495,1.9261,False
2467500,2018-09-04,3.17148,2.06412,False
2467500,2018-09-09,5.71999,5.66939,False
2467500,2018-09-10,4.61564,5.83611,False
2467500,2018-09-11,4.89881,5.7522,False
2467500,2018-09-12,4.30415,5.54751,False
2467500,2018-09-13,5.60673,5.31152,False
2467500,2018-09-14,6.2297,5.23304,False
2467500,2018-09-15,4.64396,4.95775,False
2467500,2018-09-16,4.02099,4.79913,False
2467500,2018-09-17,3.31307,4.57789,True
2467500,2018-09-18,2.88831,4.36777,True
2467500,2018-09-19,2.56833,4.13634,True
2467500,2018-09-20,2.35313,3.93177,True
2467500,2018-09-21,2.19172,3.72419,True
2467500,2018-09-22,2.19455,3.53999,False
2467500,2018-09-23,2.06146,3.35243,False
2467500,2018-09-24,1.98784,3.18663,False
2467500,2018-09-25,2.12376,3.01834,False
2467500,2018-09-26,2.32481,2.85845,False
2467500,2018-09-27,4.44574,3.02674,False
2467500,2018-09-29,6.2297,3.71464,False
2467500,2018-09-30,4.50237,3.77853,False
2467500,2018-10-01,3.65287,3.84722,False
2467500,2018-10-02,3.22812,3.77853,True
2467500,2018-10-03,2.94495,3.6441,True
2467500,2018-10-04,2.80619,3.48906,True
2467500,2018-10-05,2.61081,3.31649,True
2467500,2018-10-06,2.49471,3.15249,True
2467500,2018-10-07,2.35313,2.99659,True
2467500,2018-10-08,2.25968,2.83779,True
2467500,2018-10-09,2.20871,2.69745,False
2467500,2018-10-10,2.1634,2.55503,False
2467500,2018-10-11,2.19455,2.4287,False
2467500,2018-10-12,2.20871,2.3,False
2467500,2018-10-13,2.14925,2.18623,False
2467500,2018-10-14,2.03598,2.07812,False
2467500,2018-10-15,1.95952,1.9684,False
2467500,2018-10-16,1.90855,1.87112,False
2467500,2018-10-17,1.97368,1.77193,False
2467500,2018-10-18,1.9935,1.68432,False
2467500,2018-10-19,2.20588,1.60104,False
2467500,2018-10-20,2.32198,1.52182,False
2467500,2018-10-21,2.19455,1.44149,False
2467500,2018-10-22,2.08695,1.37025,False
2467500,2018-10-23,2.12093,1.29763,False
2467500,2018-10-24,2.07279,1.23345,False
2467500,2018-10-25,2.14358,1.17245,False
2467500,2018-10-26,2.56267,1.37454,False
2467500,2018-10-27,3.45465,1.61406,False
2467500,2018-10-28,4.2192,1.95365,False
2467500,2018-10-29,3.51128,2.20475,False
2467500,2018-10-30,3.00158,2.31672,False
2467500,2018-10-31,2.61647,2.4022,False
2467500,2018-11-01,2.86,2.42778,False
2467500,2018-11-02,2.76089,2.35058,False
2467500,2018-11-03,4.19089,2.56534,False
2467500,2018-11-04,4.75722,2.76719,False
2467500,2018-11-05,4.13425,2.911,False
2467500,2018-11-06,3.68118,2.95347,False
2467500,2018-11-07,5.01207,3.28704,False
2467500,2018-11-20,6.76772,8.26348,True
2467500,2018-11-21,6.17306,7.85486,False
2467500,2018-11-22,5.80494,7.43872,False
2467500,2018-11-23,5.49346,7.04595,False
2467500,2018-11-24,6.59781,6.67263,False
2467500,2018-11-29,6.65445,6.72112,False
2467500,2018-11-30,6.14475,6.48194,False
2467500,2018-12-07,7.22078,7.35897,False
2469800,2018-01-07,2.39277,2.33351,False
2469800,2018-01-16,3.08653,2.14734,True
2469800,2018-03-25,4.559,3.17402,True
2469800,2018-04-30,4.81386,3.93999,True
2469800,2018-05-01,4.3891,3.65596,True
2469800,2018-05-02,4.0493,3.37772,True
2469800,2018-05-09,2.42675,2.0599,True
2469800,2018-05-10,2.2257,1.9114,True
2469800,2018-05-11,2.05297,1.77355,True
2469800,2018-05-12,1.8774,1.6386,True
2469800,2018-05-13,1.74148,1.51441,True
2469800,2018-05-14,1.63105,1.40527,False
2469800,2018-05-15,1.52911,1.30394,False
2469800,2018-05-16,1.4923,1.20469,False
2469800,2018-05-17,1.55176,1.11782,False
2469800,2018-05-18,1.94253,1.11303,False
2469800,2018-05-19,1.89439,1.07157,False
2469800,2018-05-20,2.11526,1.05398,False
2469800,2018-05-21,2.32481,1.04966,False
2469800,2018-05-22,1.99633,1.05412,False
2469800,2018-05-23,1.58857,0.999311,False
2469800,2018-05-24,1.51212,0.958623,False
2469800,2018-05-26,1.90006,1.02815,False
2469800,2018-06-06,2.08695,1.99253,True
2469800,2018-06-07,1.78113,1.84091,False
2469800,2018-06-08,1.50362,1.70139,False
2469800,2018-06-09,1.56592,1.5787,False
2469800,2018-06-10,2.01899,1.50064,False
2469800,2018-06-23,2.49188,3.00654,True
2469800,2018-06-24,2.13792,2.77865,False
2469800,2018-06-25,1.88024,2.57836,False
2469800,2018-06-26,1.68768,2.37263,False
2469800,2018-06-27,1.91705,2.20156,False
2469800,2018-06-28,1.88024,2.03403,False
2469800,2018-06-29,1.76697,1.87986,False
2469800,2018-06-30,1.78962,1.74433,False
2469800,2018-07-01,1.43849,1.61157,False
2469800,2018-07-02,1.41018,1.48941,False
2469800,2018-07-03,1.70184,1.40446,False
2469800,2018-07-04,1.62538,1.31406,False
2469800,2018-07-05,1.40734,1.22002,False
2469800,2018-07-06,1.1978,1.13656,False
2469800,2018-07-07,1.11851,1.05043,False
2469800,2018-07-08,1.80378,1.04561,False
2469800,2018-07-09,2.1181,1.05043,False
2469800,2018-07-10,1.98501,1.03236,False
2469800,2018-07-11,2.40693,1.03674,False
2469800,2018-07-12,1.40734,0.982836,False
2469800,2018-07-13,1.16099,0.942813,False
2469800,2018-07-21,1.94253,1.63206,False
2469800,2018-07-22,1.55742,1.5787,False
2469800,2018-07-23,1.72449,1.48258,False
2469800,2018-07-24,1.63388,1.3816,False
2469800,2018-07-25,1.16382,1.2875,False
2469800,2018-07-26,0.996751,1.19991,False
2469800,2018-07-27,0.897643,1.10858,True
2469800,2018-07-28,0.815524,1.02865,True
2469800,2018-07-29,0.756059,0.950683,False
2469800,2018-07-30,0.72491,0.882141,False
2469800,2018-07-31,0.747564,0.818542,False
2469800,2018-08-01,2.26818,0.891493,False
2469800,2018-08-02,1.92837,0.870642,False
2469800,2018-08-03,1.20063,0.821811,False
2469800,2018-08-04,1.22045,0.785208,False
2469800,2018-08-05,0.979761,0.728594,True
2469800,2018-08-06,0.917464,0.676065,True
2469800,2018-08-07,0.812692,0.627326,True
2469800,2018-08-08,0.801365,0.582095,False
2469800,2018-08-09,0.756059,0.540127,False
2469800,2018-08-10,0.730573,0.499022,False
2469800,2018-08-11,0.79287,0.488484,False
2469800,2018-08-12,1.15816,0.504097,False
2469800,2018-08-13,0.826851,0.490451,False
2469800,2018-08-14,0.739068,0.465052,False
2469800,2018-08-15,0.642791,0.442419,False
2469800,2018-08-16,0.586158,0.412164,False
2469800,2018-08-17,0.65695,0.403455,False
2469800,2018-08-18,1.22329,0.441348,False
2469800,2018-08-24,2.35029,2.07714,False
2469800,2018-08-25,1.81794,1.92731,False
2469800,2018-08-26,1.50079,1.78843,False
2469800,2018-08-27,1.28275,1.65943,False
2469800,2018-08-28,1.14683,1.53316,False
2469800,2018-08-29,1.04489,1.41696,False
2469800,2018-08-30,1.17798,1.31481,False
2469800,2018-08-31,1.37903,1.22454,False
2469800,2018-09-01,1.29974,1.14113,False
2469800,2018-09-02,1.5376,1.09411,False
2469800,2018-09-03,1.43,1.02815,False
2469800,2018-09-04,1.18081,0.958623,False
2469800,2018-09-20,2.48338,3.47807,True
2469800,2018-09-21,2.19172,3.22726,True
2469800,2018-09-22,1.97651,2.96979,False
2469800,2018-09-23,1.78396,2.75567,False
2469800,2018-09-24,1.8236,2.54601,False
2469800,2018-10-12,2.23986,1.72986,False
2469800,2018-10-13,2.00766,1.59821,False
2469800,2018-10-14,1.90006,1.47708,False
2469800,2018-10-15,1.86041,1.3706,False
2469800,2018-10-18,2.26251,1.28241,False
2469800,2018-10-19,1.93121,1.21476,False
2469800,2018-10-20,1.80661,1.12717,False
2469800,2018-10-21,1.78679,1.0459,False
2469800,2018-10-22,1.62822,0.970492,False
2469800,2018-10-23,1.55176,0.896933,False
2469800,2018-10-24,1.57725,0.832263,False
2469800,2018-10-25,1.64521,0.772263,False
2469800,2018-10-26,2.27667,0.85298,False
2469800,2018-10-27,2.20871,0.860741,False
2469800,2018-10-28,1.78396,0.811759,False
2469800,2018-10-29,1.57725,0.778709,False
2469800,2018-10-30,1.46681,0.725451,False
2469800,2018-10-31,1.39885,0.673148,False
2469800,2018-11-04,1.91422,1.02013,False
2469800,2018-11-05,1.88307,0.999311,False
2469800,2018-11-06,1.99917,1.02091,False
2469800,2018-11-07,2.0558,1.00282,False
2469800,2018-11-19,3.59623,1.82569,True
2470072,2018-01-04,0.122612,0.110269,False
2470072,2018-01-05,0.112418,0.0984809,False
2470072,2018-01-06,0.104206,0.0874659,False
2470072,2018-01-07,0.099392,0.0781736,False
2470072,2018-01-15,0.134222,0.0767674,True
2470072,2018-01-17,0.122612,0.060555,False
2470072,2018-01-18,0.122045,0.0544242,False
2470072,2018-01-21,0.113267,0.0383698,False
2470072,2018-03-24,0.26816,0.230052,True
2470072,2018-05-02,0.241259,0.143941,True
2470072,2018-05-03,0.209261,0.127841,True
2470072,2018-05-04,0.190289,0.11426,True
2470072,2018-05-07,0.142717,0.0810058,True
2470072,2018-05-08,0.119214,0.0723466,True
2470072,2018-05-09,0.0999583,0.0642552,True
2470072,2018-05-10,0.0897643,0.0574288,False
2470072,2018-05-11,0.0739068,0.0512899,True
2470072,2018-05-12,0.0628633,0.0455532,True
2470072,2018-05-13,0.0540851,0.0407135,False
2470072,2018-05-14,0.0492712,0.0363623,False
2470072,2018-05-15,0.042192,0.0322951,False
2470072,2018-05-16,0.105905,0.0337378,False
2470072,2018-05-17,0.0985425,0.03389,False
2470072,2018-05-19,0.122329,0.0382332,False
2470072,2018-05-20,0.0710752,0.033864,False
2470072,2018-05-21,0.0874989,0.0336522,False
2470072,2018-05-22,0.0546514,0.0312969,False
2470072,2018-05-23,0.0498376,0.02768,False
2470072,2018-05-24,0.113267,0.0302795,False
2470072,2018-05-28,0.10817,0.041897,False
2470072,2018-06-01,0.121762,0.0767674,False
2470072,2018-06-05,0.108453,0.0858466,False
2470072,2018-06-06,0.0744732,0.0767674,False
2470072,2018-06-07,0.0489881,0.0681811,False
2470072,2018-06-08,0.035396,0.060555,False
2470072,2018-06-09,0.0472891,0.0541221,False
2470072,2018-06-10,0.0702257,0.0494416,False
2470072,2018-06-11,0.0373782,0.0439606,False
2470072,2018-06-19,0.114683,0.142245,False
2470072,2018-06-20,0.0767385,0.127135,False
2470072,2018-06-21,0.0571999,0.113543,True
2470072,2018-06-22,0.0504039,0.100845,False
2470072,2018-06-23,0.0424752,0.0901319,False
2470072,2018-06-24,0.0246356,0.0804971,False
2470072,2018-06-25,0.0161406,0.0714936,False
2470072,2018-06-26,0.00991088,0.0638987,False
2470072,2018-06-27,0.0489881,0.0570683,False
2470072,2018-06-28,0.0135921,0.0506852,False
2470072,2018-06-29,0.0167069,0.0455532,False
2470072,2018-06-30,0.0294495,0.0404583,False
2470072,2018-07-01,0.0328475,0.0359329,False
2470072,2018-07-02,0.0218039,0.0322951,False
2470072,2018-07-03,0.0521029,0.0300255,False
2470072,2018-07-04,0.0413425,0.0274803,False
2470072,2018-07-05,0.0311485,0.0245839,False
2470072,2018-07-06,0.0172732,0.0218339,False
2470072,2018-07-07,0.122329,0.0259485,False
2470072,2018-07-09,0.111851,0.0372975,False
2470072,2018-07-10,0.104206,0.03307,False
2470072,2018-07-12,0.0368118,0.0320932,False
2470072,2018-07-13,0.0198218,0.0285237,False
2470072,2018-07-14,0.0181228,0.0254745,False
2470072,2018-07-15,0.0886316,0.0266424,False
2470072,2018-07-16,0.115816,0.029467,False
2470072,2018-07-17,0.0756059,0.0288437,False
2470072,2018-07-21,0.0747564,0.100845,False
2470072,2018-07-22,0.109869,0.0911429,False
2470072,2018-07-23,0.0676772,0.0810058,False
2470072,2018-07-24,0.0291663,0.0723466,False
2470072,2018-07-25,0.0169901,0.0642552,True
2470072,2018-07-26,0.00764554,0.0574288,False
2470072,2018-07-27,0.00396435,0.0512899,False
2470072,2018-07-28,0.00226534,0.0455532,False
2470072,2018-07-29,0.00453069,0.0407135,False
2470072,2018-08-02,0.114117,0.0573079,False
2470072,2018-08-03,0.0379445,0.0506852,True
2470072,2018-08-04,0.0158574,0.0453003,False
2470072,2018-08-05,0.00962771,0.0404583,False
2470072,2018-08-06,0.00481386,0.0359329,False
2470072,2018-08-07,0.0880652,0.0356887,False
2470072,2018-08-08,0.0815524,0.0344265,False
2470072,2018-08-09,0.0155742,0.0306273,False
2470072,2018-08-12,0.0894811,0.0620087,False
2470072,2018-08-13,0.0317148,0.0550735,False
2470072,2018-08-14,0.0167069,0.0492228,False
2470072,2018-08-15,0.00906138,0.0439606,False
2470072,2018-08-16,0.110436,0.0434149,False
2470072,2018-09-18,0.095994,0.128652,True
2470072,2018-09-19,0.063996,0.114898,True
2470072,2018-09-20,0.0416257,0.102049,True
2470072,2018-09-21,0.0322812,0.0912072,False
2470072,2018-09-22,0.0203881,0.0814572,False
2470072,2018-09-23,0.031998,0.0723466,False
2470072,2018-09-24,0.0399267,0.0646615,False
2470072,2018-09-25,0.0821187,0.0590689,False
2470072,2018-09-29,0.117798,0.0654329,False
2470072,2018-10-05,0.102507,0.165046,False
2470072,2018-10-06,0.079287,0.147402,False
2470072,2018-10-07,0.0566336,0.130914,False
2470072,2018-10-08,0.0470059,0.117006,False
2470072,2018-10-10,0.106471,0.0955718,False
2470072,2018-10-11,0.105055,0.0854155,False
2470072,2018-10-12,0.0693762,0.0758617,False
2470072,2018-10-13,0.043891,0.0678027,False
2470072,2018-10-14,0.0356792,0.060555,False
2470072,2018-10-15,0.0300158,0.0537818,False
2470072,2018-10-17,0.114683,0.0527494,False
2470072,2018-10-18,0.0841009,0.0469416,False
2470072,2018-10-19,0.0569168,0.0419236,False
2470072,2018-10-20,0.0487049,0.0372344,False
2470072,2018-10-21,0.0557841,0.0346256,False
2470072,2018-10-22,0.0436079,0.0313229,False
2470072,2018-10-23,0.0356792,0.0280098,False
2470072,2018-10-24,0.033697,0.0248773,False
2470072,2018-10-25,0.0472891,0.0238241,False
2470072,2018-10-27,0.0971266,0.0299977,False
2470072,2018-10-28,0.0481386,0.026397,False
2470072,2018-10-29,0.0396435,0.0235926,False
2470072,2018-10-30,0.0235029,0.0210712,False
2470072,2018-10-31,0.0189723,0.0187141,False
2470072,2018-11-03,0.0807029,0.0336765,False
2470072,2018-11-04,0.040493,0.0300764,False
2470072,2018-11-05,0.0860831,0.0304589,False
2470072,2018-11-06,0.100525,0.0316238,False
2470072,2018-11-11,0.121762,0.0519022,False
2470072,2018-11-18,0.204164,0.148333,True
2470072,2018-11-19,0.177263,0.132477,True
2472000,2018-01-05,8.04197,9.74028,False
2472000,2018-01-06,7.7588,9.49537,False
2472000,2018-01-07,7.53227,9.22251,False
2472000,2018-01-17,11.0152,9.12182,True
2472000,2018-01-18,9.88256,8.95752,True
2472000,2018-02-18,23.5313,7.77025,True
2472000,2018-02-19,21.2942,7.57488,True
2472000,2018-02-20,19.6802,7.38374,True
2472000,2018-05-01,17.1033,9.02297,True
2472000,2018-05-02,15.0362,8.82789,True
2472000,2018-05-03,13.5637,8.57419,True
2472000,2018-05-04,12.3461,8.35781,True
2472000,2018-05-05,11.355,8.14769,True
2472000,2018-05-08,10.4206,7.51991,True
2472000,2018-05-09,9.71266,7.33015,True
2472000,2018-05-10,9.08969,7.14583,True
2472000,2018-05-11,8.60831,6.96551,True
2472000,2018-05-12,8.0986,6.79034,True
2472000,2018-05-13,7.67385,6.5952,True
2472000,2018-05-14,7.30573,6.42876,False
2472000,2018-05-15,6.99425,6.26713,False
2472000,2018-05-16,6.9093,6.10903,False
2472000,2018-05-21,8.04197,5.89034,False
2472000,2018-06-02,7.5889,6.10903,False
2472000,2018-06-03,6.76772,6.02054,True
2472000,2018-06-04,6.20138,5.89034,True
2472000,2018-06-05,5.94653,5.76291,True
2472000,2018-06-06,5.80494,5.618,False
2472000,2018-06-07,5.55009,5.47627,False
2472000,2018-06-08,5.21029,5.3386,False
2472000,2018-06-09,4.98376,5.22309,False
2472000,2018-06-10,5.86158,5.10972,False
2472000,2018-06-11,6.85267,5.05405,False
2472000,2018-06-17,7.27742,5.20388,False
2472000,2018-06-18,6.65445,5.11013,True
2472000,2018-06-19,5.83326,4.99959,False
2472000,2018-06-20,5.46514,4.89144,False
2472000,2018-06-21,5.77663,4.8026,False
2472000,2018-06-22,7.02257,4.78524,False
2472000,2018-06-23,5.94653,4.7331,False
2472000,2018-06-24,5.32356,4.64809,False
2472000,2018-06-25,4.70059,4.58084,False
2472000,2018-06-26,4.41742,4.48177,False
2472000,2018-06-27,4.19089,4.36869,False
2472000,2018-06-28,4.0493,4.27419,False
2472000,2018-06-29,5.63504,4.24288,False
2472000,2018-07-06,6.79603,4.82066,False
2472000,2018-07-07,5.94653,4.768,False
2472000,2018-07-08,6.14475,4.69896,False
2472000,2018-07-09,6.62613,4.68171,False
2472000,2018-07-10,5.74831,4.59711,False
2472000,2018-07-11,5.69168,4.53079,False
2472000,2018-07-12,5.38019,4.44925,False
2472000,2018-07-13,4.87049,4.35295,False
2472000,2018-07-14,4.16257,4.24311,False
2472000,2018-07-15,4.30415,4.15133,False
2472000,2018-07-16,6.17306,4.15133,False
2472000,2018-07-17,8.26851,4.21343,False
2472000,2018-07-18,5.94653,4.1662,False
2472000,2018-07-23,6.96593,4.96331,False
2472000,2018-07-24,5.66336,4.90909,True
2472000,2018-07-25,4.89881,4.80289,True
2472000,2018-07-26,4.41742,4.69896,False
2472000,2018-07-27,4.07762,4.58084,False
2472000,2018-07-28,3.8794,4.48177,False
2472000,2018-07-29,4.27584,4.36869,False
2472000,2018-07-30,4.13425,4.25885,False
2472000,2018-07-31,5.88989,4.22755,False
2472000,2018-08-02,7.73049,4.43281,False
2472000,2018-08-03,5.57841,4.38484,False
2472000,2018-08-04,4.70059,4.35295,False
2472000,2018-08-05,4.30415,4.27419,True
2472000,2018-08-06,4.13425,4.18171,True
2472000,2018-08-07,3.96435,4.09126,False
2472000,2018-08-08,3.90772,4.00278,False
2472000,2018-08-09,3.68118,3.90214,False
2472000,2018-08-10,4.27584,3.81742,False
2472000,2018-08-11,4.67227,3.76204,False
2472000,2018-08-12,4.3891,3.7077,False
2472000,2018-08-13,4.07762,3.62778,False
2472000,2018-08-14,4.50237,3.60104,False
2472000,2018-08-15,4.50237,3.54896,False
2472000,2018-08-16,4.3891,3.48507,False
2472000,2018-08-17,7.22078,3.57645,False
2472000,2018-08-24,6.88098,4.71632,False
2472000,2018-08-25,5.49346,4.66487,True
2472000,2018-08-26,4.75722,4.58084,True
2472000,2018-08-27,4.33247,4.48177,True
2472000,2018-08-28,4.10594,4.36869,False
2472000,2018-08-29,3.85108,4.25885,False
2472000,2018-08-30,4.02099,4.16667,False
2472000,2018-08-31,4.36079,4.06152,False
2472000,2018-09-01,4.41742,3.97367,False
2472000,2018-09-02,4.30415,3.88773,False
2472000,2018-09-03,4.36079,3.78999,False
2472000,2018-09-04,4.67227,3.74838,False
2472000,2018-09-16,9.11801,5.59734,True
2472000,2018-09-17,7.30573,5.47627,True
2472000,2018-09-18,6.20138,5.35781,True
2472000,2018-09-19,5.55009,5.22309,True
2472000,2018-09-20,5.04039,5.09132,True
2472000,2018-09-21,4.67227,4.98119,False
2472000,2018-09-22,4.41742,4.8559,False
2472000,2018-09-23,4.30415,4.73333,False
2472000,2018-09-24,4.41742,4.61435,False
2472000,2018-09-25,4.87049,4.49792,False
2472000,2018-09-26,5.15366,4.41655,False
2472000,2018-09-27,6.17306,4.40041,False
2472000,2018-09-28,8.15524,4.43333,False
2472000,2018-10-01,7.13583,4.61435,False
2472000,2018-10-02,6.14475,4.59734,False
2472000,2018-10-03,5.35188,4.51453,True
2472000,2018-10-04,4.81386,4.43281,True
2472000,2018-10-05,4.47405,4.32135,True
2472000,2018-10-06,4.2192,4.21227,True
2472000,2018-10-07,4.0493,4.12118,True
2472000,2018-10-08,3.90772,4.01759,True
2472000,2018-10-09,3.85108,3.9162,False
2472000,2018-10-10,3.76613,3.83148,False
2472000,2018-10-11,3.68118,3.73513,True
2472000,2018-10-12,3.56792,3.64086,True
2472000,2018-10-13,3.48297,3.54931,False
2472000,2018-10-14,3.42633,3.45978,False
2472000,2018-10-15,3.39802,3.38495,False
2472000,2018-10-16,3.59623,3.31169,False
2472000,2018-10-17,3.65287,3.22818,False
2472000,2018-10-18,3.65287,3.15862,False
2472000,2018-10-19,3.65287,3.09028,False
2472000,2018-10-20,3.56792,3.01233,False
2472000,2018-10-21,3.48297,2.94716,False
2472000,2018-10-22,3.42633,2.87303,False
2472000,2018-10-23,3.39802,2.80052,False
2472000,2018-10-24,3.3697,2.73999,False
2472000,2018-10-25,5.09702,2.79138,False
2472000,2018-10-28,7.10752,3.11291,False
2472000,2018-10-29,5.55009,3.13565,False
2472000,2018-10-30,4.78554,3.09028,False
2472000,2018-10-31,4.33247,3.03432,False
2472000,2018-11-01,8.26851,3.17454,False
2472000,2018-11-03,7.81544,3.38582,False
2472000,2018-11-04,6.48455,3.39745,False
2472000,2018-11-05,6.51286,3.39745,False
2472000,2018-11-06,6.62613,3.36036,False
2472000,2018-11-07,8.26851,3.50214,False
2472850,2018-01-16,7.02257,5.0941,True
2472850,2018-01-17,6.68276,5.01209,True
2472850,2018-02-17,10.7604,5.31395,True
2472850,2018-02-18,9.7693,5.21134,True
2472850,2018-02-19,9.31623,5.11076,True
2472850,2018-03-25,8.18356,5.01209,True
2472850,2018-05-01,7.44732,5.11076,True
2472850,2018-05-02,7.16415,5.04479,True
2472850,2018-05-03,6.93762,4.9474,True
2472850,2018-05-10,5.74831,4.35839,True
2472850,2018-05-11,5.57841,4.28831,True
2472850,2018-05-15,5.15366,4.03142,False
2472850,2018-06-19,5.18197,4.13756,False
2472850,2018-06-25,4.89881,4.03142,True
2472850,2018-06-26,4.64396,3.97934,False
2472850,2018-06-27,4.50237,3.92795,False
2472850,2018-06-28,4.3891,3.87726,False
2472850,2018-07-05,6.59781,4.09734,True
2472850,2018-07-06,5.63504,4.09734,True
2472850,2018-07-07,4.81386,4.08414,True
2472850,2018-07-08,5.04039,4.03142,False
2472850,2018-07-09,4.559,3.97934,False
2472850,2018-07-10,4.84217,3.94068,False
2472850,2018-07-11,4.64396,3.90255,False
2472850,2018-07-12,4.58732,3.85214,False
2472850,2018-07-13,3.93604,3.80237,False
2472850,2018-07-14,3.65287,3.77778,False
2472850,2018-07-15,3.48297,3.72899,False
2472850,2018-07-16,4.33247,3.68084,False
2472850,2018-07-22,4.2192,3.70486,False
2472850,2018-07-23,3.76613,3.68084,True
2472850,2018-07-24,3.5396,3.64508,True
2472850,2018-07-25,3.39802,3.60978,True
2472850,2018-07-26,3.31307,3.56319,True
2472850,2018-07-27,3.22812,3.51719,False
2472850,2018-07-28,3.14316,3.47176,False
2472850,2018-07-29,3.11485,3.42691,False
2472850,2018-07-30,3.68118,3.38264,False
2472850,2018-07-31,4.87049,3.37159,False
2472850,2018-08-03,4.30415,3.43802,False
2472850,2018-08-04,3.90772,3.42691,False
2472850,2018-08-05,3.62455,3.40469,True
2472850,2018-08-06,3.51128,3.38264,True
2472850,2018-08-07,3.45465,3.33895,False
2472850,2018-08-08,3.3697,3.30648,False
2472850,2018-08-09,3.22812,3.27448,False
2472850,2018-08-10,3.22812,3.23223,False
2472850,2018-08-11,5.09702,3.2217,False
2472850,2018-08-12,4.89881,3.20081,False
2472850,2018-08-13,3.90772,3.19045,False
2472850,2018-08-14,4.64396,3.19039,False
2472850,2018-08-15,3.5396,3.16979,False
2472850,2018-08-16,3.45465,3.14925,False
2472850,2018-08-17,4.84217,3.14919,False
2472850,2018-08-23,5.04039,3.48299,False
2472850,2018-08-24,4.3891,3.47176,False
2472850,2018-08-25,4.07762,3.44925,False
2472850,2018-08-26,3.93604,3.40469,False
2472850,2018-08-27,3.8794,3.38264,False
2472850,2018-08-28,3.93604,3.33895,False
2472850,2018-08-29,3.79445,3.29583,False
2472850,2018-08-30,3.73782,3.2533,False
2472850,2018-08-31,3.76613,3.21128,False
2472850,2018-09-01,3.79445,3.18003,False
2472850,2018-09-02,4.10594,3.15943,False
2472850,2018-09-03,3.8794,3.12882,False
2472850,2018-09-04,3.93604,3.10862,False
2472850,2018-09-05,4.30415,3.08843,False
2472850,2018-09-06,4.98376,3.0985,False
2472850,2018-09-08,4.53069,3.10856,False
2472850,2018-09-09,3.99267,3.0985,False
2472850,2018-09-15,4.72891,3.34977,False
2472850,2018-09-16,4.30415,3.36071,True
2472850,2018-09-17,4.02099,3.34977,True
2472850,2018-09-18,3.82277,3.3173,True
2472850,2018-09-19,3.68118,3.28507,False
2472850,2018-09-20,3.56792,3.2533,False
2472850,2018-09-21,3.5396,3.21128,False
2472850,2018-09-22,3.7095,3.18003,False
2472850,2018-09-23,3.59623,3.14925,False
2472850,2018-09-24,4.10594,3.11869,False
2472850,2018-09-30,5.12534,3.2217,False
2472850,2018-10-01,4.61564,3.20081,True
2472850,2018-10-02,4.19089,3.18003,True
2472850,2018-10-03,3.99267,3.14925,True
2472850,2018-10-04,3.82277,3.10862,True
2472850,2018-10-05,3.68118,3.07841,True
2472850,2018-10-06,3.56792,3.04855,True
2472850,2018-10-07,3.51128,3.0092,True
2472850,2018-10-08,3.45465,2.97998,True
2472850,2018-10-09,3.39802,2.9511,True
2472850,2018-10-10,3.39802,2.91302,False
2472850,2018-10-11,3.3697,2.87541,False
2472850,2018-10-12,3.34138,2.84745,True
2472850,2018-10-13,3.22812,2.81985,False
2472850,2018-10-14,3.22812,2.78345,False
2472850,2018-10-15,3.1998,2.75642,False
2472850,2018-10-16,3.3697,2.72969,False
2472850,2018-10-17,3.5396,2.70318,False
2472850,2018-10-18,3.62455,2.67703,False
2472850,2018-10-19,3.48297,2.64242,False
2472850,2018-10-20,3.42633,2.61672,False
2472850,2018-10-21,3.34138,2.59138,False
2472850,2018-10-22,3.22812,2.5662,False
2472850,2018-10-23,3.22812,2.54138,False
2472850,2018-10-24,3.28475,2.50856,False
2472850,2018-10-28,5.18197,2.68571,False
2472850,2018-10-29,4.19089,2.70318,False
2472850,2018-10-30,3.90772,2.71204,False
2472850,2018-10-31,3.76613,2.69444,False
2472850,2018-11-04,5.12534,2.90353,False
2472850,2018-11-21,5.18197,3.5864,False
2472850,2018-11-22,5.01207,3.54005,False
2472850,2018-11-23,4.92712,3.49433,False
2479155,2018-02-17,2.52303,1.46429,True
2479155,2018-03-24,1.67919,1.26019,True
2479155,2018-04-30,1.26859,1.0446,True
2479155,2018-05-01,1.18647,0.994757,True
2479155,2018-05-10,0.934454,0.665856,True
2479155,2018-05-11,0.906138,0.631777,True
2479155,2018-05-12,0.880652,0.594959,True
2479155,2018-05-13,0.860831,0.564514,True
2479155,2018-05-14,0.843841,0.533559,False
2479155,2018-05-15,0.826851,0.50441,False
2479155,2018-05-16,0.821187,0.476748,False
2479155,2018-05-21,0.863662,0.4507,False
2479155,2018-06-02,0.843841,0.782373,False
2479155,2018-06-03,0.80986,0.73963,False
2479155,2018-06-04,0.781544,0.699074,False
2479155,2018-06-08,0.821187,0.619971,False
2479155,2018-06-09,0.787207,0.594959,False
2479155,2018-06-10,0.798534,0.564514,False
2479155,2018-06-26,0.815524,0.76217,False
2479155,2018-06-27,0.824019,0.72316,False
2479155,2018-06-28,0.829682,0.683507,False
2479155,2018-06-29,0.77588,0.646163,False
2479155,2018-06-30,0.818356,0.622101,False
2479155,2018-07-14,0.812692,0.734103,False
2479155,2018-07-15,0.753227,0.696528,False
2479155,2018-07-16,0.75889,0.658333,False
2479155,2018-07-24,0.815524,0.869051,False
2479155,2018-07-25,0.713583,0.821574,True
2479155,2018-07-26,0.620138,0.776528,False
2479155,2018-07-27,0.569168,0.734103,False
2479155,2018-07-28,0.540851,0.693848,False
2479155,2018-07-29,0.676772,0.655937,False
2479155,2018-07-30,0.727742,0.624531,False
2479155,2018-08-05,0.747564,0.76217,False
2479155,2018-08-06,0.625801,0.72316,False
2479155,2018-08-07,0.557841,0.686152,True
2479155,2018-08-08,0.586158,0.648524,False
2479155,2018-08-09,0.529524,0.613096,False
2479155,2018-08-10,0.475722,0.579479,False
2479155,2018-08-11,0.574831,0.547818,False
2479155,2018-08-12,0.538019,0.517778,False
2479155,2018-08-13,0.478554,0.489491,False
2479155,2018-08-14,0.487049,0.464439,False
2479155,2018-08-15,0.447405,0.43897,False
2479155,2018-08-16,0.433247,0.414988,False
2479155,2018-08-17,0.560673,0.402535,False
2479155,2018-08-23,0.730573,0.610735,False
2479155,2018-08-24,0.60598,0.577367,False
2479155,2018-08-25,0.540851,0.545706,False
2479155,2018-08-26,0.506871,0.515891,False
2479155,2018-08-27,0.815524,0.508032,False
2479155,2018-08-28,0.843841,0.502378,False
2479155,2018-08-29,0.770217,0.478588,False
2479155,2018-08-31,0.770217,0.480179,False
2479155,2018-09-04,0.798534,0.500637,False
2479155,2018-09-17,0.80986,0.872413,False
2479155,2018-09-18,0.688098,0.82776,True
2479155,2018-09-19,0.614475,0.782373,True
2479155,2018-09-20,0.566336,0.73963,True
2479155,2018-09-21,0.546514,0.699074,False
2479155,2018-09-22,0.532356,0.66088,False
2479155,2018-09-23,0.540851,0.627054,False
2479155,2018-09-24,0.591821,0.590515,False
2479155,2018-10-03,0.784375,0.728611,True
2479155,2018-10-04,0.719247,0.691319,True
2479155,2018-10-05,0.67394,0.653409,True
2479155,2018-10-06,0.634296,0.617714,True
2479155,2018-10-07,0.608811,0.583843,True
2479155,2018-10-08,0.594653,0.551944,True
2479155,2018-10-09,0.588989,0.521678,False
2479155,2018-10-10,0.591821,0.493177,False
2479155,2018-10-11,0.571999,0.467934,True
2479155,2018-10-12,0.535188,0.440666,True
2479155,2018-10-13,0.521029,0.418113,False
2479155,2018-10-14,0.509702,0.395185,False
2479155,2018-10-15,0.509702,0.373594,False
2479155,2018-10-18,0.818356,0.407234,False
2479155,2018-10-19,0.676772,0.39375,False
2479155,2018-10-20,0.614475,0.384983,True
2479155,2018-10-21,0.583326,0.368027,False
2479155,2018-10-22,0.549346,0.349196,False
2479155,2018-10-23,0.555009,0.330046,False
2479155,2018-10-24,0.586158,0.330046,False
2479155,2018-10-28,0.846672,0.448964,False
2479155,2018-10-29,0.72491,0.443987,False
2479155,2018-10-30,0.662613,0.422801,False
2479155,2018-10-31,0.62297,0.401163,False
2479155,2018-12-06,0.863662,0.622367,False
2479155,2018-12-07,0.860831,0.590515,False
2481510,2018-01-19,9.48613,7.30087,True
2481510,2018-01-23,7.95702,5.38368,True
2481510,2018-03-25,9.28791,7.57714,True
2481510,2018-05-01,4.67227,4.94207,True
2481510,2018-05-02,4.2192,4.58819,True
2481510,2018-05-03,3.8794,4.2445,True
2481510,2018-05-04,3.59623,3.94057,True
2481510,2018-05-05,3.39802,3.65839,True
2481510,2018-05-06,3.28475,3.38339,True
2481510,2018-05-07,3.25643,3.14109,False
2481510,2018-05-08,3.17148,2.91615,False
2481510,2018-05-09,2.78071,2.69769,True
2481510,2018-05-10,2.47772,2.50457,True
2481510,2018-05-11,2.25119,2.32517,True
2481510,2018-05-12,2.07845,2.15874,True
2481510,2018-05-13,1.96519,2.00417,False
2481510,2018-05-14,1.81228,1.86059,True
2481510,2018-05-15,1.69334,1.72072,True
2481510,2018-05-16,1.59424,1.59751,False
2481510,2018-05-17,1.47531,1.48316,True
2481510,2018-05-18,1.36204,1.37697,False
2481510,2018-05-19,1.26576,1.27836,False
2481510,2018-05-20,1.21196,1.18683,False
2481510,2018-05-21,1.56026,1.11784,False
2481510,2018-05-22,3.56792,1.25247,False
2481510,2018-05-31,3.48297,2.89462,True
2481510,2018-06-01,2.97326,2.69769,True
2481510,2018-06-02,2.79487,2.50457,False
2481510,2018-06-03,2.29649,2.32517,False
2481510,2018-06-04,1.96519,2.15874,False
2481510,2018-06-05,2.4579,2.01082,False
2481510,2018-06-09,3.56792,2.53223,False
2481510,2018-06-10,3.00158,2.4581,False
2481510,2018-06-11,2.7977,2.30804,False
2481510,2018-06-19,3.14316,2.63825,False
2481510,2018-06-20,2.57117,2.47645,False
2481510,2018-06-21,2.22853,2.30804,False
2481510,2018-06-25,3.62455,2.58929,False
2481510,2018-06-26,2.60231,2.50457,False
2481510,2018-06-27,2.07562,2.34253,False
2481510,2018-06-28,1.79812,2.17483,False
2481510,2018-06-29,1.92271,2.01904,False
2481510,2018-07-15,3.79445,3.86748,False
2481510,2018-07-25,4.10594,6.80231,True
2481510,2018-07-26,3.51128,6.29277,False
2481510,2018-07-27,3.08653,5.84219,False
2481510,2018-07-28,2.80336,5.40295,False
2481510,2018-08-04,3.96435,3.72645,False
2481510,2018-08-05,3.3697,3.4989,False
2481510,2018-08-06,2.94495,3.24838,False
2481510,2018-08-07,2.57966,3.01574,False
2481510,2018-08-08,2.94495,2.79977,False
2481510,2018-08-09,3.59623,2.66562,False
2481510,2018-08-10,3.3697,2.51238,False
2481510,2018-08-13,3.82277,2.22384,False
2481510,2018-08-14,2.97326,2.11111,False
2481510,2018-08-15,2.43808,1.96701,False
2481510,2018-08-16,2.41825,1.82616,False
2481510,2018-08-17,2.7354,1.77147,False
2481510,2018-08-18,2.42958,1.66962,False
2481510,2018-08-25,3.22812,3.99954,False
2481510,2018-08-26,3.28475,3.69884,False
2481510,2018-08-27,3.7095,3.43397,False
2481510,2018-08-30,3.68118,2.92743,False
2481510,2018-09-18,3.93604,5.71337,True
2481510,2018-09-19,3.51128,5.30428,True
2481510,2018-09-20,3.22812,4.92448,False
2481510,2018-09-21,3.00158,4.55422,False
2481510,2018-09-22,3.17148,4.21302,False
2481510,2018-09-23,3.51128,3.9114,False
2481510,2018-10-02,5.12534,3.55127,True
2481510,2018-10-03,4.16257,3.32153,True
2481510,2018-10-04,3.59623,3.08374,True
2481510,2018-10-05,3.1998,2.86291,False
2481510,2018-10-06,2.86,2.65793,False
2481510,2018-10-07,2.83168,2.46759,False
2481510,2018-10-08,2.97326,2.28206,False
2481510,2018-10-09,4.02099,2.28206,False
2481510,2018-10-10,3.82277,2.18924,False
2481510,2018-10-11,3.22812,2.05666,False
2481510,2018-10-12,2.7439,1.94543,False
2481510,2018-10-13,2.43241,1.81256,False
2481510,2018-10-14,2.23136,1.68281,False
2481510,2018-10-15,2.11243,1.56233,False
2481510,2018-10-16,2.38711,1.51557,False
2481510,2018-10-17,2.79204,1.48791,False
2481510,2018-10-18,3.5396,1.51117,False
2481510,2018-10-19,3.56792,1.56337,False
2481510,2018-10-20,3.05821,1.48889,False
2481510,2018-10-21,2.72974,1.4397,False
2481510,2018-10-22,2.44091,1.34664,False
2481510,2018-10-23,2.44657,1.25498,False
2481510,2018-10-24,2.64196,1.28929,False
2481510,2018-10-30,3.68118,2.23183,False
2481510,2018-10-31,3.1998,2.10301,False
2481510,2018-11-20,7.7588,5.26499,True
3544970,2018-01-01,2.14641,2.11377,False
3544970,2018-01-02,2.02465,2.05098,False
3544970,2018-01-03,2.06146,1.99734,False
3544970,2018-01-04,2.01049,1.94525,False
3544970,2018-01-05,2.0558,1.89439,False
3544970,2018-01-06,2.0558,1.84497,False
3544970,2018-01-07,1.93687,1.79149,False
3544970,2018-01-08,1.89156,1.74468,False
3544970,2018-01-09,1.90572,1.69919,False
3544970,2018-01-10,1.92271,1.65475,False
3544970,2018-01-16,3.5396,2.30694,False
3544970,2018-01-17,3.28475,2.26661,False
3544970,2018-01-18,3.0299,2.21389,True
3544970,2018-01-19,2.88831,2.16244,False
3544970,2018-01-20,2.80336,2.1059,False
3544970,2018-01-21,2.70425,2.05098,False
3544970,2018-01-22,2.86,2.06331,False
3544970,2018-01-23,3.31307,2.10069,False
3544970,2018-01-24,2.91663,2.11829,False
3544970,2018-01-25,2.78071,2.11215,False
3544970,2018-01-26,2.67594,2.1059,False
3544970,2018-01-27,2.76938,2.07529,False
3544970,2018-01-28,3.42633,2.132,False
3544970,2018-01-29,3.56792,2.16956,False
3544970,2018-01-30,3.31307,2.14977,False
3544970,2018-01-31,3.11485,2.15602,False
3544970,2018-02-01,3.00158,2.12465,False
3544970,2018-02-02,2.91663,2.07529,False
3544970,2018-02-03,2.74956,2.02703,False
3544970,2018-02-05,3.82277,2.18275,False
3544970,2018-02-06,3.5396,2.17517,False
3544970,2018-03-23,3.82277,2.8592,False
3544970,2018-03-24,3.82277,2.80104,False
3544970,2018-03-28,3.85108,2.83414,False
3544970,2018-04-02,3.82277,2.91875,False
3544970,2018-04-03,3.68118,2.86771,False
3544970,2018-04-04,3.73782,2.8092,False
3544970,2018-04-05,3.48297,2.73594,False
3544970,2018-04-06,3.42633,2.67228,False
3544970,2018-04-07,3.62455,2.67228,False
3544970,2018-04-08,3.34138,2.64855,False
3544970,2018-04-09,3.28475,2.61013,False
3544970,2018-04-10,3.17148,2.57969,True
3544970,2018-04-11,3.08653,2.52703,True
3544970,2018-04-12,3.0299,2.46111,False
3544970,2018-04-13,2.97326,2.40388,False
3544970,2018-04-14,2.91663,2.34103,False
3544970,2018-04-18,3.68118,2.50492,False
3544970,2018-04-19,3.48297,2.46829,False
3544970,2018-04-20,3.28475,2.41806,False
3544970,2018-04-21,3.1998,2.36186,False
3544970,2018-04-22,3.1998,2.30012,False
3544970,2018-04-30,6.03148,3.62818,True
3544970,2018-05-01,5.60673,3.54387,True
3544970,2018-05-02,5.23861,3.44115,True
3544970,2018-05-03,4.95544,3.36111,True
3544970,2018-05-04,4.70059,3.26372,True
3544970,2018-05-07,4.16257,3.01453,True
3544970,2018-05-08,3.99267,2.93594,True
3544970,2018-05-09,3.85108,2.85093,True
3544970,2018-05-10,3.76613,2.77633,False
3544970,2018-05-11,3.62455,2.70388,True
3544970,2018-05-12,3.48297,2.63316,True
3544970,2018-05-13,3.3697,2.56453,False
3544970,2018-05-14,3.25643,2.49022,False
3544970,2018-05-15,3.22812,2.43229,False
3544970,2018-05-17,3.62455,2.49051,False
3544970,2018-05-20,3.8794,2.71968,False
3544970,2018-05-21,3.62455,2.73594,False
3544970,2018-05-22,3.73782,2.73594,False
3544970,2018-05-25,3.79445,2.80104,False
3544970,2018-05-26,3.59623,2.78461,False
3544970,2018-05-27,3.5396,2.73594,False
3544970,2018-06-05,8.77821,4.03328,True
3544970,2018-06-06,7.78712,3.92778,True
3544970,2018-06-07,6.99425,3.82535,True
3544970,2018-06-08,6.3996,3.72529,True
3544970,2018-06-09,6.17306,3.62818,True
3544970,2018-06-10,5.77663,3.53333,True
3544970,2018-06-12,5.43683,3.34144,True
3544970,2018-06-13,5.12534,3.25405,True
3544970,2018-06-14,4.81386,3.16916,True
3544970,2018-06-16,4.3891,3.00584,True
3544970,2018-06-17,4.13425,2.91875,True
3544970,2018-06-19,3.82277,2.76829,True
3544970,2018-06-20,3.62455,2.69583,False
3544970,2018-06-21,3.51128,2.62552,False
3544970,2018-06-22,3.48297,2.54948,False
3544970,2018-06-23,3.76613,2.58767,False
3544970,2018-06-24,3.48297,2.57199,False
3544970,2018-06-25,3.62455,2.5419,False
3544970,2018-06-26,3.39802,2.51968,False
3544970,2018-06-27,3.7095,2.56481,False
3544970,2018-06-30,3.51128,2.71175,False
3544970,2018-07-04,3.85108,3.05023,False
3544970,2018-07-10,3.73782,3.3511,False
3544970,2018-07-11,3.45465,3.30237,False
3544970,2018-07-12,3.28475,3.23495,False
3544970,2018-07-13,3.14316,3.15058,False
3544970,2018-07-14,3.00158,3.07737,False
3544970,2018-07-15,2.86,2.98825,False
3544970,2018-07-16,3.56792,2.97037,False
3544970,2018-07-18,3.22812,2.91875,False
3544970,2018-07-19,2.94495,2.89294,False
3544970,2018-07-20,2.75806,2.83414,False
3544970,2018-07-21,3.28475,2.80903,False
3544970,2018-07-22,3.05821,2.7599,False
3544970,2018-07-23,3.17148,2.70388,False
3544970,2018-07-24,3.1998,2.64873,False
3544970,2018-07-25,3.08653,2.57969,False
3544970,2018-07-26,2.74673,2.51968,False
3544970,2018-07-27,2.54851,2.45376,True
3544970,2018-07-28,2.41259,2.38976,False
3544970,2018-07-29,2.288,2.32726,False
3544970,2018-07-30,2.20871,2.26661,False
3544970,2018-07-31,2.34463,2.20735,False
3544970,2018-08-01,3.45465,2.24745,False
3544970,2018-08-10,3.73782,2.81753,True
3544970,2018-08-11,3.5396,2.74387,False
3544970,2018-08-12,3.31307,2.67228,True
3544970,2018-08-13,3.08653,2.60237,True
3544970,2018-08-14,2.91663,2.53455,True
3544970,2018-08-15,2.80336,2.46111,False
3544970,2018-08-16,2.6901,2.40388,False
3544970,2018-08-17,2.68443,2.3342,False
3544970,2018-08-18,2.69293,2.27315,False
3544970,2018-08-19,2.61364,2.21389,False
3544970,2018-08-20,2.82602,2.20735,False
3544970,2018-08-21,2.67594,2.18779,False
3544970,2018-08-22,2.49471,2.14977,False
3544970,2018-08-23,2.38144,2.12465,False
3544970,2018-08-24,2.28517,2.07529,True
3544970,2018-08-25,2.22853,2.02703,True
3544970,2018-08-26,2.17756,1.97402,False
3544970,2018-08-27,2.12093,1.92251,False
3544970,2018-08-28,2.08128,1.87222,False
3544970,2018-08-29,2.1719,1.82344,False
3544970,2018-08-30,2.05863,1.77575,False
3544970,2018-08-31,1.9935,1.7294,False
3544970,2018-09-01,1.93404,1.68414,True
3544970,2018-09-02,1.90289,1.64028,True
3544970,2018-09-03,1.85192,1.59277,False
3544970,2018-09-04,1.84059,1.5511,False
3544970,2018-09-05,1.81228,1.51065,False
3544970,2018-09-06,1.87174,1.47112,False
3544970,2018-09-07,1.79245,1.43275,False
3544970,2018-09-08,1.79529,1.39531,False
3544970,2018-09-09,2.31348,1.43368,False
3544970,2018-09-10,2.07845,1.43704,False
3544970,2018-09-11,3.45465,1.54994,False
3544970,2018-09-12,2.57966,1.59769,False
3544970,2018-09-13,2.37295,1.62106,False
3544970,2018-09-14,2.1719,1.64028,False
3544970,2018-09-15,1.9935,1.62106,False
3544970,2018-09-16,2.35596,1.65012,False
3544970,2018-09-17,2.25968,1.65475,False
3544970,2018-09-18,2.07845,1.63542,False
3544970,2018-09-19,1.94253,1.62106,False
3544970,2018-09-20,1.86325,1.59277,True
3544970,2018-09-21,1.78962,1.56024,True
3544970,2018-09-22,1.74998,1.51956,False
3544970,2018-09-23,1.71033,1.4798,False
3544970,2018-09-24,1.71033,1.4412,False
3544970,2018-09-25,2.17756,1.46302,False
3544970,2018-09-26,2.15774,1.47564,False
3544970,2018-09-27,2.67027,1.54323,False
3544970,2018-09-28,2.65895,1.59792,False
3544970,2018-09-29,2.24269,1.61157,False
3544970,2018-09-30,2.07562,1.62106,False
3544970,2018-10-01,1.95669,1.60214,True
3544970,2018-10-02,1.8859,1.57407,True
3544970,2018-10-03,1.83493,1.5375,True
3544970,2018-10-04,1.78113,1.49734,True
3544970,2018-10-05,1.73582,1.45828,True
3544970,2018-10-06,1.716,1.42014,False
3544970,2018-10-07,1.68768,1.3831,False
3544970,2018-10-08,1.66503,1.34693,False
3544970,2018-10-09,1.69334,1.31181,False
3544970,2018-10-10,2.94495,1.39485,False
3544970,2018-10-12,3.51128,1.7456,False
3544970,2018-10-13,2.7354,1.79149,False
3544970,2018-10-14,2.42109,1.83947,False
3544970,2018-10-15,2.25119,1.8287,False
3544970,2018-10-16,2.43808,1.84497,False
3544970,2018-10-17,2.35029,1.83941,False
3544970,2018-10-18,2.1181,1.81273,False
3544970,2018-10-19,2.03031,1.7967,False
3544970,2018-10-20,2.02748,1.76024,False
3544970,2018-10-21,1.90289,1.71927,True
3544970,2018-10-22,1.86325,1.67928,False
3544970,2018-10-23,1.80944,1.63067,False
3544970,2018-10-24,1.71883,1.59277,False
3544970,2018-10-25,1.63105,1.54659,False
3544970,2018-10-27,3.1998,1.75631,False
3544970,2018-10-28,2.61081,1.7706,False
3544970,2018-10-29,2.25968,1.7967,False
3544970,2018-10-30,2.07279,1.78102,False
3544970,2018-10-31,1.95952,1.74468,False
3544970,2018-11-01,2.574,1.77639,False
3544970,2018-11-02,2.86,1.80799,False
3544970,2018-11-03,2.56833,1.83947,False
3544970,2018-11-04,2.37012,1.83414,False
3544970,2018-11-05,2.64479,1.89456,False
3544970,2018-11-08,3.59623,2.19444,False
3544970,2018-11-10,3.8794,2.41829,False
3544970,2018-11-11,3.45465,2.41806,False
3544970,2018-11-21,3.82277,3.67112,False
3544970,2018-11-22,3.5396,3.57506,False
3544970,2018-11-23,3.39802,3.48183,False
3544970,2018-11-26,3.73782,3.3908,False
3544970,2018-11-27,3.48297,3.34144,False
3544970,2018-11-28,3.28475,3.26372,False
3544970,2018-11-29,3.14316,3.18785,False
3544970,2018-11-30,3.31307,3.11354,False
3544970,2018-12-07,3.65287,3.26372,False
3574500,2018-01-05,6.88098,6.47737,True
3574500,2018-01-17,9.68435,4.62164,True
3574500,2018-01-18,8.63662,4.27321,True
3574500,2018-01-19,8.12692,3.94959,True
3574500,2018-01-20,7.81544,3.65179,True
3574500,2018-01-21,7.53227,3.37529,True
3574500,2018-01-22,7.2491,3.12083,True
3574500,2018-01-25,6.42791,2.47691,True
3574500,2018-05-04,13.0257,9.16262,True
3574500,2018-05-05,11.5533,8.46858,True
3574500,2018-05-07,9.79761,7.17054,True
3574500,2018-05-08,8.57999,6.65949,True
3574500,2018-05-09,7.67385,6.12789,True
3574500,2018-05-10,6.88098,5.63872,True
3574500,2018-05-12,5.83326,4.81881,True
3574500,2018-05-13,5.23861,4.47529,True
3574500,2018-05-23,4.36079,2.90978,True
3574500,2018-05-25,3.73782,2.54653,False
3574500,2018-05-26,3.31307,2.36499,False
3574500,2018-05-27,3.76613,2.28785,False
3574500,2018-06-05,4.61564,2.8717,True
3574500,2018-06-06,3.82277,2.67888,True
3574500,2018-06-07,3.31307,2.47691,True
3574500,2018-06-08,2.91663,2.30035,True
3574500,2018-06-09,2.60515,2.12616,False
3574500,2018-06-10,2.34463,1.96586,False
3574500,2018-06-11,2.2795,1.82569,False
3574500,2018-06-17,3.08653,2.3217,True
3574500,2018-06-18,2.54851,2.15619,True
3574500,2018-06-19,2.18889,2.00255,False
3574500,2018-06-20,2.15491,1.85093,False
3574500,2018-06-21,2.06146,1.71134,False
3574500,2018-06-22,2.57117,1.65544,False
3574500,2018-07-03,4.58732,3.29873,True
3574500,2018-07-04,3.90772,3.0636,True
3574500,2018-07-05,3.42633,2.81904,True
3574500,2018-07-06,3.08653,2.61811,True
3574500,2018-07-07,2.77505,2.41985,True
3574500,2018-07-08,2.5117,2.23744,True
3574500,2018-07-09,2.26818,2.07795,True
3574500,2018-07-10,2.13509,1.91209,False
3574500,2018-07-11,2.04164,1.77581,False
3574500,2018-07-12,1.82927,1.64132,True
3574500,2018-07-13,1.7075,1.52431,True
3574500,2018-07-14,1.68768,1.40938,True
3574500,2018-07-15,1.61972,1.30891,False
3574500,2018-07-16,1.68202,1.20984,False
3574500,2018-07-17,1.58574,1.11863,False
3574500,2018-07-20,2.57683,1.24387,False
3574500,2018-07-21,1.97085,1.19336,False
3574500,2018-07-22,1.63388,1.10831,True
3574500,2018-07-23,1.58291,1.02932,False
3574500,2018-07-24,1.4215,0.951366,True
3574500,2018-07-25,1.27426,0.879635,True
3574500,2018-07-26,1.18081,0.816939,True
3574500,2018-07-27,1.11285,0.755069,False
3574500,2018-07-28,1.0279,0.70125,True
3574500,2018-07-29,0.942949,0.64838,True
3574500,2018-07-30,0.923128,0.602164,True
3574500,2018-07-31,0.906138,0.556562,True
3574500,2018-08-01,0.917464,0.516892,False
3574500,2018-08-02,0.903306,0.477922,False
3574500,2018-08-03,0.866494,0.44386,False
3574500,2018-08-04,0.849504,0.410243,False
3574500,2018-08-05,0.804197,0.381001,False
3574500,2018-08-06,0.770217,0.35228,False
3574500,2018-08-07,0.722078,0.32717,False
3574500,2018-08-08,0.72491,0.30239,False
3574500,2018-08-09,0.841009,0.320781,False
3574500,2018-08-10,0.974098,0.342535,False
3574500,2018-08-11,1.22329,0.370359,False
3574500,2018-08-12,1.61689,0.421117,False
3574500,2018-08-13,1.42717,0.43364,False
3574500,2018-08-14,1.07038,0.421782,False
3574500,2018-08-15,0.917464,0.414051,False
3574500,2018-08-16,0.843841,0.388113,False
3574500,2018-08-17,0.889148,0.397633,False
3574500,2018-08-18,0.863662,0.401117,False
3574500,2018-08-19,0.818356,0.375828,False
3574500,2018-08-20,1.63954,0.468449,False
3574500,2018-08-21,1.3054,0.469167,False
3574500,2018-08-22,1.03356,0.445833,False
3574500,2018-08-23,0.889148,0.431719,False
3574500,2018-08-24,0.781544,0.400949,True
3574500,2018-08-25,0.693762,0.372367,True
3574500,2018-08-26,0.651286,0.345828,True
3574500,2018-08-27,0.631465,0.319635,False
3574500,2018-08-28,0.611643,0.296852,True
3574500,2018-08-29,0.577663,0.274473,True
3574500,2018-08-30,0.557841,0.254913,False
3574500,2018-08-31,0.557841,0.235608,False
3574500,2018-09-01,0.535188,0.218814,False
3574500,2018-09-02,0.509702,0.202315,False
3574500,2018-09-03,0.472891,0.187894,False
3574500,2018-09-04,0.433247,0.174502,False
3574500,2018-09-05,0.393604,0.161285,False
3574500,2018-09-06,0.393604,0.149126,False
3574500,2018-09-07,0.447405,0.161343,False
3574500,2018-09-08,0.515366,0.173009,False
3574500,2018-09-09,0.436079,0.171169,False
3574500,2018-09-10,0.481386,0.175226,False
3574500,2018-09-11,0.625801,0.190064,False
3574500,2018-09-12,0.603148,0.195839,False
3574500,2018-09-13,0.566336,0.189641,False
3574500,2018-09-14,0.540851,0.18445,False
3574500,2018-09-15,0.478554,0.172894,True
3574500,2018-09-16,0.40493,0.159803,False
3574500,2018-09-17,0.359623,0.148414,False
3574500,2018-09-18,0.35396,0.137836,False
3574500,2018-09-19,0.362455,0.127442,False
3574500,2018-09-20,0.38794,0.137876,False
3574500,2018-09-21,0.390772,0.145608,False
3574500,2018-09-22,0.393604,0.136563,False
3574500,2018-09-23,0.379445,0.131609,False
3574500,2018-09-24,0.393604,0.122813,False
3574500,2018-09-25,0.532356,0.144039,False
3574500,2018-10-02,3.59623,2.07795,False
3574500,2018-10-03,2.88831,1.9206,True
3574500,2018-10-04,2.33897,1.77581,True
3574500,2018-10-05,1.93404,1.64925,True
3574500,2018-10-06,1.64521,1.52431,True
3574500,2018-10-07,1.41018,1.40938,True
3574500,2018-10-08,1.26293,1.30891,True
3574500,2018-10-09,1.16948,1.20984,True
3574500,2018-10-10,1.07604,1.11863,True
3574500,2018-10-11,1.05055,1.03887,False
3574500,2018-10-12,0.97693,0.960197,True
3574500,2018-10-13,0.948613,0.891753,False
3574500,2018-10-14,0.880652,0.82452,False
3574500,2018-10-15,0.866494,0.765758,False
3574500,2018-10-16,0.897643,0.707766,False
3574500,2018-10-17,1.03923,0.681609,False
3574500,2018-10-18,1.144,0.6661,False
3574500,2018-10-19,1.12418,0.641869,False
3574500,2018-10-20,1.05338,0.602164,False
3574500,2018-10-21,0.996751,0.564439,False
3574500,2018-10-22,0.968435,0.526539,False
3574500,2018-10-23,0.920296,0.486846,False
3574500,2018-10-24,0.925959,0.452141,False
3574500,2018-10-25,0.957108,0.417899,False
3574500,2018-10-26,1.27992,0.452436,False
3574500,2018-10-27,2.97326,0.626678,False
3574500,2018-10-29,3.31307,0.869144,False
3574500,2018-10-30,2.66744,0.847708,False
3574500,2018-10-31,2.1719,0.839907,False
3574500,2018-11-01,2.01616,0.783513,False
2370000,2018-01-01,6.14475,6.02133,False
2370000,2018-01-02,6.31465,5.79948,False
2370000,2018-01-03,6.00316,5.59039,False
2370000,2018-01-04,5.74831,5.40388,False
2370000,2018-01-05,5.60673,5.20851,False
2370000,2018-01-06,5.49346,5.03472,False
2370000,2018-01-07,5.40851,4.86672,False
2370000,2018-01-08,5.86158,4.78414,False
2370000,2018-01-16,6.51286,5.22355,True
2370000,2018-01-17,6.25801,5.12083,True
2370000,2018-01-18,6.17306,4.97807,False
2370000,2018-01-19,6.0598,4.81198,True
2370000,2018-01-20,5.97484,4.65139,False
2370000,2018-01-21,5.86158,4.50909,True
2370000,2018-01-22,5.71999,4.35862,True
2370000,2018-01-23,5.63504,4.21314,False
2370000,2018-01-24,5.52178,4.07257,False
2370000,2018-01-25,5.35188,3.93663,False
2370000,2018-01-26,5.23861,3.80532,False
2370000,2018-01-27,5.15366,3.6783,False
2370000,2018-01-28,5.97484,3.7423,False
2370000,2018-02-01,6.03148,4.04959,False
2370000,2018-02-02,5.71999,3.99253,False
2370000,2018-02-03,5.52178,3.88113,False
2370000,2018-02-04,5.83326,3.93715,False
2370000,2018-02-19,14.7247,6.81441,True
2370000,2018-02-20,13.054,6.58704,True
2370000,2018-02-21,11.8364,6.36725,True
2370000,2018-02-22,10.8453,6.13704,True
2370000,2018-03-03,8.01365,5.88241,True
2370000,2018-03-17,6.37128,5.16476,False
2370000,2018-03-26,6.42791,5.54288,True
2370000,2018-03-27,6.17306,5.35793,False
2370000,2018-03-28,5.94653,5.17911,False
2370000,2018-03-29,5.74831,5.00625,False
2370000,2018-03-30,6.45623,4.96343,False
2370000,2018-04-02,6.37128,5.03472,False
2370000,2018-04-03,5.77663,5.00625,False
2370000,2018-04-04,5.77663,4.89427,False
2370000,2018-04-05,6.03148,4.75781,False
2370000,2018-04-06,5.74831,4.61227,False
2370000,2018-04-07,6.2297,4.59867,False
2370000,2018-04-11,6.14475,4.83918,False
2370000,2018-04-12,5.55009,4.75781,False
2370000,2018-04-13,5.21029,4.62512,False
2370000,2018-04-14,4.95544,4.49612,False
2370000,2018-04-20,6.0598,5.43455,False
2370000,2018-04-21,5.52178,5.29763,False
2370000,2018-04-22,5.29524,5.13559,False
2370000,2018-04-23,5.60673,5.0059,False
2370000,2018-04-24,6.00316,4.9213,False
2370000,2018-04-25,5.43683,4.77153,False
2370000,2018-04-26,5.06871,4.65139,False
2370000,2018-04-27,4.87049,4.52164,True
2370000,2018-04-28,4.72891,4.37072,False
2370000,2018-04-29,4.53069,4.23709,True
2370000,2018-04-30,4.33247,4.10706,True
2370000,2018-05-01,4.19089,3.97002,True
2370000,2018-05-02,4.10594,3.83756,False
2370000,2018-05-03,4.0493,3.70949,False
2370000,2018-05-04,3.90772,3.58565,True
2370000,2018-05-05,3.82277,3.46597,True
2370000,2018-05-06,3.76613,3.35035,True
2370000,2018-05-07,3.68118,3.23854,True
2370000,2018-05-08,3.62455,3.13044,False
2370000,2018-05-09,3.56792,3.02598,True
2370000,2018-05-10,3.51128,2.925,False
2370000,2018-05-11,3.45465,2.8434,True
2370000,2018-05-12,3.3697,2.74855,False
2370000,2018-05-13,3.34138,2.65683,False
2370000,2018-05-14,3.31307,2.56811,False
2370000,2018-05-15,3.34138,2.48247,False
2370000,2018-05-16,3.45465,2.39965,False
2370000,2018-05-17,3.45465,2.33275,False
2370000,2018-05-18,4.16257,2.40174,False
2370000,2018-05-19,4.50237,2.45613,False
2370000,2018-05-20,3.99267,2.52523,False
2370000,2018-05-21,4.3891,2.65023,False
2370000,2018-05-22,4.95544,2.77292,False
2370000,2018-05-23,6.31465,2.98738,False
2370000,2018-05-26,5.26692,3.50544,False
2370000,2018-05-27,4.50237,3.56545,False
2370000,2018-05-28,4.92712,3.62622,False
2370000,2018-06-05,6.93762,5.51163,True
2370000,2018-06-06,6.34296,5.32766,True
2370000,2018-06-07,5.80494,5.14988,False
2370000,2018-06-08,5.35188,4.99242,False
2370000,2018-06-09,4.98376,4.81198,False
2370000,2018-06-10,5.40851,4.7037,False
2370000,2018-06-22,7.84375,7.41788,True
2370000,2018-06-23,6.93762,7.17031,True
2370000,2018-06-24,6.3996,6.93108,False
2370000,2018-06-25,6.17306,6.69977,False
2370000,2018-06-26,5.74831,6.45758,False
2370000,2018-06-27,6.28633,6.24207,False
2370000,2018-06-28,5.69168,6.01701,False
2370000,2018-07-07,6.11643,5.17911,False
2370000,2018-07-14,6.28633,5.38831,False
2370000,2018-07-24,5.83326,5.76678,False
2370000,2018-07-25,5.40851,5.60596,False
2370000,2018-07-28,6.42791,5.52749,False
2370000,2018-07-29,5.57841,5.4805,False
2370000,2018-07-30,6.28633,5.40301,False
2370000,2018-09-17,7.47564,8.78987,True
2370000,2018-09-18,6.99425,8.47211,True
2370000,2018-09-19,6.7394,8.16667,True
2370000,2018-09-20,6.48455,7.8941,True
2370000,2018-09-21,6.31465,7.60874,False
2370000,2018-09-22,6.14475,7.33443,False
2370000,2018-09-23,5.97484,7.06927,False
2370000,2018-10-08,6.14475,6.97037,False
2370000,2018-10-09,5.83326,6.73779,False
2370000,2018-10-17,6.76772,6.79479,True
2370000,2018-10-18,6.48455,6.56806,True
2370000,2018-10-19,6.14475,6.3489,True
2370000,2018-10-20,5.91821,6.12002,True
2370000,2018-10-21,5.71999,5.89873,True
2370000,2018-10-22,5.49346,5.70191,False
2370000,2018-10-23,5.38019,5.51163,False
2370000,2018-10-24,5.38019,5.32766,False
2370000,2018-10-25,5.43683,5.13559,False
2370000,2018-10-28,6.28633,4.97807,False
2370000,2018-10-29,5.74831,4.89427,False
2370000,2018-10-30,5.43683,4.78478,False
2370000,2018-10-31,5.21029,4.63848,False
2370000,2018-11-01,6.17306,4.62477,False
2370000,2018-11-05,6.31465,4.83918,False
2370000,2018-11-06,6.17306,4.74462,False
2367310,2018-01-15,2.32481,2.20012,True
2367310,2018-01-17,2.31348,2.16435,True
2367310,2018-01-18,2.30499,2.1467,True
2367310,2018-03-02,2.59382,2.49803,True
2367310,2018-04-27,2.19738,2.16881,False
2367310,2018-04-28,2.18039,2.1555,True
2367310,2018-04-29,2.16624,2.13791,True
2367310,2018-04-30,2.15491,2.12922,True
2367310,2018-05-01,2.15774,2.11181,False
2367310,2018-05-02,2.14641,2.09456,True
2367310,2018-05-03,2.14358,2.086,False
2367310,2018-05-04,2.14075,2.06898,False
2367310,2018-05-05,2.13509,2.05214,False
2367310,2018-05-06,2.12093,2.03953,True
2367310,2018-05-07,2.09827,2.02703,True
2367310,2018-05-08,2.09261,2.01464,True
2367310,2018-05-09,2.08695,2.00231,False
2367310,2018-05-10,2.08128,1.98594,False
2367310,2018-05-11,2.07279,1.97373,False
2367310,2018-05-12,2.05863,1.96169,False
2367310,2018-05-13,2.12093,1.94572,False
2367310,2018-05-14,2.15491,1.93374,False
2367310,2018-05-15,2.10394,1.92188,False
2367310,2018-05-16,2.15491,1.91013,False
2367310,2018-05-17,2.10111,1.89844,False
2367310,2018-05-18,2.11243,1.88681,False
2367310,2018-05-20,2.18323,1.89068,False
2367310,2018-05-26,2.18323,1.9577,False
2367310,2018-05-27,2.1719,1.9577,False
2367310,2018-06-01,2.18889,2.15104,False
2367310,2018-06-02,2.14358,2.17326,False
2367310,2018-06-03,2.08128,2.17326,False
2367310,2018-06-04,2.01049,2.16881,False
2367310,2018-06-06,2.13226,2.15104,False
2367310,2018-06-07,1.99633,2.1423,False
2367310,2018-06-08,1.97651,2.12922,False
2367310,2018-06-09,1.98501,2.11181,False
2367310,2018-06-10,2.14925,2.10318,False
2367310,2018-06-18,2.18606,2.18663,False
2367310,2018-06-19,2.09261,2.17772,True
2367310,2018-06-20,2.05297,2.16881,True
2367310,2018-06-21,2.03031,2.1599,False
2367310,2018-06-22,2.002,2.1467,False
2367310,2018-06-23,1.97934,2.13356,False
2367310,2018-06-24,2.09261,2.12049,False
2367310,2018-06-25,2.07279,2.10318,False
2367310,2018-06-26,2.02465,2.09456,False
2367310,2018-06-27,2.07845,2.07749,False
2367310,2018-06-28,2.02465,2.06053,False
2367310,2018-06-29,1.96235,2.05214,False
2367310,2018-06-30,2.02465,2.03542,False
2365769,2018-01-01,0.841009,0.799503,False
2365769,2018-01-02,0.95994,0.744803,False
2365769,2018-01-03,0.874989,0.691001,False
2365769,2018-01-04,0.764554,0.63555,False
2365769,2018-01-05,0.702257,0.592072,False
2365769,2018-01-06,0.654118,0.541887,True
2365769,2018-01-07,0.620138,0.498252,False
2365769,2018-01-08,0.60598,0.457946,False
2365769,2018-01-09,0.594653,0.419126,False
2365769,2018-01-10,0.611643,0.385382,False
2365769,2018-01-11,0.654118,0.379977,False
2365769,2018-01-12,0.829682,0.381979,False
2365769,2018-01-13,1.0279,0.3943,False
2365769,2018-01-14,1.00808,0.424097,False
2365769,2018-01-15,0.79287,0.404537,False
2365769,2018-01-16,0.719247,0.393929,False
2365769,2018-01-17,0.662613,0.366973,True
2365769,2018-01-18,0.617306,0.335868,True
2365769,2018-01-19,0.594653,0.310127,True
2365769,2018-01-20,0.583326,0.283837,False
2365769,2018-01-21,0.574831,0.25978,False
2365769,2018-01-22,0.560673,0.239873,False
2365769,2018-01-23,0.586158,0.219543,False
2365769,2018-01-24,0.654118,0.246377,False
2365769,2018-01-25,0.611643,0.25456,False
2365769,2018-01-26,0.529524,0.239873,False
2365769,2018-01-27,0.487049,0.233582,False
2365769,2018-01-28,0.727742,0.266163,False
2365769,2018-01-31,1.6537,0.641204,False
2365769,2018-02-01,1.24311,0.6557,False
2365769,2018-02-02,1.06471,0.613426,False
2365769,2018-02-03,0.97693,0.566424,False
2365769,2018-02-04,1.09303,0.576794,False
2365769,2018-02-07,1.72449,0.772297,False
2365769,2018-02-22,4.16257,3.36036,True
2365769,2018-02-23,3.7095,3.07546,True
2365769,2018-03-26,2.27667,1.46823,True
2365769,2018-03-29,1.60556,1.13031,False
2365769,2018-04-14,1.55459,1.63976,False
2365769,2018-04-28,1.69618,1.39219,False
2365769,2018-04-29,1.48663,1.27957,True
2365769,2018-04-30,1.27426,1.17109,False
2365769,2018-05-01,1.07038,1.07183,True
2365769,2018-05-02,0.846672,0.985521,True
2365769,2018-05-03,0.69093,0.905799,True
2365769,2018-05-04,0.586158,0.829016,True
2365769,2018-05-05,0.506871,0.762263,True
2365769,2018-05-06,0.453069,0.700596,False
2365769,2018-05-07,0.410594,0.641204,True
2365769,2018-05-08,0.351128,0.589578,True
2365769,2018-05-09,0.311485,0.541887,True
2365769,2018-05-10,0.286,0.495949,True
2365769,2018-05-11,0.257966,0.456019,True
2365769,2018-05-12,0.240693,0.419126,False
2365769,2018-05-13,0.225119,0.3836,False
2365769,2018-05-14,0.225968,0.352714,False
2365769,2018-05-15,0.253719,0.324178,False
2365769,2018-05-16,0.271841,0.296696,False
2365769,2018-05-17,0.472891,0.291244,False
2365769,2018-05-21,1.14117,0.758738,False
2365769,2018-06-04,5.74831,3.40602,True
2365769,2018-06-05,4.53069,3.10284,True
2365769,2018-06-08,3.0299,2.38981,True
2365769,2018-06-22,3.42633,3.43628,True
2365769,2018-06-24,2.7354,2.87841,True
2365769,2018-06-25,2.2795,2.64554,True
2365769,2018-06-26,2.03315,2.4213,True
2365769,2018-06-28,1.61972,2.02818,False
2365769,2018-06-29,1.74998,1.85625,False
2365769,2018-07-14,1.69051,1.70683,False
2365769,2018-07-15,1.44133,1.5827,False
2365769,2018-07-19,1.62538,1.33756,False
2365769,2018-07-20,1.716,1.27876,False
2365769,2018-07-21,1.75847,1.21233,False
2365769,2018-07-22,1.4838,1.12034,False
2365769,2018-07-25,1.67352,1.06605,False
2365769,2018-07-26,1.73016,1.00314,False
2365769,2018-07-27,1.63954,0.951215,False
2365769,2018-10-05,2.33897,1.82367,True
2365769,2018-10-06,1.97651,1.66904,True
2365769,2018-10-07,1.73016,1.53466,False
2365769,2018-10-08,1.56592,1.41053,False
2365769,2018-10-09,1.46115,1.29097,False
2365769,2018-10-31,1.73865,1.42309,False
2365470,2018-01-01,1.77263,1.70206,False
2365470,2018-01-02,1.81794,1.56852,False
2365470,2018-01-03,1.78113,1.45723,False
2365470,2018-01-04,1.72166,1.34913,False
2365470,2018-01-05,1.68202,1.25341,False
2365470,2018-01-06,1.65087,1.16449,True
2365470,2018-01-07,1.63105,1.0819,False
2365470,2018-01-08,1.62538,1.00192,False
2365470,2018-01-09,1.62538,0.930839,False
2365470,2018-01-10,1.62538,0.864797,False
2365470,2018-01-11,1.62538,0.803449,False
2365470,2018-01-12,1.80378,0.843999,False
2365470,2018-01-13,2.28517,0.908015,False
2365470,2018-01-14,2.30216,0.964329,False
2365470,2018-01-15,2.03031,0.940104,False
2365470,2018-01-16,1.88024,0.937083,False
2365470,2018-01-17,1.80661,0.885174,True
2365470,2018-01-18,1.75564,0.825237,True
2365470,2018-01-19,1.71033,0.769161,True
2365470,2018-01-20,1.69051,0.714589,True
2365470,2018-01-21,1.67635,0.663895,True
2365470,2018-01-22,1.65936,0.616794,True
2365470,2018-01-23,1.65653,0.573038,False
2365470,2018-01-24,1.64521,0.530677,True
2365470,2018-01-25,1.62255,0.493027,False
2365470,2018-01-26,1.63954,0.45805,False
2365470,2018-01-27,1.5914,0.425556,False
2365470,2018-01-28,1.74998,0.525353,False
2365470,2018-01-29,2.44657,0.651036,False
2365470,2018-01-30,2.61364,0.784219,False
2365470,2018-01-31,2.20305,0.850573,False
2365470,2018-02-01,1.97085,0.870608,False
2365470,2018-02-02,1.86608,0.885174,False
2365470,2018-02-03,1.80944,0.841968,False
2365470,2018-02-04,2.33897,0.910093,False
2365470,2018-02-19,6.85267,4.66719,True
2365470,2018-02-20,6.20138,4.30718,True
2365470,2018-02-21,5.77663,4.00162,True
2365470,2018-02-22,5.43683,3.69294,True
2365470,2018-02-23,5.09702,3.4309,True
2365470,2018-03-26,5.01207,4.00162,True
2365470,2018-04-12,2.94495,1.92998,False
2365470,2018-04-13,2.70992,1.79311,False
2365470,2018-04-14,2.53435,1.66586,False
2365470,2018-04-28,3.59623,2.7147,True
2365470,2018-04-29,3.17148,2.53021,True
2365470,2018-04-30,2.83168,2.35069,True
2365470,2018-05-01,2.5655,2.17691,True
2365470,2018-05-02,2.36162,2.02245,True
2365470,2018-05-03,2.19738,1.87899,True
2365470,2018-05-04,2.07562,1.73964,True
2365470,2018-05-05,1.97085,1.61626,True
2365470,2018-05-06,1.86891,1.50156,True
2365470,2018-05-07,1.7783,1.39057,False
2365470,2018-05-08,1.69901,1.2919,True
2365470,2018-05-09,1.60273,1.20024,True
2365470,2018-05-10,1.5461,1.1151,False
2365470,2018-05-11,1.48663,1.0324,True
2365470,2018-05-12,1.42717,0.959161,True
2365470,2018-05-13,1.37336,0.891117,False
2365470,2018-05-14,1.33655,0.827899,False
2365470,2018-05-15,1.33938,0.769161,False
2365470,2018-05-16,1.64237,0.799606,False
2365470,2018-05-17,1.73582,0.817992,False
2365470,2018-05-18,1.68768,0.830405,False
2365470,2018-05-19,1.83776,0.867587,False
2365470,2018-05-20,1.71883,0.899815,False
2365470,2018-05-21,1.85475,0.943142,False
2365470,2018-06-22,3.90772,4.48356,True
2365470,2018-06-23,3.39802,4.16545,True
2365470,2018-06-24,3.00158,3.84416,True
2365470,2018-06-25,2.67877,3.57141,False
2365470,2018-06-26,2.41259,3.30654,False
2365470,2018-06-27,2.47206,3.06209,False
2365470,2018-06-29,2.75806,2.66933,False
2365470,2018-06-30,2.47772,2.4886,False
2365470,2018-07-01,2.61647,2.31944,False
2365470,2018-07-02,2.76372,2.19022,False
2365470,2018-07-05,2.67877,2.00903,False
2365470,2018-07-06,2.27667,1.92998,False
2365470,2018-07-07,2.21154,1.80509,False
2365470,2018-07-08,2.1634,1.67703,False
2365470,2018-07-10,2.53719,1.63148,False
2365470,2018-07-11,3.00158,1.66013,False
2365470,2018-07-12,2.63913,1.62604,False
2365470,2018-07-13,2.08412,1.56852,False
2365470,2018-07-14,1.91988,1.51163,False
2365470,2018-07-15,1.78962,1.41875,True
2365470,2018-07-16,1.72166,1.32234,False
2365470,2018-07-17,1.63954,1.22853,False
2365470,2018-07-18,1.54327,1.1377,False
2365470,2018-07-19,1.99067,1.14536,False
2365470,2018-07-21,2.91663,1.3048,False
2365470,2018-07-22,2.35029,1.27477,False
2365470,2018-07-23,2.00766,1.25775,False
2365470,2018-07-24,2.05297,1.18813,False
2365470,2018-07-26,2.91663,1.37836,False
2365470,2018-07-27,2.59948,1.33125,False
2365470,2018-09-13,3.93604,3.02141,True
2365470,2018-09-16,3.14316,2.40671,True
2365470,2018-09-17,2.74673,2.236,True
2365470,2018-09-18,2.59099,2.07731,False
2365470,2018-09-19,2.41542,1.92326,False
2365470,2018-09-20,2.30499,1.78686,False
2365470,2018-09-21,2.48055,1.72691,False
2365470,2018-09-22,2.32198,1.65341,False
2365470,2018-09-23,2.08695,1.54763,False
2365470,2018-09-24,2.20588,1.52593,False
2365470,2018-09-25,2.80336,1.53738,False
2365470,2018-10-03,3.11485,1.50677,True
2365470,2018-10-04,2.61081,1.39988,True
2365470,2018-10-05,2.29366,1.29606,True
2365470,2018-10-06,2.1181,1.20411,True
2365470,2018-10-07,1.97651,1.1187,False
2365470,2018-10-08,1.89723,1.036,False
2365470,2018-10-09,1.81228,0.9625,False
2365470,2018-10-18,5.63504,4.60515,True
2365470,2018-10-19,5.04039,4.24988,True
2365470,2018-10-20,4.58732,3.94844,True
2365470,2018-10-21,4.2192,3.66823,True
2365470,2018-10-31,3.0299,1.72251,False
2365470,2018-11-01,2.97326,1.59473,False
2327100,2018-01-01,0.238994,0.210584,False
2327100,2018-01-02,0.241259,0.160579,False
2327100,2018-01-03,0.229083,0.127503,False
2327100,2018-01-04,0.206146,0.100847,False
2327100,2018-01-05,0.191422,0.0801725,True
2327100,2018-01-06,0.179245,0.0636603,True
2327100,2018-01-07,0.169334,0.0503519,True
2327100,2018-01-08,0.161123,0.0400289,True
2327100,2018-01-09,0.157158,0.0317847,False
2327100,2018-01-10,0.153477,0.0252685,False
2327100,2018-01-11,0.152344,0.0199855,False
2327100,2018-01-12,0.230782,0.104256,False
2327100,2018-01-13,0.557841,0.263289,False
2327100,2018-01-14,0.563504,0.320127,False
2327100,2018-01-15,0.501207,0.311429,False
2327100,2018-01-16,0.453069,0.325799,False
2327100,2018-01-17,0.40493,0.283455,True
2327100,2018-01-18,0.365287,0.233345,True
2327100,2018-01-19,0.334138,0.187922,True
2327100,2018-01-20,0.308653,0.149983,True
2327100,2018-01-21,0.286,0.119231,True
2327100,2018-01-22,0.267594,0.0946765,True
2327100,2018-01-23,0.263063,0.0752668,False
2327100,2018-01-24,0.255418,0.059765,False
2327100,2018-01-25,0.250887,0.0475127,False
2327100,2018-01-26,0.236728,0.0377269,False
2327100,2018-01-27,0.222004,0.0298397,False
2327100,2018-01-28,0.219455,0.0237228,False
2327100,2018-01-29,0.264196,0.119734,False
2327100,2018-01-30,0.311485,0.16231,False
2327100,2018-01-31,0.305821,0.148056,False
2327100,2018-02-01,0.27977,0.159132,False
2327100,2018-02-02,0.253435,0.139537,False
2327100,2018-02-03,0.221721,0.115459,False
2327100,2018-02-04,0.283168,0.16564,False
2327100,2018-02-05,0.894811,0.428976,False
2327100,2018-02-06,0.954276,0.514959,False
2327100,2018-02-07,0.857999,0.484531,False
2327100,2018-02-08,1.30257,0.787442,False
2327100,2018-02-09,1.88873,1.00972,False
2327100,2018-02-10,1.8321,1.11543,False
2327100,2018-02-11,1.63954,1.02968,False
2327100,2018-02-20,4.61564,2.90544,True
2327100,2018-02-21,3.93604,2.30706,True
2327100,2018-02-22,3.31307,1.84132,True
2327100,2018-03-03,2.21154,1.53733,True
2327100,2018-03-04,1.6537,1.25567,True
2327100,2018-03-05,1.24877,1.01126,True
2327100,2018-03-06,0.988256,0.802975,True
2327100,2018-03-07,0.894811,0.638362,False
2327100,2018-03-08,0.781544,0.506887,True
2327100,2018-03-09,0.665445,0.402969,False
2327100,2018-03-10,0.560673,0.319971,False
2327100,2018-03-11,0.489881,0.253079,False
2327100,2018-03-12,0.637128,0.371146,False
2327100,2018-03-13,1.09303,0.57342,False
2327100,2018-03-14,1.144,0.645278,False
2327100,2018-03-15,0.957108,0.607095,False
2327100,2018-03-16,0.764554,0.610203,False
2327100,2018-03-17,0.634296,0.525509,False
2327100,2018-03-18,0.543683,0.430914,False
2327100,2018-03-28,6.11643,4.60266,True
2327100,2018-03-29,4.89881,3.65469,True
2327100,2018-03-30,3.93604,2.90544,True
2327100,2018-03-31,3.34138,2.29803,True
2327100,2018-04-02,2.24835,1.45064,True
2327100,2018-04-03,1.6622,1.1519,True
2327100,2018-04-04,1.25443,0.911065,True
2327100,2018-04-05,1.0194,0.724282,False
2327100,2018-04-06,0.821187,0.57511,False
2327100,2018-04-07,0.846672,0.457211,False
2327100,2018-04-20,2.00766,1.76007,True
2327100,2018-04-21,1.39885,1.43767,True
2327100,2018-04-22,1.00808,1.1474,True
2327100,2018-04-23,0.917464,0.915729,False
2327100,2018-04-24,0.812692,0.727124,False
2327100,2018-04-25,0.651286,0.578056,True
2327100,2018-04-26,0.509702,0.459005,True
2327100,2018-04-27,0.393604,0.364902,True
2327100,2018-04-28,0.308653,0.288617,True
2327100,2018-04-29,0.246639,0.229172,True
2327100,2018-04-30,0.199067,0.182188,True
2327100,2018-05-01,0.165087,0.144103,True
2327100,2018-05-02,0.144416,0.114423,True
2327100,2018-05-03,0.128275,0.0909647,True
2327100,2018-05-04,0.117232,0.0719479,True
2327100,2018-05-05,0.109869,0.0571291,True
2327100,2018-05-06,0.104206,0.0454172,True
2327100,2018-05-07,0.0991088,0.0359225,True
2327100,2018-05-08,0.0954276,0.0285237,True
2327100,2018-05-09,0.0931623,0.0225602,True
2327100,2018-05-10,0.0914633,0.0179352,False
2327100,2018-05-11,0.0894811,0.0142413,True
2327100,2018-05-12,0.0874989,0.011322,False
2327100,2018-05-13,0.0863662,0.00507963,False
2327100,2018-05-14,0.0869326,0.00447697,False
2327100,2018-05-15,0.130257,0.0580208,False
2327100,2018-05-16,0.217473,0.0968831,False
2327100,2018-05-17,0.308653,0.16053,False
2327100,2018-05-18,0.583326,0.277824,False
2327100,2018-05-19,1.67919,0.760093,False
2327100,2018-05-20,1.63105,0.862471,False
2327100,2018-06-06,7.84375,8.1985,True
2327100,2018-06-07,6.20138,6.50995,True
2327100,2018-06-23,2.26251,2.42587,True
2327100,2018-06-24,1.72449,1.93605,True
2327100,2018-06-25,1.33655,1.53131,False
2327100,2018-06-26,1.07321,1.21594,False
2327100,2018-06-27,1.21762,1.01448,False
2327100,2018-06-28,1.40451,1.00293,False
2327100,2018-08-10,11.1568,7.93895,True
2327100,2018-08-11,9.17464,6.3114,True
2327100,2018-09-12,3.96435,1.35492,True
2327100,2018-09-15,2.47206,0.679965,True
2327100,2018-09-16,1.8859,0.537813,False
2327100,2018-09-17,1.41867,0.427043,False
2327100,2018-09-18,1.3054,0.339497,False
2327100,2018-09-19,1.52628,0.780093,False
2327100,2018-09-24,1.76414,1.31877,False
2327100,2018-09-25,1.75281,1.08137,False
2327100,2018-10-04,1.71033,1.69109,True
2327100,2018-10-05,1.14683,1.37419,True
2327100,2018-10-06,0.804197,1.0968,True
2327100,2018-10-07,0.580494,0.875347,False
2327100,2018-10-08,0.447405,0.695064,False
2327100,2018-10-09,0.362455,0.552564,False
2327100,2018-10-19,5.43683,3.70671,True
2327100,2018-10-20,4.33247,2.94329,True
2327100,2018-10-21,3.45465,2.33987,True
2327100,2018-10-22,2.73257,1.85799,True
2327100,2018-10-23,2.1181,1.47703,True
2327100,2018-10-24,1.64521,1.16824,True
2327100,2018-10-25,1.29691,0.92765,True
2327100,2018-10-26,1.24877,0.733715,False
2327100,2018-10-27,1.28558,0.583299,False
2327100,2018-10-28,1.11002,0.463166,True
2327100,2018-10-29,0.917464,0.366337,True
2327100,2018-10-30,0.750395,0.291227,False
2327100,2018-10-31,0.600316,0.231244,False
2327100,2018-11-01,0.521029,0.183843,False
2327100,2018-11-02,0.654118,0.348947,False
2327100,2018-11-03,0.97693,0.486024,False
2327100,2018-11-04,1.04489,0.600237,False
2327100,2018-11-05,1.0279,0.559757,False
2327100,2018-11-06,0.974098,0.56772,False
2327100,2018-11-23,4.47405,1.81759,True
2326000,2018-01-01,0.937286,0.921126,False
2326000,2018-01-02,0.951444,0.891829,False
2326000,2018-01-03,0.957108,0.865938,False
2326000,2018-01-04,0.965603,0.840793,False
2326000,2018-01-05,0.962771,0.821204,False
2326000,2018-01-06,0.948613,0.797367,False
2326000,2018-01-07,0.937286,0.774219,False
2326000,2018-01-08,0.925959,0.753929,True
2326000,2018-01-09,0.917464,0.73423,False
2326000,2018-01-10,0.906138,0.712911,False
2326000,2018-01-11,0.900474,0.694225,False
2326000,2018-01-12,0.911801,0.676082,False
2326000,2018-01-13,0.917464,0.656453,False
2326000,2018-01-14,0.906138,0.637396,False
2326000,2018-01-15,0.894811,0.622552,False
2326000,2018-01-16,0.872157,0.604473,True
2326000,2018-01-17,0.855167,0.586921,True
2326000,2018-01-18,0.835346,0.571539,True
2326000,2018-01-19,0.824019,0.556609,True
2326000,2018-01-20,0.812692,0.540451,True
2326000,2018-01-21,0.801365,0.526285,True
2326000,2018-01-22,0.795702,0.512535,False
2326000,2018-01-23,0.798534,0.497656,False
2326000,2018-01-24,0.784375,0.484612,True
2326000,2018-01-25,0.77588,0.47195,False
2326000,2018-01-26,0.767385,0.458247,False
2326000,2018-01-27,0.761722,0.446238,False
2326000,2018-01-28,0.773049,0.434578,False
2326000,2018-01-29,0.908969,0.471082,False
2326000,2018-01-30,1.00525,0.501898,False
2326000,2018-01-31,1.05055,0.542928,False
2326000,2018-02-01,1.0817,0.556609,False
2326000,2018-02-02,1.04206,0.573252,False
2326000,2018-02-03,0.97693,0.573252,False
2326000,2018-02-04,1.00525,0.563206,False
2326000,2018-02-05,1.20063,0.616111,False
2326000,2018-02-06,1.29125,0.649942,False
2326000,2018-02-07,1.38186,0.701435,False
2326000,2018-02-08,1.43,0.761308,False
2326000,2018-02-09,1.39035,0.774219,False
2326000,2018-02-10,1.37336,0.794988,False
2326000,2018-02-11,1.36487,0.792679,False
2326000,2018-02-12,1.56875,0.847616,False
2326000,2018-02-13,1.77263,0.890648,False
2326000,2018-02-14,1.82643,0.949699,False
2326000,2018-02-15,1.83776,0.959959,False
2326000,2018-02-16,1.79529,0.98,False
2326000,2018-02-17,1.74715,0.971343,False
2326000,2018-02-18,1.7075,0.954317,False
2326000,2018-02-19,1.64237,0.932083,True
2326000,2018-02-20,1.57158,0.907731,False
2326000,2018-02-21,1.52344,0.886591,False
2326000,2018-02-22,1.43566,0.860851,True
2326000,2018-02-23,1.3762,0.838287,True
2326000,2018-02-24,1.32523,0.816377,True
2326000,2018-02-25,1.28275,0.792679,True
2326000,2018-02-26,1.26576,0.77191,False
2326000,2018-02-27,1.2516,0.751736,True
2326000,2018-02-28,1.22329,0.729907,True
2326000,2018-03-01,1.22612,0.708715,False
2326000,2018-03-02,1.2063,0.690145,False
2326000,2018-03-03,1.15533,0.672112,True
2326000,2018-03-04,1.11002,0.652598,True
2326000,2018-03-05,1.08453,0.635498,True
2326000,2018-03-06,1.06471,0.618895,False
2326000,2018-03-07,1.06188,0.600926,False
2326000,2018-03-08,1.03923,0.585174,True
2326000,2018-03-09,1.01657,0.569884,True
2326000,2018-03-10,0.99392,0.553339,True
2326000,2018-03-11,0.982593,0.538837,True
2326000,2018-03-12,0.991088,0.524757,False
2326000,2018-03-13,0.979761,0.50952,False
2326000,2018-03-14,0.962771,0.494728,False
2326000,2018-03-15,0.940118,0.483206,True
2326000,2018-03-16,0.917464,0.469178,False
2326000,2018-03-17,0.897643,0.455556,False
2326000,2018-03-18,0.900474,0.444942,False
2326000,2018-03-19,1.93687,0.540689,False
2326000,2018-03-26,3.11485,1.15579,True
2326000,2018-03-27,2.88831,1.13885,True
2326000,2018-03-28,2.6816,1.11565,True
2326000,2018-03-29,2.49471,1.08966,True
2326000,2018-03-30,2.34746,1.05803,True
2326000,2018-03-31,2.27667,1.03338,False
2326000,2018-04-01,2.16624,1.00338,False
2326000,2018-04-02,2.05014,0.974248,True
2326000,2018-04-03,1.93687,0.948715,True
2326000,2018-04-04,1.82643,0.923924,True
2326000,2018-04-05,1.73582,0.897095,False
2326000,2018-04-06,1.64237,0.873588,False
2326000,2018-04-07,1.71033,0.850764,False
2326000,2018-04-08,2.46073,0.943414,False
2326000,2018-04-09,2.55134,1.00599,False
2326000,2018-04-10,2.54285,1.00338,False
2326000,2018-04-11,2.65895,1.02127,False
2326000,2018-04-12,2.54568,1.01224,False
2326000,2018-04-13,2.40976,0.994508,False
2326000,2018-04-14,2.26251,0.971343,False
2326000,2018-04-15,2.29366,0.945961,False
2326000,2018-04-20,2.50321,1.11565,False
2326000,2018-04-21,2.30782,1.09283,False
2326000,2018-04-22,2.15774,1.06737,False
2326000,2018-04-28,2.574,1.35515,True
2326000,2018-04-29,2.36445,1.33142,True
2326000,2018-04-30,2.16907,1.30041,True
2326000,2018-05-01,1.98501,1.27008,True
2326000,2018-05-02,1.80944,1.23322,True
2326000,2018-05-03,1.66503,1.20087,True
2326000,2018-05-04,1.5376,1.16948,True
2326000,2018-05-05,1.44416,1.13554,True
2326000,2018-05-06,1.34505,1.10579,True
2326000,2018-05-07,1.25727,1.07689,True
2326000,2018-05-08,1.17798,1.04563,True
2326000,2018-05-09,1.0902,1.01527,True
2326000,2018-05-10,1.0279,0.988663,True
2326000,2018-05-11,0.974098,0.96283,True
2326000,2018-05-12,0.914633,0.934873,False
2326000,2018-05-13,0.874989,0.910376,False
2326000,2018-05-14,0.855167,0.886591,False
2326000,2018-05-15,0.903306,0.860851,False
2326000,2018-05-16,0.991088,0.853194,False
2326000,2018-05-17,1.36487,0.879439,False
2326000,2018-05-18,1.92837,0.931065,False
2326000,2018-05-19,2.21721,0.995833,False
2326000,2018-05-20,2.39277,1.07512,False
2326000,2018-06-21,7.67385,2.04091,True
2326000,2018-06-22,6.82435,1.98762,True
2326000,2018-07-12,7.98534,2.09583,True
2326000,2018-07-14,7.10752,1.98762,True
2326000,2018-07-15,6.37128,1.92986,True
2326000,2018-08-22,8.32514,2.31667,True
2326000,2018-08-23,7.39068,2.26273,True
2326000,2018-08-24,6.62613,2.19699,True
2326000,2018-09-15,6.71108,2.23617,True
2326000,2018-09-16,6.08811,2.17755,True
2326000,2018-09-17,5.60673,2.12066,True
2326000,2018-09-18,5.15366,2.05914,True
2326000,2018-09-19,4.81386,1.99936,True
2326000,2018-09-21,4.36079,1.89045,True
2326000,2018-09-22,3.96435,1.84103,True
2326000,2018-09-24,3.3697,1.73565,True
2326000,2018-09-25,3.08653,1.68524,True
2326000,2018-09-26,2.80903,1.64601,True
2326000,2018-09-27,2.65328,1.59821,False
2326000,2018-09-28,2.55134,1.55179,False
2326000,2018-09-29,2.37861,1.50677,False
2326000,2018-09-30,2.52586,1.55318,False
2326000,2018-10-01,2.4494,1.57512,False
2326000,2018-10-02,2.20871,1.561,False
2326000,2018-10-03,2.02182,1.55179,False
2326000,2018-10-04,1.85758,1.52465,True
2326000,2018-10-05,1.7075,1.4934,True
2326000,2018-10-06,1.56309,1.4544,True
2326000,2018-10-07,1.44699,1.42054,False
2326000,2018-10-08,1.35637,1.37934,False
2326000,2018-10-09,1.3054,1.34317,False
2326000,2018-10-10,1.46398,1.32344,False
2326000,2018-10-11,2.40693,1.36852,False
2326000,2018-10-12,2.49471,1.4048,False
2326000,2018-10-13,2.42675,1.39566,False
2326000,2018-10-14,2.34746,1.40388,False
2326000,2018-10-15,2.25968,1.38333,False
2326000,2018-10-16,2.23136,1.35515,False
2326000,2018-10-17,2.18039,1.32355,False
2326000,2018-10-18,2.07562,1.28513,False
2326000,2018-10-19,1.95669,1.25521,False
2326000,2018-10-20,1.84059,1.21875,False
2326000,2018-10-21,1.71883,1.18339,True
2326000,2018-10-22,1.58574,1.15237,True
2326000,2018-10-23,1.52628,1.12224,False
2326000,2018-10-24,1.4923,1.08966,False
2326000,2018-10-25,1.41584,1.05803,False
2326000,2018-10-26,1.51778,1.08371,False
2326000,2018-10-27,1.77263,1.10641,False
2326000,2018-10-28,1.73016,1.13911,False
2326000,2018-10-29,1.70184,1.14223,False
2326000,2018-10-30,1.63671,1.14223,False
2326000,2018-10-31,1.5461,1.12888,False
2326000,2018-11-01,1.50929,1.10909,False
2326000,2018-11-02,1.56026,1.08003,False
2326000,2018-11-03,1.7075,1.11664,False
2326000,2018-11-04,1.76414,1.13259,False
2326000,2018-11-05,2.20588,1.1911,False
2326000,2018-11-06,2.34746,1.25214,False
2326000,2018-11-07,2.46922,1.32037,False
2326000,2018-11-08,2.50604,1.33142,False
2326000,2018-11-09,2.42109,1.3511,False
2326000,2018-11-10,2.32481,1.33929,False
2326000,2018-11-11,2.17756,1.31186,False
2326000,2018-11-12,2.05014,1.28131,False
2326000,2018-11-13,1.96802,1.2478,False
2326000,2018-11-14,2.23703,1.30185,False
2326000,2018-11-23,4.44574,1.57951,True
2324000,2018-01-01,2.08978,2.00241,False
2324000,2018-01-02,2.12942,1.83669,False
2324000,2018-01-03,2.36162,1.80208,False
2324000,2018-01-04,2.86,1.85642,False
2324000,2018-01-05,2.7892,1.89306,False
2324000,2018-01-06,2.7439,1.83084,False
2324000,2018-01-07,2.63913,1.80341,False
2324000,2018-01-08,2.55418,1.71215,False
2324000,2018-01-09,2.52303,1.59641,False
2324000,2018-01-10,2.55984,1.47911,False
2324000,2018-01-11,2.64762,1.37072,False
2324000,2018-01-12,2.97326,1.55561,False
2324000,2018-01-13,3.79445,1.81626,False
2324000,2018-01-14,3.68118,2.04502,False
2324000,2018-01-15,3.56792,2.0809,False
2324000,2018-01-16,3.34138,2.14525,False
2324000,2018-01-17,3.17148,2.06823,True
2324000,2018-01-18,2.91663,1.94028,True
2324000,2018-01-19,2.74956,1.80868,True
2324000,2018-01-20,2.63063,1.67622,False
2324000,2018-01-21,2.55701,1.54844,False
2324000,2018-01-22,2.49754,1.43472,False
2324000,2018-01-23,2.88831,1.58438,False
2324000,2018-01-24,2.94495,1.68831,False
2324000,2018-01-25,2.82602,1.64057,False
2324000,2018-01-26,2.68726,1.6559,False
2324000,2018-01-27,2.59099,1.58675,False
2324000,2018-01-28,2.81186,1.69664,False
2324000,2018-02-09,11.5249,6.76985,True
2324000,2018-02-10,10.817,6.33079,True
2324000,2018-02-11,10.0808,5.88426,True
2324000,2018-02-14,9.03306,4.65278,True
2324000,2018-02-15,8.60831,4.29826,True
2324000,2018-02-16,8.18356,3.97078,True
2324000,2018-02-18,7.36237,3.39959,True
2324000,2018-02-19,6.93762,3.13061,True
2324000,2018-02-20,6.51286,2.90127,True
2324000,2018-02-21,6.17306,2.68027,False
2324000,2018-02-22,5.83326,2.47604,False
2324000,2018-02-23,5.46514,2.28738,True
2324000,2018-02-24,5.09702,2.11314,True
2324000,2018-02-25,4.75722,1.95214,True
2324000,2018-02-26,4.44574,1.80341,True
2324000,2018-02-27,4.27584,1.66597,True
2324000,2018-02-28,4.0493,1.53912,True
2324000,2018-03-01,3.99267,1.42598,False
2324000,2018-03-02,3.85108,1.31736,False
2324000,2018-03-03,3.62455,1.21696,False
2324000,2018-03-04,3.3697,1.12424,True
2324000,2018-03-05,3.14316,1.0386,True
2324000,2018-03-06,2.94495,0.959468,False
2324000,2018-03-07,2.86,0.88919,False
2324000,2018-03-08,2.63629,0.821441,True
2324000,2018-03-09,2.47206,0.758854,False
2324000,2018-03-10,2.34746,0.701042,False
2324000,2018-03-11,2.28517,0.649531,False
2324000,2018-03-12,2.34746,0.600046,False
2324000,2018-03-13,2.20588,0.554329,False
2324000,2018-03-14,2.08412,0.512095,False
2324000,2018-03-15,1.96519,0.473079,True
2324000,2018-03-16,1.88024,0.43842,False
2324000,2018-03-17,1.8236,0.405023,False
2324000,2018-03-18,1.7783,0.374161,False
2324000,2018-04-03,13.4788,9.75938,True
2324000,2018-04-04,12.2329,9.20914,True
2324000,2018-04-25,17.3016,13.8137,True
2324000,2018-04-26,15.1778,12.7616,True
2324000,2018-04-27,13.4788,11.7891,True
2324000,2018-04-28,11.9214,10.8567,True
2324000,2018-04-29,10.4772,10.0003,True
2324000,2018-04-30,9.11801,9.23843,True
2324000,2018-05-01,7.98534,8.53455,True
2324000,2018-05-02,7.0792,7.88432,True
2324000,2018-05-03,6.28633,7.26053,True
2324000,2018-05-04,5.57841,6.70741,True
2324000,2018-05-05,4.92712,6.19635,True
2324000,2018-05-06,4.36079,5.70752,True
2324000,2018-05-07,3.85108,5.27274,True
2324000,2018-05-08,3.34138,4.87101,True
2324000,2018-05-09,2.91663,4.49988,True
2324000,2018-05-10,2.56833,4.15706,True
2324000,2018-05-11,2.24835,3.84039,True
2324000,2018-05-12,1.97085,3.54774,False
2324000,2018-05-13,1.75281,3.27749,False
2324000,2018-05-14,1.71317,3.02772,False
2324000,2018-05-15,2.30216,2.79705,False
2324000,2018-05-16,2.94495,2.63009,False
2324000,2018-05-17,3.34138,2.57407,False
2324000,2018-05-18,3.82277,2.60804,False
2324000,2018-05-19,5.15366,2.90041,False
2324000,2018-05-20,5.66336,3.17888,False
2324000,2018-06-03,16.2822,10.3728,True
2324000,2018-06-12,9.74098,8.0298,True
2324000,2018-06-14,8.94811,6.95723,True
2324000,2018-06-17,7.53227,5.48519,False
2324000,2018-06-23,7.36237,4.84144,False
2324000,2018-06-24,6.7394,4.51308,False
2324000,2018-06-25,6.00316,4.18252,False
2324000,2018-06-26,5.94653,3.87512,False
2324000,2018-06-27,6.20138,3.57986,False
2324000,2018-06-28,5.80494,3.30712,False
2324000,2018-06-29,5.83326,3.05515,False
2324000,2018-06-30,5.91821,2.8224,False
2324000,2018-07-15,13.8469,9.75938,True
2324000,2018-09-13,22.0588,11.7891,True
2324000,2018-09-14,19.935,10.8912,True
2324000,2018-09-15,17.8962,10.0003,True
2324000,2018-09-16,16.1123,9.23843,True
2324000,2018-09-17,14.6115,8.53455,True
2324000,2018-09-18,13.3655,7.88432,True
2324000,2018-09-19,12.4311,7.28362,True
2324000,2018-09-29,7.39068,5.43588,True
2324000,2018-09-30,6.9093,5.08333,True
2324000,2018-10-01,6.45623,4.72477,False
2324000,2018-10-02,6.88098,4.76881,False
2324000,2018-10-03,6.25801,4.62106,True
2324000,2018-10-04,5.63504,4.39155,True
2324000,2018-10-05,5.04039,4.2338,True
2324000,2018-10-06,4.53069,3.97078,True
2324000,2018-10-07,4.10594,3.70243,False
2324000,2018-10-08,3.68118,3.42037,False
2324000,2018-10-09,3.42633,3.16904,False
2324000,2018-10-10,5.40851,3.33779,False
2324000,2018-10-13,6.93762,4.29826,False
2324000,2018-10-14,6.20138,4.39155,False
2324000,2018-10-15,5.71999,4.22037,False
2324000,2018-10-16,5.18197,3.9592,False
2324000,2018-10-17,4.64396,3.67992,True
2324000,2018-10-18,4.10594,3.40955,True
2324000,2018-10-19,3.68118,3.15978,True
2324000,2018-10-20,3.34138,2.91904,False
2324000,2018-10-21,3.00158,2.69659,True
2324000,2018-10-22,2.63346,2.4912,True
2324000,2018-10-23,2.47772,2.30139,True
2324000,2018-10-24,2.42675,2.12604,False
2324000,2018-10-25,2.27384,1.96406,False
2324000,2018-10-26,2.39277,1.81441,False
2324000,2018-10-27,2.39277,1.67622,False
2324000,2018-10-28,2.27384,1.55301,False
2324000,2018-10-29,2.23703,1.43472,False
2324000,2018-10-30,2.15208,1.32541,False
2324000,2018-10-31,2.02182,1.22442,False
2324000,2018-11-01,1.92554,1.13113,False
2324000,2018-11-02,2.14358,1.22794,False
2324000,2018-11-03,2.86,1.40515,False
2324000,2018-11-04,3.22812,1.63611,False
2324000,2018-11-05,4.61564,2.1125,False
2324000,2018-11-06,4.58732,2.43241,False
2324000,2018-11-07,4.41742,2.52176,False
2324000,2018-11-08,4.30415,2.61568,False
2324000,2018-11-09,4.2192,2.52911,False
2324000,2018-11-10,3.96435,2.37957,True
2324000,2018-11-11,3.5396,2.21169,False
2324000,2018-11-12,3.34138,2.05573,False
2324000,2018-11-13,3.22812,1.89907,False
2324000,2018-11-14,3.7095,2.08275,False
2324000,2018-11-15,4.58732,2.3485,False
2324000,2018-11-16,4.75722,2.59965,False
2324000,2018-11-17,4.75722,2.61568,False
2324000,2018-11-18,4.78554,2.68027,False
2324000,2018-11-19,4.70059,2.56829,False
2324000,2018-11-20,4.559,2.41638,False
2324000,2018-11-21,4.30415,2.24589,True
2324000,2018-11-22,3.99267,2.0809,True
2324000,2018-11-23,3.76613,1.92234,False
2324000,2018-11-24,3.62455,1.77587,False
2324000,2018-11-25,3.45465,1.64578,False
2324000,2018-11-26,3.82277,1.90775,False
2324000,2018-11-27,5.09702,2.26725,False
2324000,2018-11-28,4.84217,2.56406,False
2324000,2018-11-29,4.61564,2.61568,False
2324000,2018-11-30,4.33247,2.71314,False
2324000,2018-12-01,7.02257,3.30556,False
2322700,2018-01-01,8.38177,8.36682,False
2322700,2018-01-02,8.26851,8.35185,False
2322700,2018-01-03,8.57999,8.35185,False
2322700,2018-01-04,8.32514,8.35185,False
2322700,2018-01-05,8.21187,8.35185,False
2322700,2018-01-06,8.18356,8.35185,False
2322700,2018-01-07,8.38177,8.35185,False
2322700,2018-01-08,8.49504,8.35185,False
2322700,2018-01-09,8.55167,8.35185,False
2322700,2018-01-10,8.57999,8.35185,False
2322700,2018-01-11,8.63662,8.35185,False
2322700,2018-01-13,8.24019,8.35185,False
2322700,2018-01-14,8.26851,8.35185,False
2322700,2018-01-15,8.32514,8.35185,False
2322700,2018-01-16,8.35346,8.35185,False
2322700,2018-01-17,8.32514,8.35185,False
2322700,2018-01-18,8.04197,8.35185,False
2322700,2018-01-19,8.07029,8.35185,False
2322700,2018-01-20,8.0986,8.34034,False
2322700,2018-01-21,8.32514,8.32882,False
2322700,2018-01-22,8.26851,8.32882,False
2322700,2018-01-24,8.0986,8.32882,False
2322700,2018-01-25,7.98534,8.32882,False
2322700,2018-01-26,8.0986,8.32882,False
2322700,2018-01-27,8.35346,8.32882,False
2322700,2018-01-30,8.43841,8.32882,False
2322700,2018-01-31,8.43841,8.32882,False
2322700,2018-02-01,8.41009,8.32882,False
2322700,2018-02-02,8.38177,8.32882,False
2322700,2018-02-03,8.41009,8.32882,False
2322700,2018-02-06,8.66494,8.32882,False
2322700,2018-03-10,8.66494,8.28287,False
2322700,2018-03-11,8.66494,8.28287,False
2322700,2018-03-14,8.63662,8.28287,False
2322700,2018-03-15,8.49504,8.28287,False
2322700,2018-03-16,8.49504,8.28287,False
2322700,2018-03-17,8.52336,8.28287,False
2322700,2018-03-18,8.52336,8.28287,False
2322700,2018-03-19,8.55167,8.28287,False
2322700,2018-03-20,8.55167,8.28287,False
2322700,2018-03-21,8.57999,8.27141,False
2322700,2018-03-22,8.57999,8.25995,False
2322700,2018-03-23,8.60831,8.25995,False
2322700,2018-03-24,8.60831,8.25995,False
2322700,2018-03-25,8.63662,8.25995,False
2322700,2018-03-26,8.63662,8.25995,False
2322700,2018-03-27,8.63662,8.25995,False
2322700,2018-03-28,8.66494,8.25995,False
2322700,2018-03-29,8.66494,8.25995,False
2322700,2018-05-08,8.66494,8.21435,False
2322700,2018-05-09,8.66494,8.21435,False
2322700,2018-05-12,8.66494,8.21435,False
2322700,2018-05-13,8.49504,8.21435,False
2322700,2018-05-18,8.66494,8.21435,False
2322700,2018-05-30,8.80652,8.19167,True
2322700,2018-06-01,8.57999,8.19167,False
2322700,2018-06-05,8.63662,8.19167,False
2322700,2018-06-06,8.57999,8.19167,False
2322700,2018-06-07,8.52336,8.19167,True
2322700,2018-06-08,8.35346,8.19167,False
2322700,2018-06-09,8.35346,8.18032,False
2322700,2018-06-10,8.18356,8.16898,False
2322700,2018-06-11,8.21187,8.16898,False
2322700,2018-06-12,8.32514,8.16898,False
2322700,2018-06-13,8.12692,8.16898,False
2322700,2018-06-14,8.18356,8.16898,False
2322700,2018-06-15,8.15524,8.16898,False
2322700,2018-06-16,8.35346,8.16898,False
2322700,2018-06-17,8.32514,8.16898,False
2322700,2018-06-18,8.24019,8.16898,False
2322700,2018-06-19,8.26851,8.16898,False
2322700,2018-06-20,8.52336,8.16898,False
2322700,2018-06-21,8.35346,8.16898,False
2322700,2018-06-22,8.52336,8.16898,False
2322700,2018-06-23,8.52336,8.16898,False
2322700,2018-06-24,8.46672,8.16898,False
2322700,2018-06-25,8.55167,8.16898,False
2322700,2018-06-26,8.46672,8.16898,False
2322700,2018-06-27,8.55167,8.16898,False
2322700,2018-06-28,8.66494,8.16898,False
2322700,2018-06-29,8.57999,8.1577,False
2322700,2018-06-30,8.57999,8.14641,False
2322700,2018-07-01,8.41009,8.14641,False
2322700,2018-07-02,8.24019,8.14641,False
2322700,2018-07-03,8.43841,8.14641,False
2322700,2018-07-04,8.55167,8.14641,False
2322700,2018-07-05,8.46672,8.14641,False
2322700,2018-07-06,8.41009,8.14641,False
2322700,2018-07-07,8.46672,8.14641,False
2322700,2018-07-08,8.52336,8.14641,False
2322700,2018-07-09,8.49504,8.14641,False
2322700,2018-07-10,8.35346,8.14641,False
2322700,2018-07-11,8.41009,8.14641,False
2322700,2018-07-12,8.49504,8.14641,False
2322700,2018-07-13,8.43841,8.14641,False
2322700,2018-07-14,8.55167,8.14641,False
2322700,2018-07-15,8.46672,8.14641,False
2322700,2018-07-16,8.46672,8.14641,False
2322700,2018-07-17,8.60831,8.14641,False
2322700,2018-07-18,8.60831,8.14641,False
2322700,2018-07-21,8.63662,8.12384,False
2322700,2018-08-07,8.63662,8.12384,False
2322700,2018-12-10,8.60831,7.99005,False
2322700,2018-12-12,8.52336,7.99005,False
2322700,2018-12-17,8.66494,7.99005,False
2315550,2018-01-01,11.355,11.1113,False
2315550,2018-01-02,11.6099,10.6343,False
2315550,2018-01-03,12.4028,10.4667,False
2315550,2018-01-04,14.0451,10.5375,False
2315550,2018-01-05,14.2717,10.7701,False
2315550,2018-01-06,14.0734,10.6004,False
2315550,2018-01-07,14.0451,10.5679,False
2315550,2018-01-08,13.7903,10.3064,False
2315550,2018-01-09,13.6204,9.9261,False
2315550,2018-01-10,13.3938,9.55984,False
2315550,2018-01-11,13.1956,9.20718,False
2315550,2018-01-12,13.7053,8.81209,False
2315550,2018-01-13,15.8008,9.51001,False
2315550,2018-01-14,17.5847,10.3233,False
2315550,2018-01-15,18.3493,11.3483,False
2315550,2018-01-16,18.321,11.609,False
2315550,2018-01-17,17.8679,11.9792,False
2315550,2018-01-18,17.1883,11.9034,False
2315550,2018-01-19,16.5087,11.5366,True
2315550,2018-01-20,15.9707,11.1111,True
2315550,2018-01-21,15.5176,10.7012,True
2315550,2018-01-22,15.0645,10.3064,True
2315550,2018-01-23,14.6681,9.86412,False
2315550,2018-01-24,14.2717,9.4408,False
2315550,2018-01-25,13.7336,9.09253,True
2315550,2018-01-26,13.2239,8.70237,False
2315550,2018-01-27,12.6859,8.32894,False
2315550,2018-01-28,12.4877,7.99601,False
2315550,2018-01-29,19.6802,9.42512,False
2315550,2018-02-03,23.6162,16.386,False
2315550,2018-02-16,38.2277,19.7737,True
2315550,2018-02-17,36.8118,18.9253,True
2315550,2018-02-18,35.396,18.169,True
2315550,2018-02-19,33.9802,17.445,True
2315550,2018-02-20,32.5643,16.6968,True
2315550,2018-02-21,31.4316,15.9803,True
2315550,2018-02-23,29.4495,14.7303,True
2315550,2018-02-24,28.3168,14.0984,True
2315550,2018-02-25,27.2408,13.5781,True
2315550,2018-02-26,26.1364,12.9954,True
2315550,2018-03-03,23.5313,10.5019,True
2315550,2018-03-04,22.1721,10.1145,True
2315550,2018-03-05,21.0394,9.68044,True
2315550,2018-03-06,19.935,9.26505,True
2315550,2018-03-07,18.8307,8.92321,True
2315550,2018-03-08,17.8113,8.54028,True
2315550,2018-03-09,16.9901,8.17384,True
2315550,2018-03-10,16.1689,7.84716,True
2315550,2018-03-11,15.9424,7.53443,False
2315550,2018-03-12,15.9707,7.21111,False
2315550,2018-03-13,15.4893,6.90168,True
2315550,2018-03-14,15.2344,6.64711,False
2315550,2018-03-15,14.8946,6.36186,False
2315550,2018-03-16,14.1584,6.08883,False
2315550,2018-03-17,13.4505,5.86424,False
2315550,2018-03-18,12.9691,5.61256,False
2315550,2018-03-19,13.5354,5.3717,False
2315550,2018-03-20,15.0362,6.59931,False
2315550,2018-03-21,15.4043,7.62159,False
2315550,2018-03-22,14.3849,7.89647,False
2315550,2018-03-23,13.3089,8.48698,False
2315550,2018-03-24,12.4028,8.48698,False
2315550,2018-03-25,11.7515,8.32894,False
2315550,2018-03-26,12.1196,8.0463,False
2315550,2018-03-27,16.7919,9.05127,False
2315550,2018-03-28,17.1317,9.7849,False
2315550,2018-03-29,15.5459,9.9261,False
2315550,2018-03-30,14.3849,10.3064,False
2315550,2018-03-31,13.5354,10.2093,True
2315550,2018-04-01,13.1673,9.9261,False
2315550,2018-04-02,12.6576,9.58924,False
2315550,2018-04-03,11.9497,9.20718,True
2315550,2018-04-04,11.4117,8.86748,False
2315550,2018-04-05,11.0719,8.48698,False
2315550,2018-04-06,10.5338,8.1478,False
2315550,2018-04-07,10.5338,7.82315,False
2315550,2018-04-08,12.9408,8.2724,False
2315550,2018-04-09,15.0929,8.93247,False
2315550,2018-04-10,17.5564,10.0678,False
2315550,2018-04-11,21.5774,11.8317,False
2315550,2018-04-12,21.3792,13.2674,False
2315550,2018-04-13,19.5386,13.8779,False
2315550,2018-04-14,18.4626,14.456,False
2315550,2018-04-15,19.6235,15.0098,False
2315550,2018-04-21,25.5418,20.2755,True
2315550,2018-04-22,22.257,19.6505,True
2315550,2018-04-23,21.0111,18.9253,False
2315550,2018-04-24,20.9261,18.1134,False
2315550,2018-04-25,20.1616,17.445,False
2315550,2018-04-26,21.096,16.6968,False
2315550,2018-04-27,20.5297,15.9803,False
2315550,2018-04-28,19.3404,15.3414,False
2315550,2018-04-29,17.613,14.7303,False
2315550,2018-04-30,15.9424,14.0984,True
2315550,2018-05-01,15.3194,13.5347,False
2315550,2018-05-02,14.3849,12.9954,True
2315550,2018-05-03,13.3372,12.4375,True
2315550,2018-05-04,12.4594,11.9034,True
2315550,2018-05-05,11.8081,11.4649,True
2315550,2018-05-06,11.1851,10.9727,True
2315550,2018-05-07,10.6188,10.5019,True
2315550,2018-05-08,10.1091,10.1145,True
2315550,2018-05-09,9.88256,9.68044,False
2315550,2018-05-10,9.40118,9.26505,True
2315550,2018-05-11,8.63662,8.89473,True
2315550,2018-05-12,8.32514,8.54028,False
2315550,2018-05-13,8.32514,8.17384,False
2315550,2018-05-14,8.07029,7.82315,False
2315550,2018-05-15,8.43841,7.53443,False
2315550,2018-05-16,9.37286,7.48652,False
2315550,2018-05-17,13.1673,8.08044,False
2315550,2018-06-24,45.8732,24.6221,True
2315550,2018-06-25,41.0594,23.566,True
2315550,2018-07-12,34.2633,24.7772,True
2315550,2018-09-14,47.2891,19.1644,True
2315550,2018-09-15,44.4574,18.4572,True
2315550,2018-09-17,40.2099,16.9068,True
2315550,2018-09-18,38.2277,16.2309,True
2315550,2018-09-19,35.6792,15.5845,True
2315550,2018-09-20,33.697,14.9161,True
2315550,2018-09-21,31.7148,14.32,True
2315550,2018-09-23,29.4495,13.1591,True
2315550,2018-09-24,27.6938,12.5943,True
2315550,2018-09-26,25.4002,11.609,True
2315550,2018-09-27,24.4657,11.1111,True
2315550,2018-09-28,23.2198,10.667,True
2315550,2018-09-29,22.4552,10.242,False
2315550,2018-09-30,22.5119,9.80255,False
2315550,2018-10-01,22.3986,9.41071,False
2315550,2018-10-02,23.4463,9.03571,False
2315550,2018-10-05,22.6818,12.8333,False
2315550,2018-10-06,20.9827,13.6632,False
2315550,2018-10-07,19.5952,13.6632,False
2315550,2018-10-08,19.0289,13.3247,False
2315550,2018-10-09,18.8024,12.9138,False
2315550,2018-10-10,19.0855,12.3976,False
2315550,2018-10-11,19.2554,11.9034,False
2315550,2018-10-12,18.859,11.4278,False
2315550,2018-10-13,17.7263,10.9727,False
2315550,2018-10-14,16.9051,10.5019,False
2315550,2018-10-15,16.2255,10.0822,False
2315550,2018-10-16,16.9618,9.68044,False
2315550,2018-10-17,16.1123,9.26505,False
2315550,2018-10-18,15.0929,8.89473,False
2315550,2018-10-19,13.9319,8.54028,True
2315550,2018-10-20,13.3372,8.17384,False
2315550,2018-10-21,12.7142,7.82315,False
2315550,2018-10-22,11.978,7.53443,False
2315550,2018-10-23,12.6576,7.99404,False
2315550,2018-10-24,12.6293,8.28958,False
2315550,2018-10-25,11.8647,8.27691,False
2315550,2018-10-26,11.3834,8.38131,False
2315550,2018-10-27,11.4117,8.22523,False
2315550,2018-10-28,10.7038,7.97153,False
2315550,2018-10-29,10.3356,7.67743,False
2315550,2018-10-30,10.6471,7.39416,False
2315550,2018-10-31,10.4489,7.07691,False
2315550,2018-11-01,10.0241,6.81574,False
2315550,2018-11-02,10.0241,6.52332,False
2315550,2018-11-03,10.1091,6.2434,False
2315550,2018-11-04,10.4772,6.01308,False
2315550,2018-11-05,13.4505,6.88814,False
2315550,2018-11-06,13.3655,7.50457,False
2315550,2018-11-07,14.6681,8.5735,False
2315550,2018-11-08,15.3194,9.69907,False
2315550,2018-11-09,15.2911,10.0513,False
2315550,2018-11-10,14.8946,10.4363,False
2315550,2018-11-11,14.1867,10.3064,False
2315550,2018-11-12,13.8186,10.0513,False
2315550,2018-11-13,13.8752,9.68044,False
2315550,2018-11-14,15.1495,10.1637,False
2315550,2018-11-15,18.3776,10.9091,False
2315550,2018-11-16,21.2376,12.3106,False
2315550,2018-11-17,21.4641,13.6042,False
2315550,2018-11-18,21.0394,14.0098,False
2315550,2018-11-19,20.1899,14.5469,False
2315550,2018-11-20,19.8501,14.3657,False
2315550,2018-11-21,19.3121,14.0098,True
2315550,2018-11-22,18.9156,13.4931,True
2315550,2018-11-23,18.4059,12.9954,False
2315550,2018-11-24,18.0095,12.4763,False
2315550,2018-11-25,17.8113,11.9792,False
2315550,2018-11-26,18.0661,11.4649,False
2315550,2018-11-27,19.2271,12.2051,False
2315550,2018-11-28,21.3509,13.0833,False
2315500,2018-01-01,9.79761,9.5116,False
2315500,2018-01-02,10.1657,8.96036,False
2315500,2018-01-03,11.0152,8.79277,False
2315500,2018-01-04,12.3178,8.82876,False
2315500,2018-01-05,12.4594,8.92633,False
2315500,2018-01-06,12.8275,8.73038,False
2315500,2018-01-07,12.6293,8.60208,False
2315500,2018-01-08,12.1762,8.25984,False
2315500,2018-01-09,11.7232,7.87106,False
2315500,2018-01-10,11.6382,7.47373,False
2315500,2018-01-11,11.6948,7.07095,False
2315500,2018-01-12,12.5443,7.55399,False
2315500,2018-01-13,15.6309,8.27992,False
2315500,2018-01-18,16.3388,10.5447,False
2315500,2018-01-19,15.6592,10.1231,True
2315500,2018-01-20,15.0079,9.64861,True
2315500,2018-01-21,14.3849,9.12674,True
2315500,2018-01-22,13.8752,8.63484,True
2315500,2018-01-23,13.7336,8.1989,False
2315500,2018-01-24,13.3938,7.75544,False
2315500,2018-01-25,12.7709,7.3375,True
2315500,2018-01-26,12.1479,6.96707,False
2315500,2018-01-27,11.6099,6.56655,False
2315500,2018-01-28,11.4683,6.23501,False
2315500,2018-02-14,38.5108,18.1649,True
2315500,2018-02-15,36.8118,17.1858,True
2315500,2018-02-19,30.5821,13.7639,True
2315500,2018-02-20,28.8831,13.0689,True
2315500,2018-02-21,27.354,12.3617,True
2315500,2018-02-22,25.9948,11.6957,True
2315500,2018-02-23,24.6639,11.0633,True
2315500,2018-02-24,23.3614,10.467,True
2315500,2018-03-04,18.1794,6.76383,True
2315500,2018-03-05,17.075,6.375,True
2315500,2018-03-06,16.0839,6.05312,True
2315500,2018-03-07,15.3477,5.72569,False
2315500,2018-03-08,14.5832,5.41713,False
2315500,2018-03-09,13.762,5.12413,True
2315500,2018-03-10,12.8841,4.84797,False
2315500,2018-03-11,12.1479,4.60324,False
2315500,2018-03-12,12.516,4.3386,False
2315500,2018-03-13,12.6576,4.1195,False
2315500,2018-03-14,12.5443,3.8967,False
2315500,2018-03-15,11.8931,3.68669,False
2315500,2018-03-16,11.1568,3.48727,False
2315500,2018-03-17,10.4489,3.29936,False
2315500,2018-03-18,9.88256,3.13275,False
2315500,2018-03-19,10.194,2.95266,False
2315500,2018-03-20,12.0913,4.15064,False
2315500,2018-03-21,12.3461,5.02402,False
2315500,2018-03-22,11.4683,5.23918,False
2315500,2018-03-23,10.4206,5.70515,False
2315500,2018-03-24,9.54276,5.68351,False
2315500,2018-03-25,8.86316,5.49792,False
2315500,2018-03-26,11.4117,6.093,False
2315500,2018-03-27,12.5727,6.65318,False
2315500,2018-03-28,12.0346,7.26765,False
2315500,2018-03-29,11.0436,7.39201,False
2315500,2018-03-30,10.3073,7.58519,False
2315500,2018-03-31,10.0808,7.39201,False
2315500,2018-04-01,9.62771,7.09641,False
2315500,2018-04-02,9.11801,6.76383,True
2315500,2018-04-03,8.57999,6.39797,True
2315500,2018-04-04,8.15524,6.05312,False
2315500,2018-04-05,7.84375,5.74751,False
2315500,2018-04-06,7.36237,5.43663,False
2315500,2018-04-07,7.30573,5.14363,False
2315500,2018-04-08,10.1091,5.61186,False
2315500,2018-04-09,10.4772,5.9136,False
2315500,2018-04-10,12.063,6.58958,False
2315500,2018-04-11,15.2628,7.75312,False
2315500,2018-04-12,14.1301,7.84282,False
2315500,2018-04-13,12.6576,8.16777,False
2315500,2018-04-14,11.2701,8.01892,False
2315500,2018-04-15,13.1956,8.42332,False
2315500,2018-04-20,17.2449,13.5619,True
2315500,2018-04-21,15.0362,13.0689,False
2315500,2018-04-22,13.4788,12.4543,False
2315500,2018-04-23,13.3655,11.8255,False
2315500,2018-04-24,14.0734,11.5616,False
2315500,2018-04-25,14.6681,11.3925,False
2315500,2018-04-26,14.6398,10.9422,False
2315500,2018-04-27,13.4788,10.623,False
2315500,2018-04-28,12.1196,10.1617,False
2315500,2018-04-29,10.8453,9.64861,True
2315500,2018-04-30,9.71266,9.12674,True
2315500,2018-05-01,8.66494,8.63484,True
2315500,2018-05-02,7.81544,8.1989,True
2315500,2018-05-03,7.0792,7.75544,True
2315500,2018-05-04,6.42791,7.3375,True
2315500,2018-05-05,5.91821,6.94062,True
2315500,2018-05-06,5.40851,6.56655,True
2315500,2018-05-07,4.98376,6.23501,True
2315500,2018-05-08,4.47405,5.89774,True
2315500,2018-05-09,4.10594,5.57986,True
2315500,2018-05-10,3.7095,5.27807,True
2315500,2018-05-11,3.3697,4.99363,True
2315500,2018-05-12,3.0299,4.7235,True
2315500,2018-05-13,2.75239,4.46892,False
2315500,2018-05-14,2.49188,4.24329,False
2315500,2018-05-15,2.74673,4.01377,False
2315500,2018-05-16,4.02099,3.81117,False
2315500,2018-05-17,16.537,5.4695,False
2315500,2018-08-29,48.9881,27.2899,True
2315500,2018-09-01,44.4574,23.1059,True
2315500,2018-09-15,33.1307,10.702,True
2315500,2018-09-16,30.5821,10.1617,True
2315500,2018-09-17,28.3168,9.57755,True
2315500,2018-09-18,26.3913,9.09398,True
2315500,2018-09-19,24.6356,8.60208,True
2315500,2018-09-20,22.9649,8.13843,True
2315500,2018-09-21,21.3509,7.69826,True
2315500,2018-09-22,20.1049,7.28339,True
2315500,2018-09-23,18.8873,6.91568,True
2315500,2018-09-24,17.7546,6.51811,True
2315500,2018-09-25,16.7635,6.18906,True
2315500,2018-09-26,16.0839,5.85428,True
2315500,2018-09-27,15.376,5.53877,False
2315500,2018-09-28,14.9513,5.23918,False
2315500,2018-09-29,15.2061,4.95677,False
2315500,2018-09-30,14.9513,4.68866,False
2315500,2018-10-01,15.8857,6.089,False
2315500,2018-10-04,16.0839,7.87106,False
2315500,2018-10-05,14.9796,7.81308,False
2315500,2018-10-06,13.9602,7.52922,True
2315500,2018-10-07,12.9974,7.17639,True
2315500,2018-10-08,12.2329,6.81406,False
2315500,2018-10-09,11.978,6.47002,False
2315500,2018-10-10,12.1196,6.12008,False
2315500,2018-10-11,12.601,5.79022,False
2315500,2018-10-12,12.7992,5.49792,False
2315500,2018-10-13,12.4311,5.20052,False
2315500,2018-10-14,11.6382,4.92025,False
2315500,2018-10-15,10.9303,4.65411,True
2315500,2018-10-16,10.3639,4.40324,True
2315500,2018-10-17,9.91088,4.1651,False
2315500,2018-10-18,9.37286,3.94062,True
2315500,2018-10-19,8.80652,3.74167,True
2315500,2018-10-20,8.32514,3.53929,True
2315500,2018-10-21,7.9287,3.34855,True
2315500,2018-10-22,7.53227,3.16742,True
2315500,2018-10-23,7.44732,2.9967,False
2315500,2018-10-24,7.50395,2.83461,False
2315500,2018-10-25,7.16415,2.68183,False
2315500,2018-10-26,7.36237,2.54641,False
2315500,2018-10-27,7.419,2.40868,False
2315500,2018-10-28,7.16415,2.27888,False
2315500,2018-10-29,7.02257,2.15561,False
2315500,2018-10-30,6.7394,2.03941,False
2315500,2018-10-31,6.3996,1.92911,False
2315500,2018-11-01,6.08811,1.82517,False
2315500,2018-11-02,6.08811,1.73299,False
2315500,2018-11-03,6.25801,1.63929,False
2315500,2018-11-04,6.11643,1.55093,False
2315500,2018-11-05,7.39068,2.3298,False
2315500,2018-11-06,9.88256,3.18108,False
2315500,2018-11-07,11.7515,4.36609,False
2315500,2018-11-08,12.3178,5.6327,False
2315500,2018-11-09,12.0063,6.05312,False
2315500,2018-11-10,11.5816,6.56655,False
2315500,2018-11-11,11.1285,6.51811,False
2315500,2018-11-12,10.6754,6.30399,False
2315500,2018-11-13,10.4772,6.00851,False
2315500,2018-11-14,11.1851,6.47089,False
2315500,2018-11-15,13.7903,7.14699,False
2315500,2018-11-16,15.8291,8.09149,False
2315500,2018-11-18,16.3388,10.0923,False
2315500,2018-11-19,15.6592,10.3503,False
2315500,2018-11-20,14.9796,10.5828,False
2315500,2018-11-21,14.4133,10.3132,False
2315500,2018-11-22,13.7903,9.86522,True
2315500,2018-11-23,13.0824,9.40098,True
2315500,2018-11-24,12.4877,8.92633,False
2315500,2018-11-25,11.8931,8.44525,False
2315500,2018-11-26,11.8647,7.98848,False
2315500,2018-11-27,13.4505,8.40226,False
2228500,2018-01-01,1.59424,1.48207,False
2228500,2018-01-17,2.26818,1.42355,True
2228500,2018-01-18,2.09544,1.2588,True
2228500,2018-01-19,1.92271,1.10489,True
2228500,2018-01-20,1.79245,0.969282,True
2228500,2018-01-21,1.69901,0.844091,True
2228500,2018-01-22,1.62538,0.737766,True
2228500,2018-01-23,1.58857,0.644838,False
2228500,2018-01-24,1.55176,0.563611,False
2228500,2018-01-25,1.44133,0.490527,False
2228500,2018-01-26,1.33655,0.428744,False
2228500,2018-01-27,1.26576,0.37474,False
2228500,2018-01-28,1.28558,0.327535,False
2228500,2018-02-20,4.78554,3.41435,True
2228500,2018-02-21,4.33247,2.98432,True
2228500,2018-02-22,3.93604,2.59884,True
2228500,2018-02-23,3.56792,2.27147,True
2228500,2018-02-24,3.25643,1.98536,True
2228500,2018-02-25,2.97326,1.7353,True
2228500,2018-02-26,2.74956,1.51024,True
2228500,2018-03-03,1.98784,0.767569,True
2228500,2018-03-04,1.7613,0.670885,True
2228500,2018-03-05,1.58574,0.583895,True
2228500,2018-03-06,1.45265,0.510341,True
2228500,2018-03-07,1.3677,0.446059,False
2228500,2018-03-08,1.2516,0.389873,True
2228500,2018-03-09,1.13834,0.339514,False
2228500,2018-03-10,1.04772,0.296753,False
2228500,2018-03-11,0.988256,0.259375,False
2228500,2018-03-12,1.28841,0.454074,False
2228500,2018-03-13,1.38469,0.56331,False
2228500,2018-03-14,1.24311,0.646169,False
2228500,2018-03-15,1.10436,0.655133,False
2228500,2018-03-16,1.00525,0.668038,False
2228500,2018-03-17,0.931623,0.612303,False
2228500,2018-03-18,0.877821,0.543721,False
2228500,2018-03-19,1.00808,0.584485,False
2228500,2018-03-20,1.1978,0.631806,False
2228500,2018-03-21,1.15249,0.659971,False
2228500,2018-03-22,1.02507,0.624728,False
2228500,2018-03-23,0.911801,0.610058,False
2228500,2018-03-24,0.826851,0.552407,False
2228500,2018-03-25,0.829682,0.488733,False
2228500,2018-03-29,1.54327,0.958113,False
2228500,2018-03-30,1.43566,0.965735,False
2228500,2018-03-31,1.55459,1.00742,False
2228500,2018-04-01,1.46115,0.975006,False
2228500,2018-04-02,1.33938,0.88842,False
2228500,2018-04-03,1.22045,0.830828,False
2228500,2018-04-04,1.2063,0.74048,False
2228500,2018-04-05,1.16948,0.652355,False
2228500,2018-04-06,1.05338,0.57261,False
2228500,2018-04-07,1.03923,0.500486,False
2228500,2018-04-08,1.61972,0.687031,False
2228500,2018-04-09,1.63671,0.781059,False
2228500,2018-04-20,1.56309,1.19596,True
2228500,2018-04-21,1.40168,1.05751,False
2228500,2018-04-22,1.38186,0.9243,False
2228500,2018-04-23,1.3677,0.811319,False
2228500,2018-04-24,1.52628,0.873218,False
2228500,2018-04-25,1.46115,0.874983,False
2228500,2018-04-26,1.28558,0.804919,False
2228500,2018-04-27,1.12984,0.773669,False
2228500,2018-04-28,0.971266,0.695023,True
2228500,2018-04-29,0.832514,0.612303,True
2228500,2018-04-30,0.70792,0.537454,True
2228500,2018-05-01,0.603148,0.469757,True
2228500,2018-05-02,0.515366,0.41059,True
2228500,2018-05-03,0.43891,0.35735,True
2228500,2018-05-04,0.376613,0.312338,True
2228500,2018-05-05,0.328475,0.272992,True
2228500,2018-05-06,0.288831,0.238611,False
2228500,2018-05-07,0.254285,0.207789,True
2228500,2018-05-08,0.211526,0.181615,True
2228500,2018-05-09,0.183776,0.158738,True
2228500,2018-05-10,0.163105,0.138744,False
2228500,2018-05-11,0.138186,0.12075,True
2228500,2018-05-12,0.117232,0.105543,False
2228500,2018-05-13,0.0999583,0.0922488,False
2228500,2018-05-14,0.0855167,0.0806291,False
2228500,2018-05-15,0.11355,0.0785978,False
2228500,2018-05-16,0.160273,0.0863663,False
2228500,2018-05-17,0.733405,0.220815,False
2228500,2018-05-18,0.914633,0.325804,False
2228500,2018-05-19,1.02224,0.437465,False
2228500,2018-05-20,1.0279,0.521024,False
2228500,2018-05-21,1.34222,0.671644,False
2228500,2018-06-12,2.63063,2.51777,True
2228500,2018-08-10,6.17306,5.85041,True
2228500,2018-08-11,4.87049,5.11348,True
2228500,2018-08-12,4.07762,4.46939,True
2228500,2018-08-13,3.5396,3.89213,True
2228500,2018-08-15,2.91663,2.97338,True
2228500,2018-08-16,2.61364,2.58785,True
2228500,2018-08-18,2.32198,1.97691,True
2228500,2018-08-26,1.56026,1.00843,True
2228500,2018-08-27,1.39885,0.88842,True
2228500,2018-08-28,1.25727,0.779821,False
2228500,2018-08-29,1.16665,0.681591,False
2228500,2018-08-30,1.15533,0.595741,False
2228500,2018-08-31,1.51212,0.727847,False
2228500,2018-09-01,1.67635,0.790515,False
2228500,2018-09-11,3.08653,1.51667,True
2228500,2018-09-12,2.78071,1.33056,True
2228500,2018-09-15,1.97934,0.885162,True
2228500,2018-09-16,1.68202,0.773669,True
2228500,2018-09-17,1.43566,0.673351,True
2228500,2018-09-18,1.24311,0.58853,True
2228500,2018-09-19,1.0817,0.514404,True
2228500,2018-09-20,1.13834,0.449606,False
2228500,2018-09-21,1.01374,0.391534,True
2228500,2018-09-22,0.891979,0.342216,False
2228500,2018-09-23,0.795702,0.299115,False
2228500,2018-09-24,0.747564,0.26033,False
2228500,2018-09-25,0.863662,0.362662,False
2228500,2018-09-26,0.787207,0.388426,False
2228500,2018-09-27,0.733405,0.371782,False
2228500,2018-09-28,0.702257,0.373362,False
2228500,2018-09-29,0.761722,0.4286,False
2228500,2018-09-30,0.795702,0.441834,False
2228500,2018-10-01,0.750395,0.408848,False
2228500,2018-10-02,0.781544,0.3961,False
2228500,2018-10-03,0.872157,0.468414,False
2228500,2018-10-04,0.866494,0.488414,False
2228500,2018-10-05,0.790039,0.45511,False
2228500,2018-10-06,0.696593,0.446059,False
2228500,2018-10-07,0.611643,0.402419,False
2228500,2018-10-08,0.555009,0.356042,False
2228500,2018-10-09,0.557841,0.312338,False
2228500,2018-10-10,0.662613,0.353368,False
2228500,2018-10-11,0.65695,0.362471,False
2228500,2018-10-12,0.597484,0.335405,False
2228500,2018-10-13,0.515366,0.326337,False
2228500,2018-10-14,0.4559,0.29441,True
2228500,2018-10-15,0.40493,0.26033,True
2228500,2018-10-16,0.373782,0.227535,True
2228500,2018-10-17,0.345465,0.198872,True
2228500,2018-10-18,0.317148,0.173825,True
2228500,2018-10-19,0.291663,0.151933,True
2228500,2018-10-20,0.268443,0.132795,True
2228500,2018-10-21,0.264762,0.116067,False
2228500,2018-10-22,0.24494,0.101074,True
2228500,2018-10-23,0.228517,0.0883426,True
2228500,2018-10-24,0.230216,0.0772147,False
2228500,2018-10-25,0.215774,0.067489,False
2228500,2018-10-26,0.215774,0.0587378,False
2228500,2018-10-27,0.245507,0.093202,False
2228500,2018-10-28,0.227384,0.104333,False
2228500,2018-10-29,0.212376,0.101074,False
2228500,2018-10-30,0.193687,0.103885,False
2228500,2018-10-31,0.173865,0.0952182,False
2228500,2018-11-01,0.163954,0.0845532,False
2228500,2018-11-02,0.177263,0.0955336,False
2228500,2018-11-03,0.256833,0.117866,False
2228500,2018-11-04,0.260515,0.133807,False
2228500,2018-11-05,0.461564,0.18566,False
2228500,2018-11-06,0.560673,0.250353,False
2228500,2018-11-07,0.543683,0.28809,False
2228500,2018-11-08,0.501207,0.288553,False
2228500,2018-11-09,0.464396,0.29316,False
2228500,2018-11-10,0.430415,0.268704,False
2228500,2018-11-11,0.382277,0.238611,False
2228500,2018-11-12,0.385108,0.209444,False
2228500,2018-11-13,0.43891,0.23673,False
2228500,2018-11-14,0.447405,0.246308,False
2228500,2018-11-15,0.696593,0.311742,False
2228500,2018-11-16,0.900474,0.397257,False
2228500,2018-11-17,0.855167,0.456424,False
2228500,2018-11-18,0.79287,0.451522,False
2228500,2018-11-19,0.753227,0.456782,False
2228500,2018-11-20,0.722078,0.417147,False
2228500,2018-11-21,0.679603,0.370422,True
2228500,2018-11-22,0.628633,0.324954,True
2228500,2018-11-23,0.591821,0.284016,False
2228500,2018-11-24,0.574831,0.248247,False
2228500,2018-11-25,0.555009,0.216979,False
2228500,2018-11-26,0.676772,0.292957,False
2228500,2018-11-27,1.00241,0.398814,False
2228500,2018-11-28,0.962771,0.450064,False
2228500,2018-11-29,0.880652,0.449606,False
2228500,2018-11-30,0.824019,0.458733,False
2228500,2018-12-01,0.872157,0.510388,False
2228500,2018-12-02,1.46964,0.648247,False
2299950,2018-01-01,0.393604,0.378411,False
2299950,2018-01-02,0.38794,0.351256,False
2299950,2018-01-03,0.390772,0.330613,False
2299950,2018-01-04,0.441742,0.326777,False
2299950,2018-01-05,0.464396,0.323119,False
2299950,2018-01-06,0.399267,0.308837,False
2299950,2018-01-07,0.362455,0.299624,False
2299950,2018-01-08,0.305821,0.284155,False
2299950,2018-01-09,0.376613,0.280816,False
2299950,2018-01-10,0.586158,0.302043,False
2299950,2018-01-11,0.560673,0.312622,False
2299950,2018-01-12,0.472891,0.306505,False
2299950,2018-01-13,0.43891,0.306505,False
2299950,2018-01-14,0.393604,0.294045,False
2299950,2018-01-15,0.351128,0.277772,False
2299950,2018-01-16,0.33697,0.261447,False
2299950,2018-01-17,0.35396,0.246082,False
2299950,2018-01-18,0.385108,0.25099,False
2299950,2018-01-19,0.38794,0.251736,False
2299950,2018-01-20,0.470059,0.265712,False
2299950,2018-01-21,0.453069,0.275613,False
2299950,2018-01-22,0.38794,0.271539,False
2299950,2018-01-23,0.390772,0.269491,False
2299950,2018-01-24,0.348297,0.259473,False
2299950,2018-01-25,0.322812,0.244225,False
2299950,2018-01-26,0.348297,0.245122,False
2299950,2018-01-27,0.385108,0.248021,False
2299950,2018-01-28,0.38794,0.253652,False
2299950,2018-02-02,0.693762,0.54908,False
2299950,2018-02-03,0.614475,0.528686,False
2299950,2018-02-04,0.608811,0.501395,False
2299950,2018-02-07,0.812692,0.555046,False
2299950,2018-02-08,0.659781,0.544936,False
2299950,2018-02-09,0.642791,0.536753,False
2299950,2018-02-10,0.654118,0.509039,False
2299950,2018-02-11,0.594653,0.482766,False
2299950,2018-02-12,0.571999,0.450961,False
2299950,2018-02-13,0.498376,0.424456,False
2299950,2018-02-14,0.526692,0.413131,False
2299950,2018-02-15,0.563504,0.405399,False
2299950,2018-02-16,0.515366,0.397766,False
2299950,2018-02-17,0.492712,0.381765,False
2299950,2018-02-18,0.413425,0.367587,True
2299950,2018-02-19,0.373782,0.348611,False
2299950,2018-02-20,0.35396,0.328119,False
2299950,2018-02-21,0.37095,0.308837,False
2299950,2018-02-22,0.453069,0.311273,False
2299950,2018-02-23,0.427584,0.305203,False
2299950,2018-02-24,0.453069,0.309907,False
2299950,2018-02-25,0.461564,0.313385,False
2299950,2018-02-26,0.453069,0.304196,False
2299950,2018-02-27,0.379445,0.297361,False
2299950,2018-02-28,0.382277,0.284155,False
2299950,2018-03-01,0.424752,0.287442,False
2299950,2018-03-02,0.351128,0.276574,False
2299950,2018-03-03,0.339802,0.266412,False
2299950,2018-03-04,0.311485,0.257517,False
2299950,2018-03-05,0.322812,0.24327,False
2299950,2018-03-06,0.267877,0.228137,False
2299950,2018-03-07,0.300158,0.224589,False
2299950,2018-03-08,0.373782,0.227378,False
2299950,2018-03-09,0.334138,0.228044,False
2299950,2018-03-10,0.345465,0.221331,False
2299950,2018-03-11,0.33697,0.21636,False
2299950,2018-03-12,0.356792,0.225747,False
2299950,2018-03-13,0.278637,0.211499,False
2299950,2018-03-14,0.257966,0.205191,False
2299950,2018-03-15,0.270142,0.194601,False
2299950,2018-03-16,0.325643,0.203131,False
2299950,2018-03-17,0.30299,0.202066,False
2299950,2018-03-18,0.288831,0.196076,False
2299950,2018-03-19,0.331307,0.207633,False
2299950,2018-03-20,0.402099,0.220098,False
2299950,2018-03-24,0.654118,0.524699,False
2299950,2018-03-25,0.546514,0.532703,False
2299950,2018-03-26,0.538019,0.512911,False
2299950,2018-03-27,0.447405,0.486435,True
2299950,2018-03-28,0.413425,0.454392,False
2299950,2018-03-29,0.399267,0.427685,False
2299950,2018-03-30,0.356792,0.399508,False
2299950,2018-03-31,0.334138,0.37603,False
2299950,2018-04-01,0.359623,0.351256,False
2299950,2018-04-02,0.571999,0.358264,False
2299950,2018-04-05,0.67394,0.512911,False
2299950,2018-04-06,0.549346,0.516811,False
2299950,2018-04-07,0.492712,0.49761,False
2299950,2018-04-08,0.475722,0.471921,False
2299950,2018-04-09,0.436079,0.44419,False
2299950,2018-04-10,0.540851,0.430689,False
2299950,2018-04-13,0.773049,0.557459,False
2299950,2018-04-14,0.588989,0.559653,False
2299950,2018-04-15,0.571999,0.536753,False
2299950,2018-04-16,0.790039,0.544936,False
2299950,2018-04-17,0.696593,0.526377,False
2299950,2018-04-18,0.492712,0.505203,False
2299950,2018-04-19,0.419089,0.486435,False
2299950,2018-04-20,0.42192,0.461325,False
2299950,2018-04-21,0.37095,0.434213,False
2299950,2018-04-22,0.351128,0.408686,False
2299950,2018-04-23,0.662613,0.41684,False
2299950,2018-04-26,0.498376,0.547078,False
2299950,2018-04-27,0.427584,0.540828,False
2299950,2018-04-28,0.399267,0.516811,True
2299950,2018-04-29,0.314316,0.486435,True
2299950,2018-04-30,0.286,0.457847,False
2299950,2018-05-01,0.279204,0.430937,False
2299950,2018-05-02,0.238994,0.402552,True
2299950,2018-05-03,0.226251,0.37603,False
2299950,2018-05-04,0.23418,0.353929,False
2299950,2018-05-05,0.195386,0.330613,False
2299950,2018-05-06,0.311485,0.308837,False
2299950,2018-05-07,0.470059,0.314878,False
2299950,2018-05-08,0.35396,0.292894,False
2299950,2018-05-09,0.234463,0.28305,False
2299950,2018-05-10,0.20558,0.267454,False
2299950,2018-05-11,0.246073,0.251736,False
2299950,2018-05-12,0.21181,0.236939,False
2299950,2018-05-13,0.205297,0.221331,False
2299950,2018-05-14,0.699425,0.272297,False
2299950,2018-10-04,1.39035,1.34693,True
2299950,2018-10-05,1.20346,1.25828,True
2299950,2018-10-06,1.0279,1.17963,True
2299950,2018-10-07,0.965603,1.10194,True
2299950,2018-10-16,0.835346,0.726615,True
2299950,2018-10-17,0.801365,0.67875,True
2299950,2018-10-18,0.739068,0.638854,True
2299950,2018-10-19,0.727742,0.596771,True
2299950,2018-10-20,0.696593,0.559653,False
2299950,2018-10-21,0.710752,0.524699,False
2299950,2018-10-22,0.67394,0.490133,False
2299950,2018-10-23,0.65695,0.457847,True
2299950,2018-10-24,0.597484,0.429363,False
2299950,2018-10-25,0.614475,0.402552,False
2299950,2018-10-26,0.594653,0.37603,False
2299950,2018-10-27,0.665445,0.391319,False
2299950,2018-10-28,0.645623,0.395174,False
2299950,2018-10-29,0.62297,0.381765,False
2299950,2018-10-30,0.569168,0.374664,False
2299950,2018-10-31,0.571999,0.356615,False
2299950,2018-11-01,0.523861,0.338212,False
2299950,2018-11-02,0.532356,0.315932,False
2299950,2018-11-03,0.696593,0.348166,False
2299950,2018-11-04,0.69093,0.361522,False
2299950,2018-11-05,0.648455,0.353929,False
2299950,2018-11-06,0.67394,0.351256,False
2299950,2018-11-07,0.484217,0.338212,False
2299950,2018-11-08,0.705088,0.36651,False
2299950,2018-11-09,0.699425,0.379456,False
2299950,2018-11-10,0.549346,0.367587,False
2299950,2018-11-11,0.492712,0.364809,False
2299950,2018-11-12,0.478554,0.351256,False
2299950,2018-11-13,0.453069,0.330613,False
2299950,2018-11-14,0.407762,0.311181,False
2299950,2018-11-18,0.770217,0.468362,False
2299950,2018-11-19,0.72491,0.471921,True
2299950,2018-11-20,0.665445,0.456175,True
2299950,2018-11-21,0.637128,0.430937,False
2299950,2018-11-22,0.642791,0.405608,False
2299950,2018-11-23,0.540851,0.381765,False
2299950,2018-11-24,0.467227,0.356615,False
2299950,2018-11-25,0.470059,0.33566,False
2299950,2018-11-26,0.526692,0.339647,False
2299950,2018-11-27,0.679603,0.354844,False
2299950,2018-11-28,0.571999,0.359184,False
2299950,2018-11-29,0.472891,0.353929,False
2299950,2018-11-30,0.467227,0.348611,False
2299950,2018-12-01,0.512534,0.353843,False
2299950,2018-12-02,0.529524,0.353843,False
2299950,2018-12-03,0.597484,0.367691,False
2299950,2018-12-04,0.608811,0.381765,False
2299950,2018-12-05,0.577663,0.373194,False
2299950,2018-12-06,0.603148,0.370382,False
2299950,2018-12-07,0.597484,0.353929,False
2299950,2018-12-08,0.574831,0.333125,False
2299950,2018-12-09,0.761722,0.370243,False
2299950,2018-12-13,0.70792,0.534797,False
2299950,2018-12-14,0.645623,0.516811,False
2299950,2018-12-27,2.07279,0.991117,True
2299950,2018-12-28,1.83493,0.929462,True
2298608,2018-01-01,0.305821,0.291742,False
2298608,2018-01-02,0.30299,0.266111,False
2298608,2018-01-03,0.359623,0.263721,False
2298608,2018-01-04,0.484217,0.282969,False
2298608,2018-01-05,0.515366,0.301163,False
2298608,2018-01-06,0.472891,0.312292,False
2298608,2018-01-07,0.382277,0.309873,False
2298608,2018-01-08,0.362455,0.305799,False
2298608,2018-01-09,0.557841,0.333177,False
2298608,2018-01-10,0.688098,0.367963,False
2298608,2018-01-11,0.705088,0.395828,False
2298608,2018-01-12,0.736237,0.393409,False
2298608,2018-01-13,0.696593,0.396846,False
2298608,2018-01-14,0.62297,0.37669,False
2298608,2018-01-15,0.571999,0.3514,True
2298608,2018-01-16,0.543683,0.324971,False
2298608,2018-01-17,0.498376,0.297934,True
2298608,2018-01-18,0.464396,0.274387,True
2298608,2018-01-19,0.42192,0.252598,True
2298608,2018-01-20,0.407762,0.23158,False
2298608,2018-01-21,0.413425,0.212315,False
2298608,2018-01-22,0.396435,0.195532,False
2298608,2018-01-23,0.413425,0.180012,False
2298608,2018-01-24,0.43891,0.214491,False
2298608,2018-01-25,0.430415,0.230828,False
2298608,2018-01-26,0.478554,0.265,False
2298608,2018-01-27,0.481386,0.293067,False
2298608,2018-01-28,0.470059,0.295353,False
2298608,2018-01-29,1.64521,0.51331,False
2298608,2018-01-31,1.64237,0.76548,False
2298608,2018-02-01,1.56309,0.788258,False
2298608,2018-02-02,1.56875,0.81985,False
2298608,2018-02-03,1.48097,0.785,False
2298608,2018-02-04,1.27709,0.735336,False
2298608,2018-02-06,1.68768,0.889196,False
2298608,2018-02-07,1.51495,0.859803,False
2298608,2018-02-08,1.43,0.856244,False
2298608,2018-02-09,1.29974,0.81276,True
2298608,2018-02-10,1.2063,0.754757,True
2298608,2018-02-11,1.16948,0.695104,True
2298608,2018-02-12,1.11851,0.639919,False
2298608,2018-02-13,1.11568,0.586672,False
2298608,2018-02-14,1.04206,0.540307,True
2298608,2018-02-15,0.954276,0.497402,True
2298608,2018-02-16,0.908969,0.456019,True
2298608,2018-02-17,0.835346,0.418079,False
2298608,2018-02-18,0.801365,0.383293,True
2298608,2018-02-19,0.702257,0.352998,True
2298608,2018-02-20,0.69093,0.324971,True
2298608,2018-02-21,0.651286,0.297934,False
2298608,2018-02-22,0.648455,0.273142,False
2298608,2018-02-23,0.591821,0.251557,True
2298608,2018-02-24,0.552178,0.23158,True
2298608,2018-02-25,0.557841,0.212315,True
2298608,2018-02-26,0.529524,0.194647,False
2298608,2018-02-27,0.543683,0.179265,False
2298608,2018-02-28,0.504039,0.165035,False
2298608,2018-03-01,0.470059,0.151302,False
2298608,2018-03-02,0.515366,0.208808,False
2298608,2018-03-03,0.467227,0.230718,False
2298608,2018-03-04,0.484217,0.23158,False
2298608,2018-03-05,0.464396,0.241863,False
2298608,2018-03-06,0.467227,0.23158,False
2298608,2018-03-07,0.489881,0.217917,False
2298608,2018-03-08,0.489881,0.201528,False
2298608,2018-03-09,0.478554,0.184757,False
2298608,2018-03-10,0.472891,0.170868,False
2298608,2018-03-11,0.498376,0.219358,False
2298608,2018-03-12,0.489881,0.243061,False
2298608,2018-03-13,0.441742,0.241863,False
2298608,2018-03-14,0.467227,0.282078,False
2298608,2018-03-15,0.43891,0.292801,False
2298608,2018-03-16,0.424752,0.285266,False
2298608,2018-03-17,0.430415,0.281632,False
2298608,2018-03-18,0.430415,0.266111,False
2298608,2018-03-19,0.393604,0.2461,False
2298608,2018-03-20,0.399267,0.227593,False
2298608,2018-03-21,0.484217,0.259931,False
2298608,2018-03-22,0.467227,0.269196,False
2298608,2018-03-23,0.458732,0.263814,False
2298608,2018-03-24,0.43891,0.263814,False
2298608,2018-03-25,0.416257,0.250417,True
2298608,2018-03-26,0.393604,0.2336,False
2298608,2018-03-27,0.399267,0.216036,False
2298608,2018-03-28,0.368118,0.198056,True
2298608,2018-03-29,0.334138,0.18316,False
2298608,2018-03-30,0.314316,0.167922,False
2298608,2018-03-31,0.31998,0.153953,False
2298608,2018-04-01,0.317148,0.141782,False
2298608,2018-04-02,0.396435,0.17886,False
2298608,2018-04-03,0.402099,0.196343,False
2298608,2018-04-04,0.419089,0.196348,False
2298608,2018-04-05,0.427584,0.201528,False
2298608,2018-04-06,0.38794,0.193843,False
2298608,2018-04-07,0.396435,0.181574,False
2298608,2018-04-08,0.385108,0.167922,False
2298608,2018-04-09,0.348297,0.153953,False
2298608,2018-04-10,0.393604,0.187963,False
2298608,2018-04-11,0.781544,0.261655,False
2298608,2018-04-12,0.600316,0.296962,False
2298608,2018-04-13,0.600316,0.308466,False
2298608,2018-04-14,0.617306,0.324971,False
2298608,2018-04-15,0.591821,0.312575,False
2298608,2018-04-16,0.662613,0.356221,False
2298608,2018-04-17,0.555009,0.357558,False
2298608,2018-04-18,0.472891,0.348362,False
2298608,2018-04-19,0.407762,0.345347,True
2298608,2018-04-20,0.385108,0.324971,False
2298608,2018-04-21,0.331307,0.303148,False
2298608,2018-04-22,0.30299,0.279196,False
2298608,2018-04-23,0.334138,0.269352,False
2298608,2018-04-24,0.279204,0.2461,False
2298608,2018-04-25,0.274673,0.23158,False
2298608,2018-04-26,0.294495,0.226412,False
2298608,2018-04-27,0.280903,0.217708,False
2298608,2018-04-28,0.203315,0.204213,False
2298608,2018-04-29,0.180944,0.194647,False
2298608,2018-04-30,0.156875,0.180828,True
2298608,2018-05-01,0.107604,0.16647,False
2298608,2018-05-02,0.100808,0.153953,False
2298608,2018-05-03,0.0985425,0.14114,False
2298608,2018-05-04,0.129691,0.129988,False
2298608,2018-05-05,0.0954276,0.119666,False
2298608,2018-05-06,0.155459,0.116494,False
2298608,2018-05-07,0.512534,0.178698,False
2298608,2018-05-08,0.188307,0.163605,False
2298608,2018-05-09,0.376613,0.206175,False
2298608,2018-05-10,0.498376,0.243374,False
2298608,2018-05-11,0.515366,0.276759,False
2298608,2018-05-12,0.492712,0.277928,False
2298608,2018-05-13,0.472891,0.285266,False
2298608,2018-05-14,1.10436,0.406545,False
2298608,2018-06-08,6.45623,3.22008,True
2298608,2018-06-09,5.18197,2.93993,True
2298608,2018-06-10,4.36079,2.69531,True
2298608,2018-06-11,3.5396,2.47106,True
2298608,2018-06-12,2.77505,2.24589,True
2298608,2018-10-05,7.7588,3.12425,True
2298608,2018-10-06,6.17306,2.86429,True
2298608,2018-10-07,5.01207,2.62598,True
2298608,2018-10-16,2.43241,2.07697,True
2298608,2018-10-17,2.14925,1.92078,True
2298608,2018-10-18,1.89723,1.76823,True
2298608,2018-10-19,1.67635,1.62106,True
2298608,2018-10-20,1.50079,1.48623,True
2298608,2018-10-21,1.37053,1.36262,True
2298608,2018-10-22,1.24311,1.24925,True
2298608,2018-10-23,1.14117,1.14528,True
2298608,2018-10-24,1.05055,1.04996,True
2298608,2018-10-25,0.962771,0.962598,True
2298608,2018-10-26,0.903306,0.8825,True
2298608,2018-10-27,0.835346,0.81276,True
2298608,2018-10-28,0.778712,0.745133,True
2298608,2018-10-29,0.72491,0.685972,True
2298608,2018-10-30,0.69093,0.628895,True
2298608,2018-10-31,0.654118,0.576568,False
2298608,2018-11-01,0.628633,0.528594,False
2298608,2018-11-02,0.634296,0.484612,False
2298608,2018-11-03,0.821187,0.51441,False
2298608,2018-11-04,0.753227,0.508235,False
2298608,2018-11-05,0.750395,0.488837,False
2298608,2018-11-06,0.727742,0.476262,False
2298608,2018-11-07,0.679603,0.448166,True
2298608,2018-11-08,0.682435,0.414462,False
2298608,2018-11-09,0.665445,0.383293,True
2298608,2018-11-10,0.648455,0.3514,False
2298608,2018-11-11,0.63996,0.323623,False
2298608,2018-11-12,0.642791,0.297934,False
2298608,2018-11-13,0.65695,0.273142,False
2298608,2018-11-14,0.685267,0.250417,False
2298608,2018-11-15,1.12701,0.380312,False
2298608,2018-11-16,1.07321,0.440376,False
2298608,2018-11-17,0.934454,0.444288,False
2298608,2018-11-18,0.874989,0.466123,False
2298608,2018-11-19,0.838177,0.448166,False
2298608,2018-11-20,0.877821,0.419983,False
2298608,2018-11-21,1.02224,0.491476,False
2298608,2018-11-22,0.872157,0.504826,False
2298608,2018-11-23,0.790039,0.493108,False
2298608,2018-11-24,0.72491,0.493108,False
2298608,2018-11-25,0.665445,0.468061,False
2298608,2018-11-26,0.634296,0.434832,False
2298608,2018-11-27,0.798534,0.470608,False
2298608,2018-11-28,0.750395,0.474288,False
2298608,2018-11-29,0.69093,0.456019,False
2298608,2018-11-30,0.645623,0.448166,False
2298608,2018-12-01,0.611643,0.42364,True
2298608,2018-12-02,0.580494,0.393409,True
2298608,2018-12-03,0.552178,0.363825,False
2298608,2018-12-04,0.535188,0.333553,False
2298608,2018-12-05,0.501207,0.305799,True
2298608,2018-12-06,0.464396,0.282801,True
2298608,2018-12-07,0.444574,0.259265,False
2298608,2018-12-08,0.42192,0.237691,False
2298608,2018-12-09,0.441742,0.218912,False
2298608,2018-12-10,0.506871,0.256574,False
2298608,2018-12-11,0.470059,0.26941,False
2298608,2018-12-12,0.447405,0.263814,False
2298608,2018-12-13,0.441742,0.266111,False
2298608,2018-12-14,0.450237,0.254803,False
2298608,2018-12-15,1.33938,0.404606,False
2298608,2018-12-16,1.49796,0.503958,False
2298608,2018-12-17,1.37903,0.612714,False
2298608,2018-12-18,1.40451,0.628895,False
2298608,2018-12-19,1.54893,0.775903,False
2298608,2018-12-28,7.90039,1.73056,True
2312200,2018-01-01,0.334138,0.318904,False
2312200,2018-01-02,0.314316,0.292072,False
2312200,2018-01-03,0.396435,0.290486,False
2312200,2018-01-04,0.42192,0.292199,False
2312200,2018-01-05,0.390772,0.291858,False
2312200,2018-01-06,0.37095,0.283495,False
2312200,2018-01-07,0.359623,0.275168,False
2312200,2018-01-08,0.342633,0.26059,False
2312200,2018-01-09,0.351128,0.243084,False
2312200,2018-01-10,0.35396,0.22559,False
2312200,2018-01-11,0.351128,0.209433,False
2312200,2018-01-12,0.396435,0.226753,False
2312200,2018-01-13,0.396435,0.239132,False
2312200,2018-01-14,0.345465,0.232413,False
2312200,2018-01-15,0.322812,0.234728,False
2312200,2018-01-16,0.294495,0.223356,True
2312200,2018-01-17,0.274956,0.210428,True
2312200,2018-01-18,0.257683,0.196296,True
2312200,2018-01-19,0.240976,0.181296,True
2312200,2018-01-20,0.240693,0.16912,False
2312200,2018-01-21,0.239277,0.156204,False
2312200,2018-01-22,0.233047,0.144271,False
2312200,2018-01-23,0.253152,0.152928,False
2312200,2018-01-24,0.233047,0.155538,False
2312200,2018-01-25,0.212093,0.150116,False
2312200,2018-01-26,0.193121,0.148634,False
2312200,2018-01-27,0.180378,0.141429,False
2312200,2018-01-28,0.238994,0.148981,False
2312200,2018-01-30,0.693762,0.296435,False
2312200,2018-02-17,0.654118,0.535382,False
2312200,2018-02-18,0.60598,0.504404,True
2312200,2018-02-19,0.574831,0.470521,True
2312200,2018-02-20,0.549346,0.438912,False
2312200,2018-02-21,0.523861,0.407483,False
2312200,2018-02-22,0.495544,0.378148,True
2312200,2018-02-23,0.464396,0.349253,True
2312200,2018-02-24,0.441742,0.322575,True
2312200,2018-02-25,0.424752,0.300909,False
2312200,2018-02-26,0.402099,0.277917,False
2312200,2018-02-27,0.376613,0.256684,True
2312200,2018-02-28,0.339802,0.238304,True
2312200,2018-03-01,0.317148,0.221146,False
2312200,2018-03-02,0.305821,0.204253,False
2312200,2018-03-03,0.268726,0.188652,True
2312200,2018-03-04,0.240976,0.175972,False
2312200,2018-03-05,0.216057,0.162529,False
2312200,2018-03-06,0.19935,0.150116,False
2312200,2018-03-07,0.25117,0.156568,False
2312200,2018-03-08,0.21181,0.153819,False
2312200,2018-03-09,0.191138,0.148634,False
2312200,2018-03-10,0.176414,0.145706,False
2312200,2018-03-11,0.179529,0.13728,False
2312200,2018-03-12,0.165936,0.12805,False
2312200,2018-03-13,0.149796,0.119455,True
2312200,2018-03-14,0.131107,0.110326,True
2312200,2018-03-15,0.115816,0.102915,True
2312200,2018-03-16,0.107038,0.0950521,True
2312200,2018-03-17,0.0991088,0.0877899,False
2312200,2018-03-18,0.0917464,0.0815046,False
2312200,2018-03-19,0.0925959,0.075636,False
2312200,2018-03-20,0.193121,0.0903513,False
2312200,2018-03-21,0.238994,0.108912,False
2312200,2018-03-22,0.18321,0.107086,False
2312200,2018-03-23,0.191705,0.113666,False
2312200,2018-03-24,0.201616,0.110326,False
2312200,2018-03-25,0.199917,0.10498,False
2312200,2018-03-26,0.191988,0.0979277,False
2312200,2018-03-27,0.177546,0.0904462,False
2312200,2018-03-28,0.151212,0.0843704,False
2312200,2018-03-29,0.133655,0.0779248,False
2312200,2018-03-30,0.121196,0.0719711,False
2312200,2018-03-31,0.158291,0.0819207,False
2312200,2018-04-01,0.118081,0.0806667,False
2312200,2018-04-02,0.0931623,0.0802818,False
2312200,2018-04-03,0.0756059,0.0794878,True
2312200,2018-04-04,0.0583326,0.075636,True
2312200,2018-04-05,0.0478554,0.0705556,False
2312200,2018-04-06,0.0359623,0.0658154,False
2312200,2018-04-07,0.0300158,0.060787,False
2312200,2018-04-08,0.0368118,0.0567037,False
2312200,2018-04-09,0.038794,0.0523715,False
2312200,2018-04-10,0.620138,0.14477,False
2312200,2018-04-14,0.688098,0.413519,False
2312200,2018-04-17,0.668276,0.363414,False
2312200,2018-04-18,0.571999,0.335654,False
2312200,2018-04-19,0.478554,0.313108,True
2312200,2018-04-20,0.410594,0.289184,True
2312200,2018-04-21,0.339802,0.268478,True
2312200,2018-04-22,0.294495,0.249144,True
2312200,2018-04-23,0.260798,0.23011,True
2312200,2018-04-24,0.230782,0.212535,True
2312200,2018-04-25,0.197934,0.198258,True
2312200,2018-04-26,0.171033,0.183108,True
2312200,2018-04-27,0.147814,0.16912,True
2312200,2018-04-28,0.124311,0.156204,True
2312200,2018-04-29,0.101374,0.145706,True
2312200,2018-04-30,0.0843841,0.134578,True
2312200,2018-05-01,0.0676772,0.124294,True
2312200,2018-05-02,0.0552178,0.115391,True
2312200,2018-05-03,0.0467227,0.107086,True
2312200,2018-05-04,0.0393604,0.0989051,True
2312200,2018-05-05,0.0328475,0.091349,True
2312200,2018-05-06,0.0334138,0.085213,False
2312200,2018-05-07,0.0294495,0.0787025,True
2312200,2018-05-08,0.0215208,0.0726898,True
2312200,2018-05-09,0.0178396,0.0671366,True
2312200,2018-05-10,0.0150079,0.0626262,True
2312200,2018-05-11,0.0127426,0.057842,False
2312200,2018-05-12,0.0113267,0.053423,False
2312200,2018-05-13,0.0107604,0.0495978,False
2312200,2018-05-14,0.0314316,0.0460272,False
2312200,2018-05-15,0.0509702,0.0437645,False
2312200,2018-05-16,0.0778712,0.0471939,False
2312200,2018-05-17,0.0815524,0.0491944,False
2312200,2018-05-18,0.288831,0.0908119,False
2312200,2018-05-19,0.297326,0.118265,False
2312200,2018-05-20,0.274956,0.126788,False
2312200,2018-05-21,0.600316,0.218715,False
2312200,2018-05-23,0.588989,0.313108,False
2312200,2018-05-24,0.512534,0.345804,False
2312200,2018-05-25,0.450237,0.342384,True
2312200,2018-05-26,0.396435,0.325799,True
2312200,2018-05-27,0.379445,0.303912,False
2312200,2018-05-28,0.365287,0.283495,False
2312200,2018-05-29,0.348297,0.261834,False
2312200,2018-05-30,0.60598,0.303206,False
2312200,2018-06-11,1.15249,0.804554,True
2312200,2018-06-12,0.99392,0.74309,True
2312200,2018-06-13,0.872157,0.686319,True
2312200,2018-06-17,0.620138,0.504404,True
2312200,2018-06-18,0.498376,0.468293,False
2312200,2018-06-19,0.399267,0.434572,False
2312200,2018-06-20,0.478554,0.411186,False
2312200,2018-06-27,0.614475,0.627622,False
2312200,2018-09-26,3.25643,2.73044,True
2312200,2018-09-27,2.94495,2.5349,True
2312200,2018-09-28,2.67594,2.35237,True
2312200,2018-09-29,2.52303,2.17263,True
2312200,2018-09-30,2.35879,2.00666,True
2312200,2018-10-01,2.21721,1.86296,True
2312200,2018-10-02,2.09544,1.72888,True
2312200,2018-10-03,1.97651,1.59676,True
2312200,2018-10-04,1.85758,1.47477,True
2312200,2018-10-05,1.73865,1.37569,True
2312200,2018-10-14,1.21196,0.686319,True
2312200,2018-10-15,1.14683,0.633889,True
2312200,2018-10-16,1.0817,0.585463,True
2312200,2018-10-18,0.974098,0.504404,True
2312200,2018-10-19,0.920296,0.465874,True
2312200,2018-10-22,0.744732,0.370706,True
2312200,2018-10-23,0.69093,0.342384,False
2312200,2018-10-24,0.654118,0.31787,False
2312200,2018-10-25,0.620138,0.294988,False
2312200,2018-10-26,0.682435,0.340185,False
2312200,2018-10-27,0.668276,0.367326,False
2312200,2018-10-28,0.628633,0.363414,False
2312200,2018-10-29,0.577663,0.370706,False
2312200,2018-10-30,0.543683,0.356267,False
2312200,2018-10-31,0.504039,0.335654,False
2312200,2018-11-01,0.484217,0.313108,False
2312200,2018-11-02,0.563504,0.333715,False
2312200,2018-11-03,0.676772,0.366163,False
2312200,2018-11-04,0.620138,0.392037,False
2312200,2018-11-05,0.608811,0.393478,False
2312200,2018-11-06,0.586158,0.397407,False
2312200,2018-11-07,0.560673,0.378148,False
2312200,2018-11-08,0.549346,0.356267,False
2312200,2018-11-09,0.580494,0.371314,False
2312200,2018-11-10,0.702257,0.401678,False
2312200,2018-11-11,0.685267,0.426719,False
2312200,2018-11-12,0.637128,0.426024,False
2312200,2018-11-13,0.603148,0.430284,False
2312200,2018-11-14,0.614475,0.409427,False
2312200,2018-11-19,0.841009,0.519664,True
2312200,2018-11-21,0.795702,0.456701,True
2312200,2018-11-22,0.75889,0.421811,True
2312200,2018-11-25,0.682435,0.335654,False
2312200,2018-11-26,0.696593,0.313108,False
2312200,2018-11-29,0.648455,0.389589,False
2312200,2018-11-30,0.617306,0.397407,False
2312200,2018-12-01,0.600316,0.381927,False
2312200,2018-12-02,0.577663,0.359826,False
2312200,2018-12-03,0.588989,0.335654,False
2312200,2018-12-07,0.69093,0.421811,False
2312200,2018-12-08,0.67394,0.405382,False
2297155,2018-01-01,0.138186,0.130985,False
2297155,2018-01-02,0.141584,0.118015,False
2297155,2018-01-03,0.191138,0.123819,False
2297155,2018-01-04,0.252586,0.136215,False
2297155,2018-01-05,0.210394,0.139954,False
2297155,2018-01-06,0.182643,0.13838,False
2297155,2018-01-07,0.16537,0.137251,False
2297155,2018-01-08,0.161406,0.128588,False
2297155,2018-01-09,0.311485,0.157731,False
2297155,2018-01-11,0.311485,0.193293,False
2297155,2018-01-12,0.317148,0.195631,False
2297155,2018-01-13,0.297326,0.197234,False
2297155,2018-01-14,0.255701,0.186291,True
2297155,2018-01-15,0.223986,0.172442,True
2297155,2018-01-16,0.205863,0.15765,True
2297155,2018-01-17,0.195669,0.143519,True
2297155,2018-01-18,0.186325,0.1307,False
2297155,2018-01-19,0.178962,0.118519,False
2297155,2018-01-20,0.177546,0.107891,False
2297155,2018-01-21,0.18321,0.0978362,False
2297155,2018-01-22,0.188024,0.0890995,False
2297155,2018-01-23,0.201332,0.105957,False
2297155,2018-01-24,0.212942,0.115189,False
2297155,2018-01-25,0.189156,0.123403,False
2297155,2018-01-26,0.174998,0.123449,False
2297155,2018-01-27,0.17075,0.123929,False
2297155,2018-01-28,0.201049,0.131331,False
2297155,2018-02-02,0.314316,0.257118,False
2297155,2018-02-03,0.288831,0.238929,False
2297155,2018-02-04,0.286,0.218438,False
2297155,2018-02-09,0.308653,0.232159,True
2297155,2018-02-10,0.286,0.213987,True
2297155,2018-02-11,0.264762,0.195631,True
2297155,2018-02-12,0.247772,0.177396,True
2297155,2018-02-13,0.232481,0.161557,True
2297155,2018-02-14,0.221721,0.147072,True
2297155,2018-02-15,0.216907,0.133362,False
2297155,2018-02-16,0.214358,0.121453,False
2297155,2018-02-17,0.207845,0.11056,False
2297155,2018-02-18,0.193404,0.100259,True
2297155,2018-02-19,0.180661,0.0909155,True
2297155,2018-02-20,0.168485,0.0827963,True
2297155,2018-02-21,0.162822,0.0753709,True
2297155,2018-02-22,0.154893,0.0683472,True
2297155,2018-02-23,0.150362,0.061978,False
2297155,2018-02-24,0.148097,0.0564433,False
2297155,2018-02-25,0.143566,0.0513814,False
2297155,2018-02-26,0.139035,0.0465932,True
2297155,2018-02-27,0.133089,0.0422512,True
2297155,2018-02-28,0.129125,0.038478,False
2297155,2018-03-01,0.12516,0.0350272,False
2297155,2018-03-02,0.120063,0.0317627,False
2297155,2018-03-03,0.113834,0.0289265,False
2297155,2018-03-04,0.105622,0.0262309,False
2297155,2018-03-05,0.097693,0.0238785,False
2297155,2018-03-06,0.0925959,0.0216534,False
2297155,2018-03-07,0.100241,0.0366771,False
2297155,2018-03-08,0.103639,0.0446834,False
2297155,2018-03-09,0.0928791,0.0458397,False
2297155,2018-03-10,0.0877821,0.0493287,False
2297155,2018-03-11,0.0931623,0.0570179,False
2297155,2018-03-12,0.0996751,0.0609213,False
2297155,2018-03-13,0.100525,0.0656458,False
2297155,2018-03-14,0.0886316,0.0645567,False
2297155,2018-03-15,0.0807029,0.0645567,False
2297155,2018-03-16,0.0750395,0.0609757,False
2297155,2018-03-17,0.0730573,0.056202,False
2297155,2018-03-18,0.072491,0.0513814,False
2297155,2018-03-19,0.0739068,0.0465932,False
2297155,2018-03-20,0.157725,0.0666453,False
2297155,2018-03-22,0.273823,0.133935,False
2297155,2018-03-23,0.216907,0.150127,False
2297155,2018-03-24,0.190289,0.146505,False
2297155,2018-03-25,0.173865,0.136667,True
2297155,2018-03-26,0.161689,0.125966,False
2297155,2018-03-27,0.14923,0.11516,True
2297155,2018-03-28,0.134505,0.104429,True
2297155,2018-03-29,0.122329,0.0951042,False
2297155,2018-03-30,0.114117,0.0865752,False
2297155,2018-03-31,0.114683,0.0785069,False
2297155,2018-04-01,0.114966,0.0714965,False
2297155,2018-04-02,0.205863,0.0940399,False
2297155,2018-04-03,0.189723,0.101351,False
2297155,2018-04-04,0.156309,0.100689,False
2297155,2018-04-05,0.139602,0.103582,False
2297155,2018-04-06,0.12601,0.0986372,False
2297155,2018-04-07,0.117798,0.0909155,False
2297155,2018-04-08,0.122895,0.083474,False
2297155,2018-04-09,0.123461,0.0759884,False
2297155,2018-04-10,0.23333,0.10358,False
2297155,2018-04-12,0.244091,0.15765,False
2297155,2018-04-13,0.173865,0.171047,False
2297155,2018-04-14,0.144699,0.166198,False
2297155,2018-04-15,0.133655,0.154444,False
2297155,2018-04-16,0.17783,0.14691,False
2297155,2018-04-17,0.152344,0.133935,False
2297155,2018-04-18,0.129408,0.123929,False
2297155,2018-04-19,0.116665,0.113296,False
2297155,2018-04-20,0.106754,0.103181,True
2297155,2018-04-21,0.0965603,0.0939288,True
2297155,2018-04-22,0.0906138,0.0851753,True
2297155,2018-04-23,0.0891979,0.0775689,False
2297155,2018-04-24,0.0874989,0.0706128,False
2297155,2018-04-25,0.0826851,0.0640324,False
2297155,2018-04-26,0.0767385,0.0580648,True
2297155,2018-04-27,0.0699425,0.0528796,True
2297155,2018-04-28,0.0648455,0.0481372,False
2297155,2018-04-29,0.0588989,0.043651,True
2297155,2018-04-30,0.0518197,0.0395828,True
2297155,2018-05-01,0.0470059,0.0360486,True
2297155,2018-05-02,0.0430415,0.0328154,True
2297155,2018-05-03,0.0393604,0.0297575,False
2297155,2018-05-04,0.0376613,0.0271001,False
2297155,2018-05-05,0.0368118,0.0245747,False
2297155,2018-05-06,0.038794,0.0255417,False
2297155,2018-05-07,0.0464396,0.0276001,False
2297155,2018-05-08,0.0402099,0.0261186,False
2297155,2018-05-09,0.0368118,0.0260174,False
2297155,2018-05-10,0.0359623,0.0244693,False
2297155,2018-05-11,0.0345465,0.0225538,False
2297155,2018-05-12,0.0348297,0.0206198,False
2297155,2018-05-13,0.0362455,0.0187778,False
2297155,2018-05-14,0.212376,0.0586273,False
2297155,2018-06-20,1.95669,1.21479,True
2297155,2018-06-21,1.82643,1.10627,True
2297155,2018-10-05,1.10719,1.3022,True
2297155,2018-10-06,0.866494,1.18086,True
2297155,2018-10-07,0.67394,1.07494,True
2297155,2018-10-15,0.379445,0.497627,True
2297155,2018-10-16,0.348297,0.453003,True
2297155,2018-10-17,0.334138,0.410787,True
2297155,2018-10-18,0.322812,0.374103,True
2297155,2018-10-19,0.317148,0.339242,True
2297155,2018-10-20,0.311485,0.308819,False
2297155,2018-10-21,0.308653,0.280041,False
2297155,2018-10-22,0.300158,0.255029,True
2297155,2018-10-23,0.288831,0.231262,True
2297155,2018-10-24,0.281752,0.210521,True
2297155,2018-10-25,0.278071,0.190903,True
2297155,2018-10-26,0.27439,0.173854,True
2297155,2018-10-27,0.271841,0.15765,False
2297155,2018-10-28,0.269859,0.143519,False
2297155,2018-10-29,0.265612,0.130145,False
2297155,2018-10-30,0.261647,0.118519,False
2297155,2018-10-31,0.255984,0.107475,True
2297155,2018-11-01,0.250887,0.0978362,True
2297155,2018-11-02,0.247772,0.0887187,False
2297155,2018-11-03,0.247489,0.0807957,False
2297155,2018-11-04,0.240976,0.0732662,True
2297155,2018-11-05,0.236162,0.0666962,False
2297155,2018-11-06,0.23333,0.0604803,False
2297155,2018-11-07,0.229083,0.0550793,False
2297155,2018-11-08,0.311485,0.0991481,False
2297155,2018-11-12,0.286,0.235978,False
2297155,2018-11-13,0.242675,0.226551,True
2297155,2018-11-14,0.227667,0.211424,True
2297155,2018-11-15,0.225968,0.194045,False
2297155,2018-11-16,0.226251,0.176713,False
2297155,2018-11-17,0.222287,0.160868,True
2297155,2018-11-18,0.218889,0.14588,True
2297155,2018-11-19,0.216624,0.132847,False
2297155,2018-11-20,0.215491,0.120465,True
2297155,2018-11-21,0.212942,0.109664,True
2297155,2018-11-22,0.213509,0.0994444,False
2297155,2018-11-23,0.211526,0.0905642,True
2297155,2018-11-24,0.206713,0.0821244,False
2297155,2018-11-25,0.205297,0.0747593,False
2297155,2018-11-26,0.204447,0.0677922,False
2297155,2018-11-27,0.236162,0.0985625,False
2297155,2018-11-28,0.218323,0.109569,False
2297155,2018-11-29,0.212376,0.110133,False
2297155,2018-11-30,0.208128,0.114715,False
2297155,2018-12-01,0.231348,0.131557,False
2297155,2018-12-02,0.305821,0.151296,False
2297155,2018-12-03,0.269576,0.162332,False
2297155,2018-12-04,0.212376,0.162182,False
2297155,2018-12-05,0.212942,0.163513,False
2297155,2018-12-06,0.207845,0.154444,False
2297155,2018-12-07,0.202748,0.14235,False
2297155,2018-12-08,0.199633,0.130145,False
2297155,2018-12-09,0.225119,0.139525,False
2297155,2018-12-11,0.266178,0.167564,False
2297155,2018-12-12,0.244657,0.167564,False
2297155,2018-12-13,0.231348,0.167564,False
2297155,2018-12-14,0.228517,0.158264,False
2297155,2018-12-27,1.3054,0.93985,True
2297155,2018-12-28,1.17232,0.855567,True
2296500,2018-01-01,0.934454,0.896972,False
2296500,2018-01-02,0.911801,0.830492,False
2296500,2018-01-03,0.908969,0.774456,False
2296500,2018-01-04,0.917464,0.722199,False
2296500,2018-01-05,0.925959,0.673466,False
2296500,2018-01-06,0.940118,0.628027,False
2296500,2018-01-07,0.968435,0.588015,False
2296500,2018-01-08,0.999583,0.548339,False
2296500,2018-01-09,1.07038,0.657112,False
2296500,2018-01-10,1.16099,0.731649,False
2296500,2018-01-11,1.2516,0.843351,False
2296500,2018-01-12,1.33938,0.972008,False
2296500,2018-01-13,1.41584,1.07763,False
2296500,2018-01-14,1.4838,1.17296,False
2296500,2018-01-15,1.52911,1.18245,False
2296500,2018-01-16,1.53194,1.1869,False
2296500,2018-01-17,1.48097,1.14171,False
2296500,2018-01-18,1.4215,1.08131,False
2296500,2018-01-19,1.37053,1.0162,True
2296500,2018-01-20,1.31956,0.955023,True
2296500,2018-01-21,1.27426,0.890584,True
2296500,2018-01-22,1.23461,0.830492,False
2296500,2018-01-23,1.19214,0.774456,False
2296500,2018-01-24,1.144,0.722199,True
2296500,2018-01-25,1.09586,0.676186,False
2296500,2018-01-26,1.05905,0.630561,False
2296500,2018-01-27,1.04206,0.588015,False
2296500,2018-01-28,1.07887,0.550394,False
2296500,2018-01-29,1.27426,0.715822,False
2296500,2018-01-30,1.52628,0.854207,False
2296500,2018-01-31,1.68202,1.03646,False
2296500,2018-02-01,1.75847,1.22245,False
2296500,2018-02-02,1.78113,1.27274,False
2296500,2018-02-03,1.73582,1.32309,False
2296500,2018-02-04,1.6537,1.29265,False
2296500,2018-02-05,1.60839,1.2338,True
2296500,2018-02-06,1.58291,1.15954,True
2296500,2018-02-07,1.56309,1.08973,True
2296500,2018-02-08,1.54893,1.0162,False
2296500,2018-02-09,1.53194,0.951458,False
2296500,2018-02-10,1.49513,0.887263,False
2296500,2018-02-11,1.43283,0.827396,True
2296500,2018-02-12,1.36204,0.774456,True
2296500,2018-02-13,1.31673,0.722199,False
2296500,2018-02-14,1.28558,0.673466,False
2296500,2018-02-15,1.28558,0.628027,False
2296500,2018-02-16,1.29974,0.585654,False
2296500,2018-02-17,1.3139,0.54614,False
2296500,2018-02-18,1.29974,0.509288,False
2296500,2018-02-19,1.2601,0.474925,False
2296500,2018-02-20,1.21196,0.442882,False
2296500,2018-02-21,1.15816,0.414664,False
2296500,2018-02-22,1.10152,0.386678,False
2296500,2018-02-23,1.03639,0.360596,True
2296500,2018-02-24,0.974098,0.337523,False
2296500,2018-02-25,0.917464,0.314751,False
2296500,2018-02-26,0.849504,0.293513,True
2296500,2018-02-27,0.781544,0.273709,True
2296500,2018-02-28,0.716415,0.255243,True
2296500,2018-03-01,0.67394,0.238021,False
2296500,2018-03-02,0.628633,0.221956,True
2296500,2018-03-03,0.574831,0.207818,True
2296500,2018-03-04,0.535188,0.193791,True
2296500,2018-03-05,0.506871,0.180718,True
2296500,2018-03-06,0.478554,0.169155,False
2296500,2018-03-07,0.450237,0.157743,True
2296500,2018-03-08,0.413425,0.147095,True
2296500,2018-03-09,0.396435,0.13717,True
2296500,2018-03-10,0.390772,0.127917,False
2296500,2018-03-11,0.390772,0.119285,False
2296500,2018-03-12,0.379445,0.111237,False
2296500,2018-03-13,0.365287,0.10415,False
2296500,2018-03-14,0.345465,0.0971227,True
2296500,2018-03-15,0.328475,0.0905694,False
2296500,2018-03-16,0.322812,0.0847749,False
2296500,2018-03-17,0.305821,0.0790544,True
2296500,2018-03-18,0.297326,0.0737205,False
2296500,2018-03-19,0.288831,0.0687465,False
2296500,2018-03-20,0.279487,0.0641076,False
2296500,2018-03-21,0.334138,0.143146,False
2296500,2018-03-22,0.458732,0.216134,False
2296500,2018-03-23,0.908969,0.401684,False
2296500,2018-03-24,1.32806,0.628935,False
2296500,2018-03-25,1.29974,0.804948,False
2296500,2018-03-26,1.11002,0.883698,False
2296500,2018-03-27,0.855167,0.958872,False
2296500,2018-03-28,0.659781,0.951458,True
2296500,2018-03-29,0.529524,0.911563,True
2296500,2018-03-30,0.444574,0.863356,True
2296500,2018-03-31,0.385108,0.811372,True
2296500,2018-04-01,0.348297,0.756626,True
2296500,2018-04-02,0.317148,0.70842,True
2296500,2018-04-03,0.286,0.663096,True
2296500,2018-04-04,0.266178,0.618351,True
2296500,2018-04-05,0.246922,0.576632,True
2296500,2018-04-06,0.235029,0.537726,False
2296500,2018-04-07,0.240126,0.501441,False
2296500,2018-04-08,0.226818,0.46761,False
2296500,2018-04-09,0.220871,0.436059,False
2296500,2018-04-10,0.248622,0.408275,False
2296500,2018-04-11,0.521029,0.419913,False
2296500,2018-04-12,0.614475,0.450075,False
2296500,2018-04-13,1.16382,0.609387,False
2296500,2018-04-14,1.46964,0.781887,False
2296500,2018-04-15,1.36487,0.917882,False
2296500,2018-04-16,1.07604,0.977523,False
2296500,2018-04-17,0.764554,1.0321,False
2296500,2018-04-18,0.591821,1.01241,True
2296500,2018-04-19,0.484217,0.969965,True
2296500,2018-04-20,0.413425,0.911563,True
2296500,2018-04-21,0.365287,0.856678,True
2296500,2018-04-22,0.33697,0.798877,True
2296500,2018-04-23,0.325643,0.747975,False
2296500,2018-04-24,0.311485,0.697512,False
2296500,2018-04-25,0.297326,0.652876,True
2296500,2018-04-26,0.276938,0.608825,True
2296500,2018-04-27,0.264762,0.567749,True
2296500,2018-04-28,0.254002,0.529444,True
2296500,2018-04-29,0.249188,0.493721,True
2296500,2018-04-30,0.246639,0.460405,False
2296500,2018-05-01,0.242392,0.42934,False
2296500,2018-05-02,0.233897,0.40037,False
2296500,2018-05-03,0.220871,0.374861,False
2296500,2018-05-04,0.212093,0.349566,False
2296500,2018-05-05,0.204447,0.327199,False
2296500,2018-05-06,0.22342,0.305122,False
2296500,2018-05-07,0.247772,0.284537,False
2296500,2018-05-08,0.241542,0.265341,False
2296500,2018-05-09,0.22342,0.247436,False
2296500,2018-05-10,0.206146,0.230741,False
2296500,2018-05-11,0.197085,0.215174,False
2296500,2018-05-12,0.193121,0.200654,False
2296500,2018-05-13,0.198218,0.187865,False
2296500,2018-05-14,0.291663,0.208553,False
2296500,2018-05-15,0.594653,0.2961,False
2296500,2018-06-17,13.1673,10.9711,True
2296500,2018-06-18,11.2418,10.1897,True
2296500,2018-08-17,11.3834,6.62419,True
2296500,2018-08-18,9.79761,6.17726,True
2296500,2018-08-20,7.81544,5.35023,True
2296500,2018-09-24,12.9974,9.03594,True
2296500,2018-10-02,6.00316,7.38461,True
2296500,2018-10-03,5.12534,6.96603,True
2296500,2018-10-04,4.44574,6.52222,True
2296500,2018-10-06,3.7095,5.693,True
2296500,2018-10-07,3.28475,5.28906,True
2296500,2018-10-08,2.97326,4.93218,True
2296500,2018-10-17,1.95952,2.61962,True
2296500,2018-10-18,1.81794,2.44288,True
2296500,2018-10-19,1.68485,2.26956,True
2296500,2018-10-20,1.56875,2.11644,True
2296500,2018-10-21,1.46964,1.98096,True
2296500,2018-10-22,1.39885,1.84045,False
2296500,2018-10-23,1.33089,1.72269,False
2296500,2018-10-24,1.21196,1.60642,True
2296500,2018-10-25,1.11002,1.49803,True
2296500,2018-10-26,1.02224,1.39699,True
2296500,2018-10-27,0.951444,1.30278,True
2296500,2018-10-28,0.877821,1.21487,True
2296500,2018-10-29,0.815524,1.13288,False
2296500,2018-10-30,0.764554,1.05642,True
2296500,2018-10-31,0.699425,0.985139,True
2296500,2018-11-01,0.662613,0.918663,True
2296500,2018-11-02,0.634296,0.856678,False
2296500,2018-11-03,0.631465,0.798877,False
2296500,2018-11-04,0.617306,0.744971,False
2296500,2018-11-05,0.770217,0.707969,False
2296500,2018-11-06,0.874989,0.711076,False
2296500,2018-11-07,0.821187,0.699745,False
2296500,2018-11-08,0.889148,0.730764,False
2296500,2018-11-09,0.891979,0.741725,False
2296500,2018-11-10,0.807029,0.72783,False
2296500,2018-11-11,0.730573,0.716615,False
2296500,2018-11-12,0.69093,0.686765,False
2296500,2018-11-13,0.713583,0.647836,False
2296500,2018-11-14,0.736237,0.608825,False
2296500,2018-11-15,1.40168,0.787969,False
2296500,2018-11-16,1.26576,0.841047,False
2296500,2018-11-17,0.991088,0.870081,False
2296500,2018-11-18,0.906138,0.908166,False
2296500,2018-11-19,0.852336,0.890584,True
2296500,2018-11-20,0.79287,0.850058,True
2296500,2018-11-21,0.832514,0.798877,False
2296500,2018-11-22,0.781544,0.750781,True
2296500,2018-11-23,0.733405,0.700122,False
2296500,2018-11-24,0.693762,0.655509,False
2296500,2018-11-25,0.642791,0.613576,False
2296500,2018-11-26,0.611643,0.572176,False
2296500,2018-11-27,0.648455,0.563125,False
2296500,2018-11-28,0.651286,0.55445,False
2296500,2018-11-29,0.614475,0.527465,False
2296500,2018-11-30,0.594653,0.513258,False
2296500,2018-12-01,0.586158,0.486117,False
2296500,2018-12-02,0.571999,0.456846,False
2296500,2018-12-03,0.540851,0.42934,True
2296500,2018-12-04,0.518197,0.40037,False
2296500,2018-12-05,0.498376,0.374861,False
2296500,2018-12-06,0.472891,0.349566,True
2296500,2018-12-07,0.450237,0.327199,False
2296500,2018-12-08,0.43891,0.305122,False
2296500,2018-12-09,0.447405,0.284537,False
2296500,2018-12-10,0.535188,0.344479,False
2296500,2018-12-11,0.540851,0.372593,False
2296500,2018-12-12,0.523861,0.379201,False
2296500,2018-12-13,0.498376,0.394201,False
2296500,2018-12-14,0.475722,0.385127,False
2296500,2018-12-15,0.824019,0.500411,False
2296500,2018-12-16,1.26576,0.653484,False
2296500,2018-12-17,1.15816,0.759734,False
2296500,2018-12-18,1.19214,0.811372,False
2296500,2018-12-19,1.24594,0.860133,False
2296500,2018-12-20,1.41867,0.990775,False
2296500,2018-12-27,2.11526,3.29421,True
2296500,2018-12-28,1.93121,3.15602,True
2296500,2018-12-29,1.79245,2.97801,False
2296500,2018-12-30,1.67352,2.7875,False
2296500,2018-12-31,1.56309,2.6099,False
2298123,2018-01-01,1.20063,1.14708,False
2298123,2018-01-02,1.16382,1.04704,False
2298123,2018-01-03,1.38186,1.0348,False
2298123,2018-01-16,1.83776,1.67523,False
2298123,2018-01-17,1.63388,1.57894,False
2298123,2018-01-18,1.81511,1.50914,False
2298123,2018-01-19,1.90855,1.47049,False
2298123,2018-01-20,1.95952,1.3717,False
2298123,2018-01-21,2.05014,1.2978,False
2298123,2018-01-22,1.75281,1.20949,False
2298123,2018-01-23,1.50929,1.11918,False
2298123,2018-01-24,1.4923,1.03531,False
2298123,2018-01-25,1.63105,1.06818,False
2298123,2018-01-26,1.5914,1.06643,False
2298123,2018-01-27,1.30824,1.01648,False
2298123,2018-01-28,1.27426,0.990318,False
2298123,2018-01-29,1.83493,1.07885,False
2298123,2018-02-11,2.68443,2.21175,True
2298123,2018-02-12,2.50321,2.05388,True
2298123,2018-02-16,2.12093,1.49387,False
2298123,2018-02-17,1.93121,1.37703,False
2298123,2018-02-18,1.78113,1.26933,False
2298123,2018-02-19,1.57441,1.16552,True
2298123,2018-02-20,1.37053,1.07851,True
2298123,2018-02-21,1.25443,0.990318,True
2298123,2018-02-22,1.15816,0.916389,True
2298123,2018-02-23,1.0902,0.844716,True
2298123,2018-02-24,1.04489,0.775642,True
2298123,2018-02-25,0.99392,0.717743,True
2298123,2018-02-26,0.965603,0.661603,False
2298123,2018-02-27,0.917464,0.609855,False
2298123,2018-02-28,0.863662,0.562153,True
2298123,2018-03-01,0.80986,0.518183,True
2298123,2018-03-02,0.807029,0.47765,False
2298123,2018-03-03,0.764554,0.440289,False
2298123,2018-03-04,0.716415,0.405856,True
2298123,2018-03-05,0.600316,0.374109,True
2298123,2018-03-06,0.574831,0.34485,False
2298123,2018-03-07,0.555009,0.317876,True
2298123,2018-03-08,0.523861,0.293009,False
2298123,2018-03-09,0.506871,0.270093,False
2298123,2018-03-10,0.501207,0.24897,False
2298123,2018-03-11,0.611643,0.295966,False
2298123,2018-03-12,0.659781,0.327911,False
2298123,2018-03-13,0.617306,0.360961,False
2298123,2018-03-14,0.614475,0.364485,False
2298123,2018-03-15,0.620138,0.371348,False
2298123,2018-03-16,0.495544,0.355214,False
2298123,2018-03-17,0.4559,0.332315,False
2298123,2018-03-18,0.416257,0.3086,False
2298123,2018-03-19,0.396435,0.284462,False
2298123,2018-03-20,0.402099,0.263142,False
2298123,2018-03-21,0.654118,0.314473,False
2298123,2018-03-22,0.583326,0.329728,False
2298123,2018-03-23,0.495544,0.326169,False
2298123,2018-03-24,0.430415,0.332315,False
2298123,2018-03-25,0.407762,0.316649,False
2298123,2018-03-26,0.365287,0.296238,True
2298123,2018-03-27,0.339802,0.275098,True
2298123,2018-03-28,0.317148,0.253582,True
2298123,2018-03-29,0.311485,0.234653,False
2298123,2018-03-30,0.297326,0.216296,True
2298123,2018-03-31,0.288831,0.199375,False
2298123,2018-04-01,0.283168,0.183785,False
2298123,2018-04-02,0.261081,0.170012,True
2298123,2018-04-03,0.252303,0.156713,False
2298123,2018-04-04,0.249188,0.144456,False
2298123,2018-04-05,0.235029,0.133154,False
2298123,2018-04-06,0.21719,0.122737,False
2298123,2018-04-07,0.294495,0.144757,False
2298123,2018-04-08,0.297326,0.155943,False
2298123,2018-04-09,0.277221,0.15327,False
2298123,2018-04-10,0.263063,0.156713,False
2298123,2018-04-11,0.314316,0.175405,False
2298123,2018-04-12,0.348297,0.191071,False
2298123,2018-04-13,0.368118,0.210475,False
2298123,2018-04-14,0.311485,0.209172,False
2298123,2018-04-15,0.300158,0.212297,False
2298123,2018-04-16,0.322812,0.222008,False
2298123,2018-04-17,0.311485,0.220995,False
2298123,2018-04-18,0.281752,0.210729,False
2298123,2018-04-19,0.243808,0.204578,False
2298123,2018-04-20,0.220588,0.192812,True
2298123,2018-04-21,0.21181,0.179057,False
2298123,2018-04-22,0.205014,0.165689,False
2298123,2018-04-23,0.2002,0.152726,False
2298123,2018-04-24,0.205863,0.140787,False
2298123,2018-04-25,0.21634,0.130231,False
2298123,2018-04-26,0.207562,0.120045,False
2298123,2018-04-27,0.216624,0.110655,False
2298123,2018-04-28,0.223703,0.102,False
2298123,2018-04-29,0.229649,0.094022,False
2298123,2018-04-30,0.248338,0.114901,False
2298123,2018-05-01,0.196519,0.116216,False
2298123,2018-05-02,0.205014,0.116542,False
2298123,2018-05-03,0.19935,0.117407,False
2298123,2018-05-04,0.196235,0.112305,False
2298123,2018-05-05,0.205863,0.104694,False
2298123,2018-05-06,0.228233,0.119547,False
2298123,2018-05-07,0.252869,0.131766,False
2298123,2018-05-08,0.24494,0.141939,False
2298123,2018-05-09,0.243524,0.142882,False
2298123,2018-05-10,0.249754,0.144456,False
2298123,2018-05-11,0.257683,0.138177,False
2298123,2018-05-12,0.252869,0.129271,False
2298123,2018-05-13,0.291663,0.148987,False
2298123,2018-05-14,0.478554,0.191215,False
2298123,2018-05-15,0.688098,0.260741,False
2298123,2018-05-16,1.8774,0.484983,False
2298123,2018-07-14,9.48613,4.61973,True
2298123,2018-09-08,10.194,7.17807,True
2298123,2018-09-23,7.67385,6.16626,True
2298123,2018-09-25,6.17306,5.22078,True
2298123,2018-09-26,5.46514,4.8125,True
2298123,2018-09-29,4.47405,3.74144,True
2298123,2018-09-30,3.93604,3.44878,True
2298123,2018-10-01,3.51128,3.17905,True
2298123,2018-10-02,3.22812,2.93044,True
2298123,2018-10-03,3.0299,2.70116,True
2298123,2018-10-04,2.76655,2.48032,True
2298123,2018-10-06,2.43808,2.10752,True
2298123,2018-10-07,2.2342,1.94265,True
2298123,2018-10-08,2.12942,1.79068,False
2298123,2018-10-09,2.05863,1.65064,False
2298123,2018-10-10,2.11526,1.52153,False
2298123,2018-10-16,3.1998,2.17083,True
2298123,2018-10-17,2.7354,2.0309,True
2298123,2018-10-18,2.42392,1.88594,True
2298123,2018-10-19,2.17756,1.73843,True
2298123,2018-10-20,2.01049,1.60249,False
2298123,2018-10-21,1.82077,1.47714,True
2298123,2018-10-22,1.61972,1.36157,True
2298123,2018-10-23,1.46681,1.25995,True
2298123,2018-10-24,1.32523,1.15694,True
2298123,2018-10-25,1.2516,1.06643,False
2298123,2018-10-26,1.17798,0.986817,True
2298123,2018-10-27,1.10152,0.906128,True
2298123,2018-10-28,1.04206,0.838484,False
2298123,2018-10-29,1.00525,0.772899,False
2298123,2018-10-30,0.894811,0.712448,True
2298123,2018-10-31,0.852336,0.656725,False
2298123,2018-11-01,0.764554,0.605359,False
2298123,2018-11-02,0.750395,0.558003,False
2298123,2018-11-03,0.807029,0.562153,False
2298123,2018-11-04,0.838177,0.559988,False
2298123,2018-11-05,1.5376,0.668501,False
2298123,2018-11-06,1.70467,0.778166,False
2298123,2018-11-07,1.62538,0.8857,False
2298123,2018-11-08,1.5461,0.899444,False
2298123,2018-11-09,1.38469,0.923206,False
2298123,2018-11-10,1.24028,0.883084,True
2298123,2018-11-11,1.16382,0.826157,False
2298123,2018-11-12,1.11002,0.767199,False
2298123,2018-11-13,0.968435,0.709705,False
2298123,2018-11-14,0.965603,0.654196,False
2298123,2018-11-15,1.59424,0.771528,False
2298123,2018-11-16,1.79812,0.869572,False
2298123,2018-11-17,1.67352,0.948848,False
2298123,2018-11-18,1.70467,0.961424,False
2298123,2018-11-19,1.60556,0.975764,False
2298123,2018-11-20,1.49513,0.933368,False
2298123,2018-11-21,1.37053,0.8732,True
2298123,2018-11-22,1.23744,0.81088,True
2298123,2018-11-23,1.18364,0.747459,True
2298123,2018-11-24,1.09586,0.691655,False
2298123,2018-11-25,1.11285,0.637552,False
2298123,2018-11-26,1.00525,0.587691,True
2298123,2018-11-27,1.01091,0.541725,False
2298123,2018-11-28,0.99392,0.499352,False
2298123,2018-11-29,0.923128,0.460295,False
2298123,2018-11-30,0.897643,0.424288,False
2298123,2018-12-01,0.784375,0.391105,True
2298123,2018-12-02,0.747564,0.360509,False
2298123,2018-12-03,0.72491,0.332315,False
2298123,2018-12-04,0.727742,0.307407,False
2298123,2018-12-05,0.804197,0.373987,False
2298123,2018-12-06,0.852336,0.414259,False
2298123,2018-12-07,0.795702,0.4611,False
2298123,2018-12-08,0.733405,0.467164,False
2298123,2018-12-09,0.727742,0.47765,False
2298123,2018-12-10,0.778712,0.501291,False
2298123,2018-12-11,0.790039,0.514549,False
2298123,2018-12-12,0.77588,0.492014,False
2298123,2018-12-13,0.826851,0.534172,False
2298123,2018-12-14,0.829682,0.543646,False
2298123,2018-12-15,0.948613,0.584074,False
2298123,2018-12-16,1.04772,0.633634,False
2298123,2018-12-17,1.06754,0.668704,False
2298123,2018-12-18,1.07038,0.663953,False
2298123,2018-12-19,1.18364,0.734769,False
2298123,2018-12-20,1.11568,0.747251,False
2298123,2018-12-21,1.58008,0.852593,False
2298123,2018-12-22,1.98501,0.987274,False
2298123,2018-12-25,2.09544,1.29282,False
2298123,2018-12-26,1.97934,1.31209,False
2298123,2018-12-27,1.66503,1.25509,False
2298123,2018-12-28,1.60839,1.17419,False
2298123,2018-12-29,1.91988,1.2253,False
2298123,2018-12-30,1.81511,1.2228,False
2298123,2018-12-31,1.52344,1.17003,False
2295013,2018-01-01,0.13762,0.131814,False
2295013,2018-01-02,0.140451,0.121672,False
2295013,2018-01-03,0.188307,0.128154,False
2295013,2018-01-04,0.220305,0.136505,False
2295013,2018-01-05,0.188873,0.131823,False
2295013,2018-01-06,0.175847,0.133003,False
2295013,2018-01-07,0.168202,0.127216,False
2295013,2018-01-08,0.165653,0.12059,False
2295013,2018-01-09,0.203598,0.130677,False
2295013,2018-01-10,0.219738,0.138293,False
2295013,2018-01-11,0.206429,0.146753,False
2295013,2018-01-12,0.286,0.168368,False
2295013,2018-01-13,0.277788,0.181811,False
2295013,2018-01-14,0.244374,0.183287,False
2295013,2018-01-15,0.232198,0.186586,False
2295013,2018-01-16,0.218323,0.179288,False
2295013,2018-01-17,0.214075,0.169172,False
2295013,2018-01-18,0.198218,0.158947,True
2295013,2018-01-19,0.189439,0.148015,True
2295013,2018-01-20,0.185475,0.138466,True
2295013,2018-01-21,0.182927,0.128941,False
2295013,2018-01-22,0.179245,0.12059,False
2295013,2018-01-23,0.175847,0.112296,False
2295013,2018-01-24,0.164804,0.104572,True
2295013,2018-01-25,0.150929,0.0973791,False
2295013,2018-01-26,0.143849,0.0906811,False
2295013,2018-01-27,0.14215,0.0844433,False
2295013,2018-01-28,0.146115,0.0786348,False
2295013,2018-01-29,0.269293,0.109925,False
2295013,2018-01-30,0.245223,0.124728,False
2295013,2018-01-31,0.209544,0.128345,False
2295013,2018-02-01,0.19482,0.136609,False
2295013,2018-02-02,0.18236,0.134196,False
2295013,2018-02-03,0.171317,0.127216,False
2295013,2018-02-04,0.180944,0.130758,False
2295013,2018-02-05,0.441742,0.176985,False
2295013,2018-02-06,0.35396,0.193385,False
2295013,2018-02-07,0.311485,0.200365,False
2295013,2018-02-08,0.288831,0.209497,False
2295013,2018-02-09,0.273823,0.20397,True
2295013,2018-02-10,0.26193,0.193356,False
2295013,2018-02-11,0.252869,0.181667,False
2295013,2018-02-12,0.239277,0.169954,True
2295013,2018-02-13,0.222853,0.158264,True
2295013,2018-02-14,0.214925,0.148015,False
2295013,2018-02-15,0.208128,0.13783,False
2295013,2018-02-16,0.198501,0.128345,False
2295013,2018-02-17,0.190006,0.119519,True
2295013,2018-02-18,0.178962,0.1113,True
2295013,2018-02-19,0.17075,0.103644,True
2295013,2018-02-20,0.164237,0.096515,True
2295013,2018-02-21,0.156026,0.0898767,True
2295013,2018-02-22,0.151778,0.0836944,False
2295013,2018-02-23,0.146115,0.0779375,True
2295013,2018-02-24,0.140734,0.072577,True
2295013,2018-02-25,0.136204,0.0675845,False
2295013,2018-02-26,0.132523,0.0629358,False
2295013,2018-02-27,0.126576,0.0588785,True
2295013,2018-02-28,0.122329,0.0548287,True
2295013,2018-03-01,0.119497,0.0510573,False
2295013,2018-03-02,0.115816,0.0475451,True
2295013,2018-03-03,0.110436,0.0442749,True
2295013,2018-03-04,0.107321,0.0412292,True
2295013,2018-03-05,0.105905,0.0385584,True
2295013,2018-03-06,0.103639,0.0359063,True
2295013,2018-03-07,0.102224,0.0334363,True
2295013,2018-03-08,0.0999583,0.0311366,False
2295013,2018-03-09,0.0988256,0.0289948,False
2295013,2018-03-10,0.099392,0.027,False
2295013,2018-03-11,0.101374,0.0251429,False
2295013,2018-03-12,0.0996751,0.0234138,False
2295013,2018-03-13,0.0965603,0.0218032,False
2295013,2018-03-14,0.0948613,0.0203032,False
2295013,2018-03-15,0.0928791,0.0189068,True
2295013,2018-03-16,0.0903306,0.0176065,True
2295013,2018-03-17,0.0903306,0.0163953,False
2295013,2018-03-18,0.0897643,0.0152674,False
2295013,2018-03-19,0.0894811,0.014217,False
2295013,2018-03-20,0.13762,0.0369334,False
2295013,2018-03-21,0.255418,0.0714618,False
2295013,2018-03-22,0.143,0.074224,False
2295013,2018-03-23,0.114966,0.087912,False
2295013,2018-03-24,0.102224,0.0898767,False
2295013,2018-03-25,0.0931623,0.0867303,True
2295013,2018-03-26,0.0866494,0.0818646,False
2295013,2018-03-27,0.0795702,0.0769161,True
2295013,2018-03-28,0.0722078,0.0719334,True
2295013,2018-03-29,0.0662613,0.0669855,True
2295013,2018-03-30,0.0614475,0.0623779,True
2295013,2018-03-31,0.0588989,0.0580874,False
2295013,2018-04-01,0.0566336,0.054092,False
2295013,2018-04-02,0.0515366,0.0503709,True
2295013,2018-04-03,0.0484217,0.0469062,True
2295013,2018-04-04,0.0450237,0.04368,True
2295013,2018-04-05,0.0430415,0.040864,False
2295013,2018-04-06,0.0410594,0.0380532,False
2295013,2018-04-07,0.0402099,0.0354358,False
2295013,2018-04-08,0.0427584,0.034474,False
2295013,2018-04-09,0.0453069,0.0341846,False
2295013,2018-04-10,0.0744732,0.0400874,False
2295013,2018-04-11,0.110152,0.0515179,False
2295013,2018-04-12,0.0739068,0.0512766,False
2295013,2018-04-13,0.060598,0.0550642,False
2295013,2018-04-14,0.0532356,0.0543426,True
2295013,2018-04-15,0.0489881,0.051735,True
2295013,2018-04-16,0.0472891,0.0486076,False
2295013,2018-04-17,0.043891,0.0456696,True
2295013,2018-04-18,0.0407762,0.0425278,True
2295013,2018-04-19,0.038794,0.0396024,True
2295013,2018-04-20,0.0373782,0.0368785,True
2295013,2018-04-21,0.0362455,0.0345012,False
2295013,2018-04-22,0.0359623,0.0321279,False
2295013,2018-04-23,0.0334138,0.0299184,True
2295013,2018-04-24,0.031998,0.0278605,True
2295013,2018-04-25,0.0314316,0.0259439,False
2295013,2018-04-26,0.0305821,0.0241591,False
2295013,2018-04-27,0.0297326,0.0225943,True
2295013,2018-04-28,0.0277505,0.0210399,True
2295013,2018-04-29,0.0271841,0.0195926,True
2295013,2018-04-30,0.0263346,0.0182448,True
2295013,2018-05-01,0.0257683,0.0169902,True
2295013,2018-05-02,0.025202,0.0158218,False
2295013,2018-05-03,0.0246356,0.0147332,False
2295013,2018-05-04,0.0243524,0.0137199,False
2295013,2018-05-05,0.0280336,0.0155718,False
2295013,2018-05-06,0.0710752,0.0257587,False
2295013,2018-05-07,0.0628633,0.0310538,False
2295013,2018-05-08,0.0430415,0.0337355,False
2295013,2018-05-09,0.0359623,0.0368785,False
2295013,2018-05-10,0.0325643,0.0365515,False
2295013,2018-05-11,0.030299,0.0349595,False
2295013,2018-05-12,0.0297326,0.0328461,False
2295013,2018-05-13,0.0322812,0.0308605,False
2295013,2018-05-14,0.0603148,0.0350255,False
2295013,2018-05-15,0.0925959,0.0434086,False
2295013,2018-05-16,0.13054,0.0589387,False
2295013,2018-05-17,0.201616,0.0853171,False
2295013,2018-05-18,0.37095,0.13489,False
2295013,2018-05-19,0.237012,0.139063,False
2295013,2018-05-20,0.286,0.174919,False
2295013,2018-05-22,0.447405,0.267928,False
2295013,2018-05-23,0.356792,0.28239,False
2295013,2018-05-24,0.243808,0.292633,False
2295013,2018-05-25,0.199633,0.283605,False
2295013,2018-05-26,0.209261,0.268843,False
2295013,2018-05-27,0.233614,0.252587,False
2295013,2018-05-28,0.259665,0.239381,False
2295013,2018-05-29,0.25655,0.226875,False
2295013,2018-06-19,0.99392,1.12812,True
2295013,2018-10-06,2.33047,1.08399,True
2295013,2018-10-07,2.08978,1.01376,True
2295013,2018-10-08,1.92271,0.939994,True
2295013,2018-10-09,1.71317,0.879097,True
2295013,2018-10-12,1.43,0.709878,True
2295013,2018-10-13,1.3054,0.661053,True
2295013,2018-10-14,1.19214,0.612951,True
2295013,2018-10-15,1.09303,0.573241,True
2295013,2018-10-16,0.999583,0.533814,True
2295013,2018-10-17,0.906138,0.497095,True
2295013,2018-10-18,0.829682,0.462899,True
2295013,2018-10-19,0.761722,0.431059,True
2295013,2018-10-20,0.705088,0.401412,True
2295013,2018-10-22,0.62297,0.34809,True
2295013,2018-10-23,0.571999,0.324149,True
2295013,2018-10-24,0.535188,0.301852,True
2295013,2018-10-25,0.506871,0.281088,True
2295013,2018-10-28,0.464396,0.226985,True
2295013,2018-10-29,0.441742,0.211372,True
2295013,2018-10-30,0.424752,0.196829,True
2295013,2018-10-31,0.402099,0.183287,False
2295013,2018-11-01,0.38794,0.170683,False
2295013,2018-11-02,0.399267,0.158947,False
2295013,2018-11-03,0.444574,0.198437,False
2295013,2018-11-11,0.637128,0.578368,True
2295013,2018-11-12,0.574831,0.555741,True
2295013,2018-11-13,0.521029,0.524387,True
2295013,2018-11-16,0.441742,0.42724,True
2295013,2018-11-17,0.40493,0.397853,True
2295013,2018-11-18,0.385108,0.370486,True
2295013,2018-11-19,0.365287,0.345,False
2295013,2018-11-20,0.348297,0.321267,False
2295013,2018-11-21,0.328475,0.299172,True
2295013,2018-11-22,0.305821,0.278594,True
2295013,2018-11-23,0.294495,0.259433,False
2295013,2018-11-24,0.275806,0.241591,False
2295013,2018-11-25,0.255418,0.224971,False
2295013,2018-11-26,0.243241,0.210469,False
2295013,2018-11-27,0.300158,0.214334,False
2295013,2018-11-28,0.267311,0.208449,False
2295013,2018-11-29,0.253152,0.201296,False
2295013,2018-11-30,0.248055,0.195087,False
2295013,2018-12-01,0.240976,0.184931,False
2295013,2018-12-02,0.235596,0.173756,False
2295013,2018-12-03,0.226251,0.162552,False
2295013,2018-12-04,0.281752,0.17533,False
2295013,2018-12-05,0.288831,0.183762,False
2295013,2018-12-06,0.264479,0.178461,False
2295013,2018-12-07,0.253719,0.180058,False
2295013,2018-12-08,0.247772,0.173009,False
2295013,2018-12-09,0.31998,0.191094,False
2295013,2018-12-10,0.382277,0.21099,False
2295013,2018-12-11,0.314316,0.205793,False
2295013,2018-12-12,0.291663,0.210469,False
2295013,2018-12-13,0.281469,0.20397,False
2295013,2018-12-14,0.278637,0.192529,False
2295013,2018-12-27,2.19455,1.06942,True
2295013,2018-12-28,1.95103,1.00047,True
2266200,2018-01-14,0.215774,0.114583,True
2266200,2018-01-15,0.206146,0.108141,True
2266200,2018-01-18,0.181794,0.0905613,True
2266200,2018-01-19,0.173299,0.0851684,True
2266200,2018-01-20,0.168202,0.0803779,True
2266200,2018-01-24,0.152344,0.0633027,True
2266200,2018-01-25,0.146115,0.0597425,True
2266200,2018-01-26,0.140734,0.0561719,False
2266200,2018-01-27,0.136204,0.0530122,False
2266200,2018-01-28,0.140168,0.0500307,False
2266200,2018-02-11,0.199067,0.133391,True
2266200,2018-02-14,0.190289,0.112125,True
2266200,2018-02-15,0.184342,0.105818,True
2266200,2018-02-16,0.179812,0.0998663,True
2266200,2018-02-17,0.174431,0.0938981,True
2266200,2018-02-22,0.149796,0.0697917,False
2266200,2018-02-23,0.143566,0.0658657,False
2266200,2018-02-24,0.136487,0.0619433,True
2266200,2018-02-25,0.129408,0.0584595,True
2266200,2018-02-26,0.123461,0.0551713,False
2266200,2018-02-27,0.116665,0.0518738,True
2266200,2018-02-28,0.110436,0.048956,True
2266200,2018-03-01,0.105055,0.0460405,False
2266200,2018-03-02,0.0999583,0.0434514,False
2266200,2018-03-03,0.0920296,0.0410069,True
2266200,2018-03-04,0.0852336,0.0385567,True
2266200,2018-03-05,0.079287,0.0363877,True
2266200,2018-03-06,0.0739068,0.0342205,False
2266200,2018-03-07,0.0730573,0.0322957,False
2266200,2018-03-08,0.0665445,0.0304792,True
2266200,2018-03-09,0.0608811,0.028658,True
2266200,2018-03-10,0.0569168,0.0270457,True
2266200,2018-03-11,0.0549346,0.0255243,False
2266200,2018-03-12,0.0526692,0.0240046,False
2266200,2018-03-13,0.0467227,0.0226545,True
2266200,2018-03-14,0.0433247,0.0213003,True
2266200,2018-03-15,0.0399267,0.0201024,True
2266200,2018-03-16,0.0368118,0.0189716,True
2266200,2018-03-17,0.0348297,0.017842,True
2266200,2018-03-18,0.0328475,0.0168385,True
2266200,2018-03-19,0.0314316,0.0158912,True
2266200,2018-03-20,0.0314316,0.0149416,False
2266200,2018-03-21,0.0311485,0.0141013,False
2266200,2018-03-22,0.0294495,0.0133079,True
2266200,2018-03-23,0.0274673,0.012515,True
2266200,2018-03-24,0.0257683,0.0118113,True
2266200,2018-03-25,0.0243524,0.0111056,True
2266200,2018-03-26,0.0232198,0.010481,False
2266200,2018-03-27,0.0223703,0.00989144,False
2266200,2018-03-28,0.0203881,0.00930237,True
2266200,2018-03-29,0.0186891,0.00877911,True
2266200,2018-03-30,0.0172732,0.0082853,True
2266200,2018-03-31,0.0167069,0.00779016,False
2266200,2018-04-01,0.0161406,0.00735197,False
2266200,2018-04-02,0.0155742,0.00693848,False
2266200,2018-04-03,0.0167069,0.00912384,False
2266200,2018-04-04,0.0155742,0.0102422,False
2266200,2018-04-05,0.0141584,0.010711,False
2266200,2018-04-06,0.0127426,0.0114318,False
2266200,2018-04-07,0.0118931,0.0113918,False
2266200,2018-04-08,0.0116099,0.0109869,False
2266200,2018-04-09,0.0116099,0.010481,False
2266200,2018-04-10,0.0325643,0.0156947,False
2266200,2018-04-11,0.0688098,0.0282928,False
2266200,2018-04-12,0.0722078,0.0390353,False
2266200,2018-04-13,0.0736237,0.0436036,False
2266200,2018-04-14,0.0693762,0.0494959,False
2266200,2018-04-15,0.0668276,0.0503935,False
2266200,2018-04-16,0.063996,0.0493113,False
2266200,2018-04-17,0.0563504,0.0470515,True
2266200,2018-04-18,0.0498376,0.0447269,True
2266200,2018-04-19,0.0433247,0.04236,True
2266200,2018-04-20,0.0382277,0.0399774,True
2266200,2018-04-21,0.033697,0.0377286,True
2266200,2018-04-22,0.0311485,0.0354815,True
2266200,2018-04-23,0.030299,0.0334861,False
2266200,2018-04-24,0.0283168,0.0316024,False
2266200,2018-04-25,0.0249188,0.0297141,True
2266200,2018-04-26,0.0215208,0.0280428,True
2266200,2018-04-27,0.0184059,0.0264653,True
2266200,2018-04-28,0.0158574,0.0248889,True
2266200,2018-04-29,0.0135921,0.023489,True
2266200,2018-04-30,0.0116099,0.0220856,True
2266200,2018-05-01,0.010194,0.0208432,True
2266200,2018-05-02,0.00877821,0.0196707,True
2266200,2018-05-03,0.0079287,0.0184994,False
2266200,2018-05-04,0.0070792,0.0174583,False
2266200,2018-05-05,0.00679603,0.0164149,False
2266200,2018-05-06,0.00906138,0.0154919,False
2266200,2018-05-07,0.0124594,0.0146209,False
2266200,2018-05-08,0.0152911,0.0139954,False
2266200,2018-05-09,0.0167069,0.0139479,False
2266200,2018-05-10,0.0167069,0.014,False
2266200,2018-05-11,0.0155742,0.0135995,False
2266200,2018-05-12,0.0147247,0.0133576,False
2266200,2018-05-13,0.0192554,0.0144022,False
2266200,2018-05-14,0.0402099,0.0208617,False
2266200,2018-05-15,0.0555009,0.0286036,False
2266200,2018-05-16,0.0761722,0.0417367,False
2266200,2018-05-17,0.107604,0.0593542,False
2266200,2018-05-18,0.123178,0.078272,False
2266200,2018-05-25,0.38794,0.362101,True
2266200,2018-05-26,0.35396,0.349236,True
2266200,2018-06-05,0.281469,0.250347,True
2266200,2018-06-06,0.263629,0.237101,True
2266200,2018-06-07,0.25117,0.223767,True
2266200,2018-06-20,0.416257,0.344213,True
2266200,2018-06-21,0.38794,0.327216,True
2266200,2018-06-22,0.368118,0.309896,True
2266200,2018-06-25,0.331307,0.260486,True
2266200,2018-07-17,0.40493,0.330752,True
2266200,2018-09-13,0.478554,0.186082,True
2266200,2018-10-17,0.385108,0.285179,True
2266200,2018-10-18,0.365287,0.269144,True
2266200,2018-10-21,0.31998,0.225388,True
2266200,2018-10-22,0.300158,0.211968,True
2266200,2018-10-25,0.259099,0.177512,True
2266200,2018-10-28,0.222287,0.148131,True
2266200,2018-10-29,0.210394,0.139797,True
2266200,2018-10-30,0.199917,0.131476,True
2266200,2018-10-31,0.189156,0.12408,True
2266200,2018-11-13,0.218323,0.142367,True
2266200,2018-11-16,0.2002,0.119225,True
2266200,2018-11-17,0.193404,0.112519,True
2266200,2018-11-18,0.189156,0.10619,True
2266200,2018-11-21,0.17698,0.0886163,True
2266200,2018-11-22,0.171883,0.0836319,True
2266200,2018-11-24,0.163105,0.0742274,True
2266200,2018-11-25,0.156309,0.0700527,True
2266200,2018-11-27,0.149796,0.0621609,False
2266200,2018-11-28,0.142717,0.0584595,True
2266200,2018-11-29,0.137053,0.0551713,True
2266200,2018-11-30,0.13139,0.0520677,True
2266200,2018-12-01,0.129125,0.048956,False
2266200,2018-12-02,0.12516,0.0462025,False
2266200,2018-12-03,0.125443,0.0436036,False
2268390,2018-01-18,1.18647,0.956192,True
2268390,2018-01-19,1.17515,0.944653,True
2268390,2018-01-20,1.16665,0.935532,True
2268390,2018-01-21,1.16665,0.924271,False
2268390,2018-01-22,1.16099,0.913119,False
2268390,2018-01-23,1.15816,0.904306,False
2268390,2018-01-24,1.15816,0.895573,False
2268390,2018-01-25,1.15816,0.884792,False
2268390,2018-01-26,1.16099,0.874115,False
2268390,2018-01-27,1.16099,0.865677,False
2268390,2018-01-28,1.16099,0.857321,False
2268390,2018-02-03,1.18081,0.804936,False
2268390,2018-02-04,1.18081,0.797164,False
2268390,2018-02-13,1.23744,0.789468,True
2268390,2018-02-14,1.20913,0.781846,True
2268390,2018-02-16,1.16665,0.766829,False
2268390,2018-02-17,1.14117,0.759427,True
2268390,2018-02-18,1.11568,0.752095,True
2268390,2018-02-19,1.09586,0.744838,True
2268390,2018-02-20,1.07321,0.737645,False
2268390,2018-02-21,1.05338,0.730521,False
2268390,2018-02-22,1.0279,0.723472,True
2268390,2018-02-23,1.00525,0.716487,True
2268390,2018-02-24,0.985425,0.709572,True
2268390,2018-02-25,0.962771,0.702726,True
2268390,2018-02-26,0.957108,0.695937,False
2268390,2018-02-27,0.937286,0.689219,True
2268390,2018-02-28,0.920296,0.682569,True
2268390,2018-03-01,0.906138,0.675978,False
2268390,2018-03-02,0.894811,0.66945,False
2268390,2018-03-03,0.874989,0.664595,True
2268390,2018-03-04,0.857999,0.659786,True
2268390,2018-03-05,0.843841,0.653414,True
2268390,2018-03-06,0.829682,0.647106,True
2268390,2018-03-07,0.838177,0.640862,False
2268390,2018-03-08,0.826851,0.634676,True
2268390,2018-03-09,0.815524,0.628547,False
2268390,2018-03-10,0.80986,0.622477,False
2268390,2018-03-11,0.80986,0.617957,False
2268390,2018-03-12,0.818356,0.613484,False
2268390,2018-03-13,0.826851,0.607564,False
2268390,2018-03-14,0.826851,0.601701,False
2268390,2018-03-15,0.821187,0.595891,False
2268390,2018-03-16,0.80986,0.591562,False
2268390,2018-03-17,0.798534,0.58728,False
2268390,2018-03-18,0.787207,0.581615,False
2268390,2018-03-19,0.778712,0.576001,False
2268390,2018-03-20,0.795702,0.57044,False
2268390,2018-03-21,0.880652,0.574641,False
2268390,2018-03-22,0.863662,0.577407,False
2268390,2018-03-23,0.852336,0.577396,False
2268390,2018-03-24,0.832514,0.580203,False
2268390,2018-03-25,0.812692,0.577396,True
2268390,2018-03-26,0.795702,0.574601,False
2268390,2018-03-27,0.77588,0.57044,False
2268390,2018-03-28,0.753227,0.566302,True
2268390,2018-03-29,0.730573,0.562205,True
2268390,2018-03-30,0.710752,0.556777,True
2268390,2018-03-31,0.69093,0.5514,True
2268390,2018-04-01,0.676772,0.547396,True
2268390,2018-04-02,0.659781,0.543432,False
2268390,2018-04-03,0.645623,0.538189,True
2268390,2018-04-04,0.628633,0.532992,True
2268390,2018-04-05,0.614475,0.529126,False
2268390,2018-04-06,0.597484,0.525295,False
2268390,2018-04-07,0.586158,0.52022,False
2268390,2018-04-08,0.608811,0.515203,False
2268390,2018-04-09,0.654118,0.513953,False
2268390,2018-04-10,0.744732,0.516464,False
2268390,2018-04-11,0.886316,0.521522,False
2268390,2018-04-12,0.889148,0.530463,False
2268390,2018-04-13,0.900474,0.534282,False
2268390,2018-04-14,0.877821,0.538189,False
2268390,2018-04-15,0.826851,0.538189,False
2268390,2018-04-16,0.781544,0.535584,True
2268390,2018-04-17,0.733405,0.532992,True
2268390,2018-04-18,0.696593,0.527847,True
2268390,2018-04-19,0.662613,0.524016,False
2268390,2018-04-20,0.634296,0.52022,False
2268390,2018-04-21,0.614475,0.515203,False
2268390,2018-04-22,0.654118,0.513953,False
2268390,2018-04-23,0.744732,0.516464,False
2268390,2018-04-24,0.730573,0.51897,False
2268390,2018-04-25,0.702257,0.518958,False
2268390,2018-04-26,0.682435,0.518958,False
2268390,2018-04-27,0.659781,0.517708,False
2268390,2018-04-28,0.631465,0.515203,True
2268390,2018-04-29,0.608811,0.510231,True
2268390,2018-04-30,0.588989,0.50776,True
2268390,2018-05-01,0.591821,0.502859,False
2268390,2018-05-02,0.577663,0.499207,False
2268390,2018-05-03,0.560673,0.495596,False
2268390,2018-05-04,0.543683,0.49081,False
2268390,2018-05-05,0.538019,0.487245,False
2268390,2018-05-06,0.594653,0.486065,False
2268390,2018-05-07,0.586158,0.483715,False
2268390,2018-05-08,0.566336,0.480214,False
2268390,2018-05-09,0.557841,0.479051,False
2268390,2018-05-10,0.546514,0.475573,False
2268390,2018-05-11,0.538019,0.47213,False
2268390,2018-05-12,0.532356,0.468704,False
2268390,2018-05-13,0.569168,0.467569,False
2268390,2018-05-14,0.705088,0.468715,False
2268390,2018-05-15,0.770217,0.47331,False
2268390,2018-05-16,0.968435,0.485006,False
2268390,2018-08-15,1.716,1.26071,True
2268390,2018-08-18,1.53477,1.21273,True
2268390,2018-08-19,1.47814,1.1952,True
2268390,2018-08-20,1.43283,1.17789,True
2268390,2018-08-21,1.40451,1.16089,True
2268390,2018-09-09,1.73299,1.25457,True
2268390,2018-09-29,2.37295,1.68241,True
2268390,2018-09-30,2.21437,1.6581,True
2268390,2018-10-01,2.09544,1.62627,True
2268390,2018-10-02,2.002,1.59502,True
2268390,2018-10-03,1.90289,1.56435,True
2268390,2018-10-04,1.82927,1.53432,True
2268390,2018-10-05,1.78396,1.50486,True
2268390,2018-10-07,1.73865,1.44757,True
2268390,2018-10-10,1.64237,1.37234,True
2268390,2018-10-14,1.43566,1.28229,True
2268390,2018-10-15,1.3762,1.26377,True
2268390,2018-10-16,1.33655,1.24248,True
2268390,2018-10-17,1.29691,1.22454,True
2268390,2018-10-18,1.26293,1.20683,True
2268390,2018-10-19,1.22612,1.18941,True
2268390,2018-10-20,1.19214,1.17222,True
2268390,2018-10-21,1.16948,1.15527,False
2268390,2018-10-22,1.13834,1.14135,True
2268390,2018-10-23,1.11002,1.12761,True
2268390,2018-10-24,1.09303,1.11133,False
2268390,2018-10-25,1.07321,1.09527,False
2268390,2018-10-26,1.07038,1.08205,False
2268390,2018-10-27,1.0902,1.06903,False
2268390,2018-10-28,1.07604,1.05613,False
2268390,2018-10-29,1.05905,1.04341,False
2268390,2018-10-30,1.04772,1.02834,False
2268390,2018-10-31,1.03073,1.01593,False
2268390,2018-11-01,1.01374,1.00613,False
2268390,2018-11-02,1.01657,0.994016,False
2268390,2018-11-03,1.0194,0.98202,False
2268390,2018-11-04,1.03639,0.970203,False
2268390,2018-11-11,1.3139,1.00368,True
2268390,2018-11-12,1.24311,0.996418,True
2268390,2018-11-13,1.18931,0.9868,True
2268390,2018-11-14,1.14683,0.977274,True
2268390,2018-11-15,1.11851,0.967841,False
2268390,2018-11-16,1.08453,0.958495,True
2268390,2018-11-17,1.05338,0.946956,True
2268390,2018-11-18,1.0279,0.935532,True
2268390,2018-11-19,1.01091,0.926499,True
2268390,2018-11-20,0.996751,0.915347,False
2268390,2018-11-21,0.979761,0.904306,True
2268390,2018-11-22,0.962771,0.895573,True
2268390,2018-11-23,0.951444,0.886927,False
2268390,2018-11-24,0.937286,0.87625,False
2268390,2018-11-25,0.923128,0.865677,False
2268390,2018-11-26,0.917464,0.857321,False
2268390,2018-11-27,0.965603,0.849045,False
2268390,2018-11-28,0.968435,0.840851,False
2268390,2018-11-29,0.971266,0.832731,False
2268390,2018-11-30,0.968435,0.822708,False
2268390,2018-12-01,0.95994,0.812784,False
2268390,2018-12-02,0.951444,0.804936,False
2268390,2018-12-03,0.937286,0.797164,False
2268390,2018-12-04,0.951444,0.789468,False
2268390,2018-12-05,0.948613,0.781846,False
2268390,2018-12-06,0.937286,0.7743,False
2268390,2018-12-07,0.931623,0.766829,False
2268390,2018-12-08,0.925959,0.759427,False
2268390,2018-12-09,0.962771,0.752095,False
2268390,2018-12-10,1.0279,0.752095,False
2268390,2018-12-11,1.02507,0.752095,False
2268390,2018-12-12,1.03356,0.750266,False
2268390,2018-12-13,1.03639,0.748455,False
2268390,2018-12-14,1.03073,0.744838,False
2268390,2018-12-26,1.64521,0.928744,True
2268390,2018-12-27,1.52628,0.926499,True
2268390,2018-12-28,1.44133,0.92202,True
